solid ascii
  facet normal 0.000000e+000 0.000000e+000 1.000000e+000
    outer loop
      vertex   -7.494942e+001 4.260327e+000 5.625006e+000
      vertex   -7.244942e+001 4.260327e+000 5.625006e+000
      vertex   -7.494942e+001 7.723024e+000 5.625006e+000
    endloop
  endfacet
  facet normal -0.000000e+000 0.000000e+000 8.107722e-001
    outer loop
      vertex   -7.494942e+001 7.723024e+000 5.625006e+000
      vertex   -7.244942e+001 4.260327e+000 5.625006e+000
      vertex   -7.244942e+001 7.723024e+000 5.625006e+000
    endloop
  endfacet
  facet normal 1.000000e+000 -0.000000e+000 0.000000e+000
    outer loop
      vertex   -7.494942e+001 4.260327e+000 8.124994e+000
      vertex   -7.494942e+001 4.260327e+000 5.625006e+000
      vertex   -7.494942e+001 7.723024e+000 8.124994e+000
    endloop
  endfacet
  facet normal 8.107736e-001 0.000000e+000 0.000000e+000
    outer loop
      vertex   -7.494942e+001 7.723024e+000 8.124994e+000
      vertex   -7.494942e+001 4.260327e+000 5.625006e+000
      vertex   -7.494942e+001 7.723024e+000 5.625006e+000
    endloop
  endfacet
  facet normal 0.000000e+000 -1.000000e+000 0.000000e+000
    outer loop
      vertex   -7.494942e+001 7.723024e+000 8.124994e+000
      vertex   -7.494942e+001 7.723024e+000 5.625006e+000
      vertex   -7.244942e+001 7.723024e+000 8.124994e+000
    endloop
  endfacet
  facet normal 0.000000e+000 -7.071084e-001 -0.000000e+000
    outer loop
      vertex   -7.244942e+001 7.723024e+000 8.124994e+000
      vertex   -7.494942e+001 7.723024e+000 5.625006e+000
      vertex   -7.244942e+001 7.723024e+000 5.625006e+000
    endloop
  endfacet
  facet normal -1.000000e+000 0.000000e+000 0.000000e+000
    outer loop
      vertex   -7.244942e+001 4.260327e+000 5.625006e+000
      vertex   -7.244942e+001 4.260327e+000 8.124994e+000
      vertex   -7.244942e+001 7.723024e+000 5.625006e+000
    endloop
  endfacet
  facet normal -8.107736e-001 0.000000e+000 0.000000e+000
    outer loop
      vertex   -7.244942e+001 7.723024e+000 5.625006e+000
      vertex   -7.244942e+001 4.260327e+000 8.124994e+000
      vertex   -7.244942e+001 7.723024e+000 8.124994e+000
    endloop
  endfacet
  facet normal 0.000000e+000 -1.000000e+000 0.000000e+000
    outer loop
      vertex   -7.244942e+001 4.260327e+000 8.124994e+000
      vertex   -7.244942e+001 4.260327e+000 5.625006e+000
      vertex   -6.244942e+001 4.260327e+000 8.124994e+000
    endloop
  endfacet
  facet normal 0.000000e+000 -9.701428e-001 -0.000000e+000
    outer loop
      vertex   -6.244942e+001 4.260327e+000 8.124994e+000
      vertex   -7.244942e+001 4.260327e+000 5.625006e+000
      vertex   -6.244942e+001 4.260327e+000 5.625006e+000
    endloop
  endfacet
  facet normal -0.000000e+000 -1.671830e-001 -1.498711e-005
    outer loop
      vertex   -6.244942e+001 4.260327e+000 5.625006e+000
      vertex   -7.244942e+001 4.260327e+000 5.625006e+000
      vertex   -7.719270e+001 4.260551e+000 3.124994e+000
    endloop
  endfacet
  facet normal 0.000000e+000 -1.671830e-001 -1.498711e-005
    outer loop
      vertex   -6.244942e+001 4.260327e+000 5.625006e+000
      vertex   -7.719270e+001 4.260551e+000 3.124994e+000
      vertex   -5.994942e+001 4.260327e+000 5.625006e+000
    endloop
  endfacet
  facet normal 1.620733e-004 -2.229994e-001 -1.137855e-003
    outer loop
      vertex   -5.994942e+001 4.260327e+000 5.625006e+000
      vertex   -7.719270e+001 4.260551e+000 3.124994e+000
      vertex   -2.911782e+001 4.295491e+000 3.124994e+000
    endloop
  endfacet
  facet normal 9.054637e-005 -1.599537e-001 -1.133186e-003
    outer loop
      vertex   -5.994942e+001 4.260327e+000 5.625006e+000
      vertex   -2.911782e+001 4.295491e+000 3.124994e+000
      vertex   -2.866212e+001 4.260327e+000 8.124994e+000
    endloop
  endfacet
  facet normal -7.003671e-003 -9.076195e-002 -0.000000e+000
    outer loop
      vertex   -2.866212e+001 4.260327e+000 8.124994e+000
      vertex   -2.911782e+001 4.295491e+000 3.124994e+000
      vertex   -2.866212e+001 4.260327e+000 3.124994e+000
    endloop
  endfacet
  facet normal -0.000000e+000 -4.662648e-001 -4.179828e-005
    outer loop
      vertex   -7.244942e+001 4.260327e+000 5.625006e+000
      vertex   -7.494942e+001 4.260327e+000 5.625006e+000
      vertex   -7.719270e+001 4.260551e+000 3.124994e+000
    endloop
  endfacet
  facet normal 3.553483e-004 -7.442899e-001 -3.855784e-004
    outer loop
      vertex   -7.719270e+001 4.260551e+000 3.124994e+000
      vertex   -7.494942e+001 4.260327e+000 5.625006e+000
      vertex   -7.766212e+001 4.260327e+000 3.124994e+000
    endloop
  endfacet
  facet normal 0.000000e+000 -7.353452e-001 0.000000e+000
    outer loop
      vertex   -7.766212e+001 4.260327e+000 3.124994e+000
      vertex   -7.494942e+001 4.260327e+000 5.625006e+000
      vertex   -7.766212e+001 4.260327e+000 8.124994e+000
    endloop
  endfacet
  facet normal 0.000000e+000 -6.776892e-001 0.000000e+000
    outer loop
      vertex   -7.766212e+001 4.260327e+000 8.124994e+000
      vertex   -7.494942e+001 4.260327e+000 5.625006e+000
      vertex   -7.494942e+001 4.260327e+000 8.124994e+000
    endloop
  endfacet
  facet normal -0.000000e+000 -7.965036e-002 0.000000e+000
    outer loop
      vertex   -2.866212e+001 4.260327e+000 8.124994e+000
      vertex   -5.994942e+001 4.260327e+000 8.124994e+000
      vertex   -5.994942e+001 4.260327e+000 5.625006e+000
    endloop
  endfacet
  facet normal 0.000000e+000 -1.000000e+000 0.000000e+000
    outer loop
      vertex   -6.244942e+001 7.723024e+000 8.124994e+000
      vertex   -6.244942e+001 7.723024e+000 5.625006e+000
      vertex   -5.994942e+001 7.723024e+000 8.124994e+000
    endloop
  endfacet
  facet normal 0.000000e+000 -7.071084e-001 -0.000000e+000
    outer loop
      vertex   -5.994942e+001 7.723024e+000 8.124994e+000
      vertex   -6.244942e+001 7.723024e+000 5.625006e+000
      vertex   -5.994942e+001 7.723024e+000 5.625006e+000
    endloop
  endfacet
  facet normal -1.000000e+000 -0.000000e+000 -0.000000e+000
    outer loop
      vertex   -5.994942e+001 7.723024e+000 8.124994e+000
      vertex   -5.994942e+001 7.723024e+000 5.625006e+000
      vertex   -5.994942e+001 4.260327e+000 8.124994e+000
    endloop
  endfacet
  facet normal -8.107736e-001 0.000000e+000 0.000000e+000
    outer loop
      vertex   -5.994942e+001 4.260327e+000 8.124994e+000
      vertex   -5.994942e+001 7.723024e+000 5.625006e+000
      vertex   -5.994942e+001 4.260327e+000 5.625006e+000
    endloop
  endfacet
  facet normal 0.000000e+000 0.000000e+000 1.000000e+000
    outer loop
      vertex   -6.244942e+001 4.260327e+000 5.625006e+000
      vertex   -5.994942e+001 4.260327e+000 5.625006e+000
      vertex   -6.244942e+001 7.723024e+000 5.625006e+000
    endloop
  endfacet
  facet normal -0.000000e+000 0.000000e+000 8.107722e-001
    outer loop
      vertex   -6.244942e+001 7.723024e+000 5.625006e+000
      vertex   -5.994942e+001 4.260327e+000 5.625006e+000
      vertex   -5.994942e+001 7.723024e+000 5.625006e+000
    endloop
  endfacet
  facet normal 1.000000e+000 -0.000000e+000 0.000000e+000
    outer loop
      vertex   -6.244942e+001 4.260327e+000 8.124994e+000
      vertex   -6.244942e+001 4.260327e+000 5.625006e+000
      vertex   -6.244942e+001 7.723024e+000 8.124994e+000
    endloop
  endfacet
  facet normal 8.107736e-001 0.000000e+000 0.000000e+000
    outer loop
      vertex   -6.244942e+001 7.723024e+000 8.124994e+000
      vertex   -6.244942e+001 4.260327e+000 5.625006e+000
      vertex   -6.244942e+001 7.723024e+000 5.625006e+000
    endloop
  endfacet
  facet normal 0.000000e+000 0.000000e+000 1.000000e+000
    outer loop
      vertex   -7.244942e+001 4.260327e+000 8.124994e+000
      vertex   -6.244942e+001 4.260327e+000 8.124994e+000
      vertex   -7.244942e+001 7.723024e+000 8.124994e+000
    endloop
  endfacet
  facet normal -0.000000e+000 0.000000e+000 3.272082e-001
    outer loop
      vertex   -7.244942e+001 7.723024e+000 8.124994e+000
      vertex   -6.244942e+001 4.260327e+000 8.124994e+000
      vertex   -6.244942e+001 7.723024e+000 8.124994e+000
    endloop
  endfacet
  facet normal 0.000000e+000 -0.000000e+000 7.536718e-001
    outer loop
      vertex   -7.244942e+001 7.723024e+000 8.124994e+000
      vertex   -6.244942e+001 7.723024e+000 8.124994e+000
      vertex   -7.466212e+001 1.026033e+001 8.124994e+000
    endloop
  endfacet
  facet normal -0.000000e+000 0.000000e+000 2.034156e-001
    outer loop
      vertex   -7.466212e+001 1.026033e+001 8.124994e+000
      vertex   -6.244942e+001 7.723024e+000 8.124994e+000
      vertex   -5.815417e+001 1.026033e+001 8.124994e+000
    endloop
  endfacet
  facet normal 0.000000e+000 0.000000e+000 4.090888e-001
    outer loop
      vertex   -5.815417e+001 1.026033e+001 8.124994e+000
      vertex   -6.244942e+001 7.723024e+000 8.124994e+000
      vertex   -5.994942e+001 7.723024e+000 8.124994e+000
    endloop
  endfacet
  facet normal 0.000000e+000 0.000000e+000 9.856472e-001
    outer loop
      vertex   -5.815417e+001 1.026033e+001 8.124994e+000
      vertex   -5.994942e+001 7.723024e+000 8.124994e+000
      vertex   -5.776212e+001 9.868276e+000 8.124994e+000
    endloop
  endfacet
  facet normal -0.000000e+000 0.000000e+000 7.002109e-001
    outer loop
      vertex   -5.776212e+001 9.868276e+000 8.124994e+000
      vertex   -5.994942e+001 7.723024e+000 8.124994e+000
      vertex   -5.126105e+001 9.868276e+000 8.124994e+000
    endloop
  endfacet
  facet normal 0.000000e+000 0.000000e+000 3.250874e-001
    outer loop
      vertex   -5.126105e+001 9.868276e+000 8.124994e+000
      vertex   -5.994942e+001 7.723024e+000 8.124994e+000
      vertex   -5.994942e+001 4.260327e+000 8.124994e+000
    endloop
  endfacet
  facet normal 0.000000e+000 0.000000e+000 7.286925e-001
    outer loop
      vertex   -5.126105e+001 9.868276e+000 8.124994e+000
      vertex   -5.994942e+001 4.260327e+000 8.124994e+000
      vertex   -2.866212e+001 4.260327e+000 8.124994e+000
    endloop
  endfacet
  facet normal 0.000000e+000 0.000000e+000 9.771908e-001
    outer loop
      vertex   -2.818989e+001 4.297963e+000 8.124994e+000
      vertex   -2.866212e+001 5.860327e+000 8.124994e+000
      vertex   -2.866212e+001 4.260327e+000 8.124994e+000
    endloop
  endfacet
  facet normal 0.000000e+000 -0.000000e+000 1.874514e-001
    outer loop
      vertex   -2.866212e+001 4.260327e+000 8.124994e+000
      vertex   -2.866212e+001 5.860327e+000 8.124994e+000
      vertex   -2.897422e+001 5.895775e+000 8.124994e+000
    endloop
  endfacet
  facet normal 0.000000e+000 0.000000e+000 1.468008e-001
    outer loop
      vertex   -2.866212e+001 4.260327e+000 8.124994e+000
      vertex   -2.897422e+001 5.895775e+000 8.124994e+000
      vertex   -2.926919e+001 5.999134e+000 8.124994e+000
    endloop
  endfacet
  facet normal 0.000000e+000 -0.000000e+000 9.983324e-001
    outer loop
      vertex   -2.818989e+001 4.297963e+000 8.124994e+000
      vertex   -2.773593e+001 4.407018e+000 8.124994e+000
      vertex   -2.866212e+001 5.860327e+000 8.124994e+000
    endloop
  endfacet
  facet normal 0.000000e+000 0.000000e+000 2.495438e-001
    outer loop
      vertex   -2.866212e+001 5.860327e+000 8.124994e+000
      vertex   -2.773593e+001 4.407018e+000 8.124994e+000
      vertex   -2.729944e+001 4.587820e+000 8.124994e+000
    endloop
  endfacet
  facet normal -0.000000e+000 0.000000e+000 7.606315e-001
    outer loop
      vertex   -2.866212e+001 5.860327e+000 8.124994e+000
      vertex   -2.729944e+001 4.587820e+000 8.124994e+000
      vertex   -2.835001e+001 5.895775e+000 8.124994e+000
    endloop
  endfacet
  facet normal 0.000000e+000 0.000000e+000 2.589707e-001
    outer loop
      vertex   -2.835001e+001 5.895775e+000 8.124994e+000
      vertex   -2.729944e+001 4.587820e+000 8.124994e+000
      vertex   -2.689929e+001 4.833266e+000 8.124994e+000
    endloop
  endfacet
  facet normal 0.000000e+000 0.000000e+000 2.337884e-001
    outer loop
      vertex   -2.835001e+001 5.895775e+000 8.124994e+000
      vertex   -2.689929e+001 4.833266e+000 8.124994e+000
      vertex   -2.654080e+001 5.139007e+000 8.124994e+000
    endloop
  endfacet
  facet normal -0.000000e+000 0.000000e+000 6.692535e-001
    outer loop
      vertex   -2.835001e+001 5.895775e+000 8.124994e+000
      vertex   -2.654080e+001 5.139007e+000 8.124994e+000
      vertex   -2.805504e+001 5.999134e+000 8.124994e+000
    endloop
  endfacet
  facet normal 0.000000e+000 0.000000e+000 2.451054e-001
    outer loop
      vertex   -2.805504e+001 5.999134e+000 8.124994e+000
      vertex   -2.654080e+001 5.139007e+000 8.124994e+000
      vertex   -2.623506e+001 5.497500e+000 8.124994e+000
    endloop
  endfacet
  facet normal -0.000000e+000 0.000000e+000 7.371995e-001
    outer loop
      vertex   -2.805504e+001 5.999134e+000 8.124994e+000
      vertex   -2.623506e+001 5.497500e+000 8.124994e+000
      vertex   -2.778978e+001 6.165427e+000 8.124994e+000
    endloop
  endfacet
  facet normal 0.000000e+000 0.000000e+000 2.552548e-001
    outer loop
      vertex   -2.778978e+001 6.165427e+000 8.124994e+000
      vertex   -2.623506e+001 5.497500e+000 8.124994e+000
      vertex   -2.598960e+001 5.897664e+000 8.124994e+000
    endloop
  endfacet
  facet normal -0.000000e+000 0.000000e+000 8.034427e-001
    outer loop
      vertex   -2.778978e+001 6.165427e+000 8.124994e+000
      vertex   -2.598960e+001 5.897664e+000 8.124994e+000
      vertex   -2.756722e+001 6.387985e+000 8.124994e+000
    endloop
  endfacet
  facet normal 0.000000e+000 0.000000e+000 2.674271e-001
    outer loop
      vertex   -2.756722e+001 6.387985e+000 8.124994e+000
      vertex   -2.598960e+001 5.897664e+000 8.124994e+000
      vertex   -2.580881e+001 6.334139e+000 8.124994e+000
    endloop
  endfacet
  facet normal -0.000000e+000 0.000000e+000 8.631475e-001
    outer loop
      vertex   -2.756722e+001 6.387985e+000 8.124994e+000
      vertex   -2.580881e+001 6.334139e+000 8.124994e+000
      vertex   -2.740093e+001 6.653252e+000 8.124994e+000
    endloop
  endfacet
  facet normal -0.000000e+000 0.000000e+000 2.733894e-001
    outer loop
      vertex   -2.740093e+001 6.653252e+000 8.124994e+000
      vertex   -2.580881e+001 6.334139e+000 8.124994e+000
      vertex   -2.569975e+001 6.788103e+000 8.124994e+000
    endloop
  endfacet
  facet normal 0.000000e+000 0.000000e+000 9.143531e-001
    outer loop
      vertex   -2.740093e+001 6.653252e+000 8.124994e+000
      vertex   -2.569975e+001 6.788103e+000 8.124994e+000
      vertex   -2.729776e+001 6.946989e+000 8.124994e+000
    endloop
  endfacet
  facet normal -0.000000e+000 0.000000e+000 2.843972e-001
    outer loop
      vertex   -2.729776e+001 6.946989e+000 8.124994e+000
      vertex   -2.569975e+001 6.788103e+000 8.124994e+000
      vertex   -2.566212e+001 7.260327e+000 8.124994e+000
    endloop
  endfacet
  facet normal 0.000000e+000 0.000000e+000 9.545773e-001
    outer loop
      vertex   -2.729776e+001 6.946989e+000 8.124994e+000
      vertex   -2.566212e+001 7.260327e+000 8.124994e+000
      vertex   -2.726211e+001 7.260327e+000 8.124994e+000
    endloop
  endfacet
  facet normal 0.000000e+000 -0.000000e+000 9.935904e-001
    outer loop
      vertex   -2.726211e+001 7.260327e+000 8.124994e+000
      vertex   -2.566212e+001 7.260327e+000 8.124994e+000
      vertex   -2.729776e+001 7.573666e+000 8.124994e+000
    endloop
  endfacet
  facet normal -0.000000e+000 -0.000000e+000 8.642887e-001
    outer loop
      vertex   -2.729776e+001 7.573666e+000 8.124994e+000
      vertex   -2.566212e+001 7.260327e+000 8.124994e+000
      vertex   -2.740093e+001 7.867402e+000 8.124994e+000
    endloop
  endfacet
  facet normal -0.000000e+000 -0.000000e+000 6.248640e-001
    outer loop
      vertex   -2.740093e+001 7.867402e+000 8.124994e+000
      vertex   -2.566212e+001 7.260327e+000 8.124994e+000
      vertex   -2.756722e+001 8.132669e+000 8.124994e+000
    endloop
  endfacet
  facet normal -0.000000e+000 -0.000000e+000 3.485219e-001
    outer loop
      vertex   -2.756722e+001 8.132669e+000 8.124994e+000
      vertex   -2.566212e+001 7.260327e+000 8.124994e+000
      vertex   -2.778978e+001 8.355227e+000 8.124994e+000
    endloop
  endfacet
  facet normal -0.000000e+000 -0.000000e+000 8.460500e-002
    outer loop
      vertex   -2.778978e+001 8.355227e+000 8.124994e+000
      vertex   -2.566212e+001 7.260327e+000 8.124994e+000
      vertex   -2.805504e+001 8.521521e+000 8.124994e+000
    endloop
  endfacet
  facet normal -0.000000e+000 0.000000e+000 9.214496e-001
    outer loop
      vertex   -2.805504e+001 8.521521e+000 8.124994e+000
      vertex   -2.566212e+001 7.260327e+000 8.124994e+000
      vertex   -2.566212e+001 3.626033e+001 8.124994e+000
    endloop
  endfacet
  facet normal 0.000000e+000 -0.000000e+000 9.347881e-001
    outer loop
      vertex   -2.805504e+001 8.521521e+000 8.124994e+000
      vertex   -2.566212e+001 3.626033e+001 8.124994e+000
      vertex   -3.166212e+001 1.026033e+001 8.124994e+000
    endloop
  endfacet
  facet normal 0.000000e+000 0.000000e+000 2.248596e-001
    outer loop
      vertex   -3.166212e+001 1.026033e+001 8.124994e+000
      vertex   -2.566212e+001 3.626033e+001 8.124994e+000
      vertex   -3.166212e+001 6.226033e+001 8.124994e+000
    endloop
  endfacet
  facet normal -0.000000e+000 0.000000e+000 9.753731e-001
    outer loop
      vertex   -3.166212e+001 6.226033e+001 8.124994e+000
      vertex   -2.566212e+001 3.626033e+001 8.124994e+000
      vertex   -2.805504e+001 6.399914e+001 8.124994e+000
    endloop
  endfacet
  facet normal 0.000000e+000 0.000000e+000 9.469959e-003
    outer loop
      vertex   -3.166212e+001 6.226033e+001 8.124994e+000
      vertex   -2.805504e+001 6.399914e+001 8.124994e+000
      vertex   -2.835001e+001 6.389578e+001 8.124994e+000
    endloop
  endfacet
  facet normal 0.000000e+000 -0.000000e+000 8.594698e-002
    outer loop
      vertex   -2.566212e+001 3.626033e+001 8.124994e+000
      vertex   -2.566212e+001 6.526033e+001 8.124994e+000
      vertex   -2.805504e+001 6.399914e+001 8.124994e+000
    endloop
  endfacet
  facet normal 0.000000e+000 0.000000e+000 7.483625e-002
    outer loop
      vertex   -2.805504e+001 6.399914e+001 8.124994e+000
      vertex   -2.566212e+001 6.526033e+001 8.124994e+000
      vertex   -2.778978e+001 6.416543e+001 8.124994e+000
    endloop
  endfacet
  facet normal 0.000000e+000 0.000000e+000 3.051841e-001
    outer loop
      vertex   -2.778978e+001 6.416543e+001 8.124994e+000
      vertex   -2.566212e+001 6.526033e+001 8.124994e+000
      vertex   -2.756722e+001 6.438799e+001 8.124994e+000
    endloop
  endfacet
  facet normal 0.000000e+000 0.000000e+000 5.492494e-001
    outer loop
      vertex   -2.756722e+001 6.438799e+001 8.124994e+000
      vertex   -2.566212e+001 6.526033e+001 8.124994e+000
      vertex   -2.740093e+001 6.465326e+001 8.124994e+000
    endloop
  endfacet
  facet normal 0.000000e+000 0.000000e+000 7.815252e-001
    outer loop
      vertex   -2.740093e+001 6.465326e+001 8.124994e+000
      vertex   -2.566212e+001 6.526033e+001 8.124994e+000
      vertex   -2.729776e+001 6.494699e+001 8.124994e+000
    endloop
  endfacet
  facet normal 0.000000e+000 0.000000e+000 9.545773e-001
    outer loop
      vertex   -2.729776e+001 6.494699e+001 8.124994e+000
      vertex   -2.566212e+001 6.526033e+001 8.124994e+000
      vertex   -2.726211e+001 6.526033e+001 8.124994e+000
    endloop
  endfacet
  facet normal 0.000000e+000 -0.000000e+000 9.935904e-001
    outer loop
      vertex   -2.726211e+001 6.526033e+001 8.124994e+000
      vertex   -2.566212e+001 6.526033e+001 8.124994e+000
      vertex   -2.729776e+001 6.557367e+001 8.124994e+000
    endloop
  endfacet
  facet normal -0.000000e+000 0.000000e+000 2.843955e-001
    outer loop
      vertex   -2.729776e+001 6.557367e+001 8.124994e+000
      vertex   -2.566212e+001 6.526033e+001 8.124994e+000
      vertex   -2.569975e+001 6.573255e+001 8.124994e+000
    endloop
  endfacet
  facet normal 0.000000e+000 -0.000000e+000 9.716482e-001
    outer loop
      vertex   -2.729776e+001 6.557367e+001 8.124994e+000
      vertex   -2.569975e+001 6.573255e+001 8.124994e+000
      vertex   -2.740093e+001 6.586740e+001 8.124994e+000
    endloop
  endfacet
  facet normal -0.000000e+000 0.000000e+000 2.733897e-001
    outer loop
      vertex   -2.740093e+001 6.586740e+001 8.124994e+000
      vertex   -2.569975e+001 6.573255e+001 8.124994e+000
      vertex   -2.580881e+001 6.618652e+001 8.124994e+000
    endloop
  endfacet
  facet normal 0.000000e+000 -0.000000e+000 9.351453e-001
    outer loop
      vertex   -2.740093e+001 6.586740e+001 8.124994e+000
      vertex   -2.580881e+001 6.618652e+001 8.124994e+000
      vertex   -2.756722e+001 6.613267e+001 8.124994e+000
    endloop
  endfacet
  facet normal 0.000000e+000 0.000000e+000 2.674380e-001
    outer loop
      vertex   -2.756722e+001 6.613267e+001 8.124994e+000
      vertex   -2.580881e+001 6.618652e+001 8.124994e+000
      vertex   -2.598961e+001 6.662301e+001 8.124994e+000
    endloop
  endfacet
  facet normal 0.000000e+000 -0.000000e+000 8.851148e-001
    outer loop
      vertex   -2.756722e+001 6.613267e+001 8.124994e+000
      vertex   -2.598961e+001 6.662301e+001 8.124994e+000
      vertex   -2.778978e+001 6.635522e+001 8.124994e+000
    endloop
  endfacet
  facet normal 0.000000e+000 0.000000e+000 2.552451e-001
    outer loop
      vertex   -2.778978e+001 6.635522e+001 8.124994e+000
      vertex   -2.598961e+001 6.662301e+001 8.124994e+000
      vertex   -2.623506e+001 6.702316e+001 8.124994e+000
    endloop
  endfacet
  facet normal 0.000000e+000 -0.000000e+000 8.224663e-001
    outer loop
      vertex   -2.778978e+001 6.635522e+001 8.124994e+000
      vertex   -2.623506e+001 6.702316e+001 8.124994e+000
      vertex   -2.805504e+001 6.652151e+001 8.124994e+000
    endloop
  endfacet
  facet normal 0.000000e+000 0.000000e+000 2.451040e-001
    outer loop
      vertex   -2.805504e+001 6.652151e+001 8.124994e+000
      vertex   -2.623506e+001 6.702316e+001 8.124994e+000
      vertex   -2.654080e+001 6.738165e+001 8.124994e+000
    endloop
  endfacet
  facet normal 0.000000e+000 -0.000000e+000 7.536678e-001
    outer loop
      vertex   -2.805504e+001 6.652151e+001 8.124994e+000
      vertex   -2.654080e+001 6.738165e+001 8.124994e+000
      vertex   -2.835001e+001 6.662488e+001 8.124994e+000
    endloop
  endfacet
  facet normal 0.000000e+000 0.000000e+000 2.337882e-001
    outer loop
      vertex   -2.835001e+001 6.662488e+001 8.124994e+000
      vertex   -2.654080e+001 6.738165e+001 8.124994e+000
      vertex   -2.689929e+001 6.768739e+001 8.124994e+000
    endloop
  endfacet
  facet normal 0.000000e+000 0.000000e+000 2.589705e-001
    outer loop
      vertex   -2.835001e+001 6.662488e+001 8.124994e+000
      vertex   -2.689929e+001 6.768739e+001 8.124994e+000
      vertex   -2.729944e+001 6.793283e+001 8.124994e+000
    endloop
  endfacet
  facet normal 0.000000e+000 -0.000000e+000 8.453304e-001
    outer loop
      vertex   -2.835001e+001 6.662488e+001 8.124994e+000
      vertex   -2.729944e+001 6.793283e+001 8.124994e+000
      vertex   -2.866212e+001 6.666032e+001 8.124994e+000
    endloop
  endfacet
  facet normal 0.000000e+000 0.000000e+000 2.495460e-001
    outer loop
      vertex   -2.866212e+001 6.666032e+001 8.124994e+000
      vertex   -2.729944e+001 6.793283e+001 8.124994e+000
      vertex   -2.773593e+001 6.811364e+001 8.124994e+000
    endloop
  endfacet
  facet normal 0.000000e+000 0.000000e+000 2.704594e-001
    outer loop
      vertex   -2.866212e+001 6.666032e+001 8.124994e+000
      vertex   -2.773593e+001 6.811364e+001 8.124994e+000
      vertex   -2.818989e+001 6.822270e+001 8.124994e+000
    endloop
  endfacet
  facet normal 0.000000e+000 0.000000e+000 9.771843e-001
    outer loop
      vertex   -2.818989e+001 6.822270e+001 8.124994e+000
      vertex   -2.866212e+001 6.826032e+001 8.124994e+000
      vertex   -2.866212e+001 6.666032e+001 8.124994e+000
    endloop
  endfacet
  facet normal 0.000000e+000 -0.000000e+000 9.936123e-001
    outer loop
      vertex   -2.866212e+001 6.666032e+001 8.124994e+000
      vertex   -2.866212e+001 6.826032e+001 8.124994e+000
      vertex   -2.897422e+001 6.662488e+001 8.124994e+000
    endloop
  endfacet
  facet normal 0.000000e+000 -0.000000e+000 8.650162e-001
    outer loop
      vertex   -2.897422e+001 6.662488e+001 8.124994e+000
      vertex   -2.866212e+001 6.826032e+001 8.124994e+000
      vertex   -2.926919e+001 6.652151e+001 8.124994e+000
    endloop
  endfacet
  facet normal 0.000000e+000 -0.000000e+000 6.248577e-001
    outer loop
      vertex   -2.926919e+001 6.652151e+001 8.124994e+000
      vertex   -2.866212e+001 6.826032e+001 8.124994e+000
      vertex   -2.953446e+001 6.635522e+001 8.124994e+000
    endloop
  endfacet
  facet normal 0.000000e+000 -0.000000e+000 3.485284e-001
    outer loop
      vertex   -2.953446e+001 6.635522e+001 8.124994e+000
      vertex   -2.866212e+001 6.826032e+001 8.124994e+000
      vertex   -2.975702e+001 6.613267e+001 8.124994e+000
    endloop
  endfacet
  facet normal 0.000000e+000 -0.000000e+000 8.891729e-001
    outer loop
      vertex   -2.975702e+001 6.613267e+001 8.124994e+000
      vertex   -2.866212e+001 6.826032e+001 8.124994e+000
      vertex   -7.656721e+001 6.613267e+001 8.124994e+000
    endloop
  endfacet
  facet normal 0.000000e+000 0.000000e+000 5.686962e-003
    outer loop
      vertex   -2.975702e+001 6.613267e+001 8.124994e+000
      vertex   -7.656721e+001 6.613267e+001 8.124994e+000
      vertex   -7.640092e+001 6.586740e+001 8.124994e+000
    endloop
  endfacet
  facet normal 0.000000e+000 0.000000e+000 4.437022e-002
    outer loop
      vertex   -2.866212e+001 6.826032e+001 8.124994e+000
      vertex   -7.766212e+001 6.826032e+001 8.124994e+000
      vertex   -7.656721e+001 6.613267e+001 8.124994e+000
    endloop
  endfacet
  facet normal 0.000000e+000 0.000000e+000 3.051871e-001
    outer loop
      vertex   -7.656721e+001 6.613267e+001 8.124994e+000
      vertex   -7.766212e+001 6.826032e+001 8.124994e+000
      vertex   -7.678977e+001 6.635522e+001 8.124994e+000
    endloop
  endfacet
  facet normal 0.000000e+000 0.000000e+000 5.492401e-001
    outer loop
      vertex   -7.678977e+001 6.635522e+001 8.124994e+000
      vertex   -7.766212e+001 6.826032e+001 8.124994e+000
      vertex   -7.705505e+001 6.652151e+001 8.124994e+000
    endloop
  endfacet
  facet normal 0.000000e+000 0.000000e+000 7.819861e-001
    outer loop
      vertex   -7.705505e+001 6.652151e+001 8.124994e+000
      vertex   -7.766212e+001 6.826032e+001 8.124994e+000
      vertex   -7.735001e+001 6.662488e+001 8.124994e+000
    endloop
  endfacet
  facet normal 0.000000e+000 0.000000e+000 9.548455e-001
    outer loop
      vertex   -7.735001e+001 6.662488e+001 8.124994e+000
      vertex   -7.766212e+001 6.826032e+001 8.124994e+000
      vertex   -7.766212e+001 6.666032e+001 8.124994e+000
    endloop
  endfacet
  facet normal 0.000000e+000 -0.000000e+000 2.893191e-001
    outer loop
      vertex   -7.766212e+001 6.666032e+001 8.124994e+000
      vertex   -7.766212e+001 6.826032e+001 8.124994e+000
      vertex   -7.813434e+001 6.822270e+001 8.124994e+000
    endloop
  endfacet
  facet normal 0.000000e+000 0.000000e+000 2.704629e-001
    outer loop
      vertex   -7.766212e+001 6.666032e+001 8.124994e+000
      vertex   -7.813434e+001 6.822270e+001 8.124994e+000
      vertex   -7.858830e+001 6.811364e+001 8.124994e+000
    endloop
  endfacet
  facet normal 0.000000e+000 0.000000e+000 9.847831e-001
    outer loop
      vertex   -7.858830e+001 6.811364e+001 8.124994e+000
      vertex   -7.902480e+001 6.793283e+001 8.124994e+000
      vertex   -7.766212e+001 6.666032e+001 8.124994e+000
    endloop
  endfacet
  facet normal 0.000000e+000 0.000000e+000 7.606283e-001
    outer loop
      vertex   -7.766212e+001 6.666032e+001 8.124994e+000
      vertex   -7.902480e+001 6.793283e+001 8.124994e+000
      vertex   -7.797422e+001 6.662488e+001 8.124994e+000
    endloop
  endfacet
  facet normal 0.000000e+000 0.000000e+000 2.589676e-001
    outer loop
      vertex   -7.797422e+001 6.662488e+001 8.124994e+000
      vertex   -7.902480e+001 6.793283e+001 8.124994e+000
      vertex   -7.942494e+001 6.768739e+001 8.124994e+000
    endloop
  endfacet
  facet normal 0.000000e+000 0.000000e+000 2.337890e-001
    outer loop
      vertex   -7.797422e+001 6.662488e+001 8.124994e+000
      vertex   -7.942494e+001 6.768739e+001 8.124994e+000
      vertex   -7.978344e+001 6.738165e+001 8.124994e+000
    endloop
  endfacet
  facet normal 0.000000e+000 0.000000e+000 6.692587e-001
    outer loop
      vertex   -7.797422e+001 6.662488e+001 8.124994e+000
      vertex   -7.978344e+001 6.738165e+001 8.124994e+000
      vertex   -7.826920e+001 6.652151e+001 8.124994e+000
    endloop
  endfacet
  facet normal 0.000000e+000 0.000000e+000 2.451037e-001
    outer loop
      vertex   -7.826920e+001 6.652151e+001 8.124994e+000
      vertex   -7.978344e+001 6.738165e+001 8.124994e+000
      vertex   -8.008918e+001 6.702316e+001 8.124994e+000
    endloop
  endfacet
  facet normal 0.000000e+000 0.000000e+000 7.371893e-001
    outer loop
      vertex   -7.826920e+001 6.652151e+001 8.124994e+000
      vertex   -8.008918e+001 6.702316e+001 8.124994e+000
      vertex   -7.853446e+001 6.635522e+001 8.124994e+000
    endloop
  endfacet
  facet normal 0.000000e+000 0.000000e+000 2.552447e-001
    outer loop
      vertex   -7.853446e+001 6.635522e+001 8.124994e+000
      vertex   -8.008918e+001 6.702316e+001 8.124994e+000
      vertex   -8.033463e+001 6.662301e+001 8.124994e+000
    endloop
  endfacet
  facet normal 0.000000e+000 0.000000e+000 8.034520e-001
    outer loop
      vertex   -7.853446e+001 6.635522e+001 8.124994e+000
      vertex   -8.033463e+001 6.662301e+001 8.124994e+000
      vertex   -7.875702e+001 6.613267e+001 8.124994e+000
    endloop
  endfacet
  facet normal 0.000000e+000 0.000000e+000 2.674387e-001
    outer loop
      vertex   -7.875702e+001 6.613267e+001 8.124994e+000
      vertex   -8.033463e+001 6.662301e+001 8.124994e+000
      vertex   -8.051543e+001 6.618652e+001 8.124994e+000
    endloop
  endfacet
  facet normal 0.000000e+000 0.000000e+000 8.631423e-001
    outer loop
      vertex   -7.875702e+001 6.613267e+001 8.124994e+000
      vertex   -8.051543e+001 6.618652e+001 8.124994e+000
      vertex   -7.892331e+001 6.586740e+001 8.124994e+000
    endloop
  endfacet
  facet normal 0.000000e+000 0.000000e+000 2.733906e-001
    outer loop
      vertex   -7.892331e+001 6.586740e+001 8.124994e+000
      vertex   -8.051543e+001 6.618652e+001 8.124994e+000
      vertex   -8.062448e+001 6.573255e+001 8.124994e+000
    endloop
  endfacet
  facet normal 0.000000e+000 0.000000e+000 9.143627e-001
    outer loop
      vertex   -7.892331e+001 6.586740e+001 8.124994e+000
      vertex   -8.062448e+001 6.573255e+001 8.124994e+000
      vertex   -7.902647e+001 6.557367e+001 8.124994e+000
    endloop
  endfacet
  facet normal 0.000000e+000 0.000000e+000 2.843954e-001
    outer loop
      vertex   -7.902647e+001 6.557367e+001 8.124994e+000
      vertex   -8.062448e+001 6.573255e+001 8.124994e+000
      vertex   -8.066212e+001 6.526033e+001 8.124994e+000
    endloop
  endfacet
  facet normal 0.000000e+000 0.000000e+000 9.545809e-001
    outer loop
      vertex   -7.902647e+001 6.557367e+001 8.124994e+000
      vertex   -8.066212e+001 6.526033e+001 8.124994e+000
      vertex   -7.906212e+001 6.526033e+001 8.124994e+000
    endloop
  endfacet
  facet normal 0.000000e+000 0.000000e+000 9.935918e-001
    outer loop
      vertex   -7.906212e+001 6.526033e+001 8.124994e+000
      vertex   -8.066212e+001 6.526033e+001 8.124994e+000
      vertex   -7.902647e+001 6.494699e+001 8.124994e+000
    endloop
  endfacet
  facet normal 0.000000e+000 0.000000e+000 8.643005e-001
    outer loop
      vertex   -7.902647e+001 6.494699e+001 8.124994e+000
      vertex   -8.066212e+001 6.526033e+001 8.124994e+000
      vertex   -7.892331e+001 6.465326e+001 8.124994e+000
    endloop
  endfacet
  facet normal 0.000000e+000 0.000000e+000 6.248652e-001
    outer loop
      vertex   -7.892331e+001 6.465326e+001 8.124994e+000
      vertex   -8.066212e+001 6.526033e+001 8.124994e+000
      vertex   -7.875702e+001 6.438799e+001 8.124994e+000
    endloop
  endfacet
  facet normal 0.000000e+000 0.000000e+000 3.485220e-001
    outer loop
      vertex   -7.875702e+001 6.438799e+001 8.124994e+000
      vertex   -8.066212e+001 6.526033e+001 8.124994e+000
      vertex   -7.853446e+001 6.416543e+001 8.124994e+000
    endloop
  endfacet
  facet normal 0.000000e+000 0.000000e+000 8.458582e-002
    outer loop
      vertex   -7.853446e+001 6.416543e+001 8.124994e+000
      vertex   -8.066212e+001 6.526033e+001 8.124994e+000
      vertex   -7.826920e+001 6.399914e+001 8.124994e+000
    endloop
  endfacet
  facet normal 0.000000e+000 0.000000e+000 9.214497e-001
    outer loop
      vertex   -7.826920e+001 6.399914e+001 8.124994e+000
      vertex   -8.066212e+001 6.526033e+001 8.124994e+000
      vertex   -8.066212e+001 3.626033e+001 8.124994e+000
    endloop
  endfacet
  facet normal 0.000000e+000 0.000000e+000 9.347875e-001
    outer loop
      vertex   -7.826920e+001 6.399914e+001 8.124994e+000
      vertex   -8.066212e+001 3.626033e+001 8.124994e+000
      vertex   -7.466212e+001 6.226033e+001 8.124994e+000
    endloop
  endfacet
  facet normal 0.000000e+000 0.000000e+000 2.248595e-001
    outer loop
      vertex   -7.466212e+001 6.226033e+001 8.124994e+000
      vertex   -8.066212e+001 3.626033e+001 8.124994e+000
      vertex   -7.466212e+001 1.026033e+001 8.124994e+000
    endloop
  endfacet
  facet normal 0.000000e+000 0.000000e+000 9.753734e-001
    outer loop
      vertex   -7.466212e+001 1.026033e+001 8.124994e+000
      vertex   -8.066212e+001 3.626033e+001 8.124994e+000
      vertex   -7.826920e+001 8.521521e+000 8.124994e+000
    endloop
  endfacet
  facet normal 0.000000e+000 0.000000e+000 9.470573e-003
    outer loop
      vertex   -7.466212e+001 1.026033e+001 8.124994e+000
      vertex   -7.826920e+001 8.521521e+000 8.124994e+000
      vertex   -7.797422e+001 8.624879e+000 8.124994e+000
    endloop
  endfacet
  facet normal 0.000000e+000 0.000000e+000 8.594699e-002
    outer loop
      vertex   -8.066212e+001 3.626033e+001 8.124994e+000
      vertex   -8.066212e+001 7.260327e+000 8.124994e+000
      vertex   -7.826920e+001 8.521521e+000 8.124994e+000
    endloop
  endfacet
  facet normal 0.000000e+000 0.000000e+000 7.483397e-002
    outer loop
      vertex   -7.826920e+001 8.521521e+000 8.124994e+000
      vertex   -8.066212e+001 7.260327e+000 8.124994e+000
      vertex   -7.853446e+001 8.355227e+000 8.124994e+000
    endloop
  endfacet
  facet normal 0.000000e+000 0.000000e+000 3.051898e-001
    outer loop
      vertex   -7.853446e+001 8.355227e+000 8.124994e+000
      vertex   -8.066212e+001 7.260327e+000 8.124994e+000
      vertex   -7.875702e+001 8.132669e+000 8.124994e+000
    endloop
  endfacet
  facet normal 0.000000e+000 0.000000e+000 5.492316e-001
    outer loop
      vertex   -7.875702e+001 8.132669e+000 8.124994e+000
      vertex   -8.066212e+001 7.260327e+000 8.124994e+000
      vertex   -7.892331e+001 7.867402e+000 8.124994e+000
    endloop
  endfacet
  facet normal 0.000000e+000 0.000000e+000 7.815443e-001
    outer loop
      vertex   -7.892331e+001 7.867402e+000 8.124994e+000
      vertex   -8.066212e+001 7.260327e+000 8.124994e+000
      vertex   -7.902647e+001 7.573666e+000 8.124994e+000
    endloop
  endfacet
  facet normal 0.000000e+000 0.000000e+000 9.545810e-001
    outer loop
      vertex   -7.902647e+001 7.573666e+000 8.124994e+000
      vertex   -8.066212e+001 7.260327e+000 8.124994e+000
      vertex   -7.906212e+001 7.260327e+000 8.124994e+000
    endloop
  endfacet
  facet normal 0.000000e+000 0.000000e+000 9.935918e-001
    outer loop
      vertex   -7.906212e+001 7.260327e+000 8.124994e+000
      vertex   -8.066212e+001 7.260327e+000 8.124994e+000
      vertex   -7.902647e+001 6.946989e+000 8.124994e+000
    endloop
  endfacet
  facet normal 0.000000e+000 0.000000e+000 2.843972e-001
    outer loop
      vertex   -7.902647e+001 6.946989e+000 8.124994e+000
      vertex   -8.066212e+001 7.260327e+000 8.124994e+000
      vertex   -8.062448e+001 6.788103e+000 8.124994e+000
    endloop
  endfacet
  facet normal 0.000000e+000 0.000000e+000 9.716569e-001
    outer loop
      vertex   -7.902647e+001 6.946989e+000 8.124994e+000
      vertex   -8.062448e+001 6.788103e+000 8.124994e+000
      vertex   -7.892331e+001 6.653252e+000 8.124994e+000
    endloop
  endfacet
  facet normal 0.000000e+000 0.000000e+000 2.733903e-001
    outer loop
      vertex   -7.892331e+001 6.653252e+000 8.124994e+000
      vertex   -8.062448e+001 6.788103e+000 8.124994e+000
      vertex   -8.051543e+001 6.334139e+000 8.124994e+000
    endloop
  endfacet
  facet normal 0.000000e+000 0.000000e+000 9.351419e-001
    outer loop
      vertex   -7.892331e+001 6.653252e+000 8.124994e+000
      vertex   -8.051543e+001 6.334139e+000 8.124994e+000
      vertex   -7.875702e+001 6.387985e+000 8.124994e+000
    endloop
  endfacet
  facet normal 0.000000e+000 0.000000e+000 2.674384e-001
    outer loop
      vertex   -7.875702e+001 6.387985e+000 8.124994e+000
      vertex   -8.051543e+001 6.334139e+000 8.124994e+000
      vertex   -8.033463e+001 5.897647e+000 8.124994e+000
    endloop
  endfacet
  facet normal 0.000000e+000 0.000000e+000 8.851168e-001
    outer loop
      vertex   -7.875702e+001 6.387985e+000 8.124994e+000
      vertex   -8.033463e+001 5.897647e+000 8.124994e+000
      vertex   -7.853446e+001 6.165427e+000 8.124994e+000
    endloop
  endfacet
  facet normal 0.000000e+000 0.000000e+000 2.552449e-001
    outer loop
      vertex   -7.853446e+001 6.165427e+000 8.124994e+000
      vertex   -8.033463e+001 5.897647e+000 8.124994e+000
      vertex   -8.008918e+001 5.497500e+000 8.124994e+000
    endloop
  endfacet
  facet normal 0.000000e+000 0.000000e+000 8.224641e-001
    outer loop
      vertex   -7.853446e+001 6.165427e+000 8.124994e+000
      vertex   -8.008918e+001 5.497500e+000 8.124994e+000
      vertex   -7.826920e+001 5.999134e+000 8.124994e+000
    endloop
  endfacet
  facet normal 0.000000e+000 0.000000e+000 2.451052e-001
    outer loop
      vertex   -7.826920e+001 5.999134e+000 8.124994e+000
      vertex   -8.008918e+001 5.497500e+000 8.124994e+000
      vertex   -7.978344e+001 5.139007e+000 8.124994e+000
    endloop
  endfacet
  facet normal 0.000000e+000 0.000000e+000 7.536548e-001
    outer loop
      vertex   -7.826920e+001 5.999134e+000 8.124994e+000
      vertex   -7.978344e+001 5.139007e+000 8.124994e+000
      vertex   -7.797422e+001 5.895775e+000 8.124994e+000
    endloop
  endfacet
  facet normal 0.000000e+000 0.000000e+000 2.337892e-001
    outer loop
      vertex   -7.797422e+001 5.895775e+000 8.124994e+000
      vertex   -7.978344e+001 5.139007e+000 8.124994e+000
      vertex   -7.942494e+001 4.833266e+000 8.124994e+000
    endloop
  endfacet
  facet normal 0.000000e+000 0.000000e+000 2.589679e-001
    outer loop
      vertex   -7.797422e+001 5.895775e+000 8.124994e+000
      vertex   -7.942494e+001 4.833266e+000 8.124994e+000
      vertex   -7.902480e+001 4.587820e+000 8.124994e+000
    endloop
  endfacet
  facet normal 0.000000e+000 0.000000e+000 8.453333e-001
    outer loop
      vertex   -7.797422e+001 5.895775e+000 8.124994e+000
      vertex   -7.902480e+001 4.587820e+000 8.124994e+000
      vertex   -7.766212e+001 5.860327e+000 8.124994e+000
    endloop
  endfacet
  facet normal 0.000000e+000 0.000000e+000 2.495463e-001
    outer loop
      vertex   -7.766212e+001 5.860327e+000 8.124994e+000
      vertex   -7.902480e+001 4.587820e+000 8.124994e+000
      vertex   -7.858830e+001 4.407018e+000 8.124994e+000
    endloop
  endfacet
  facet normal 0.000000e+000 0.000000e+000 2.704626e-001
    outer loop
      vertex   -7.766212e+001 5.860327e+000 8.124994e+000
      vertex   -7.858830e+001 4.407018e+000 8.124994e+000
      vertex   -7.813434e+001 4.297963e+000 8.124994e+000
    endloop
  endfacet
  facet normal -0.000000e+000 0.000000e+000 9.771923e-001
    outer loop
      vertex   -7.813434e+001 4.297963e+000 8.124994e+000
      vertex   -7.766212e+001 4.260327e+000 8.124994e+000
      vertex   -7.766212e+001 5.860327e+000 8.124994e+000
    endloop
  endfacet
  facet normal -0.000000e+000 0.000000e+000 9.936118e-001
    outer loop
      vertex   -7.766212e+001 5.860327e+000 8.124994e+000
      vertex   -7.766212e+001 4.260327e+000 8.124994e+000
      vertex   -7.735001e+001 5.895775e+000 8.124994e+000
    endloop
  endfacet
  facet normal 0.000000e+000 0.000000e+000 9.173299e-001
    outer loop
      vertex   -7.735001e+001 5.895775e+000 8.124994e+000
      vertex   -7.766212e+001 4.260327e+000 8.124994e+000
      vertex   -7.494942e+001 4.260327e+000 8.124994e+000
    endloop
  endfacet
  facet normal -0.000000e+000 0.000000e+000 8.046476e-001
    outer loop
      vertex   -7.735001e+001 5.895775e+000 8.124994e+000
      vertex   -7.494942e+001 4.260327e+000 8.124994e+000
      vertex   -7.705505e+001 5.999134e+000 8.124994e+000
    endloop
  endfacet
  facet normal -0.000000e+000 0.000000e+000 9.490529e-001
    outer loop
      vertex   -7.705505e+001 5.999134e+000 8.124994e+000
      vertex   -7.494942e+001 4.260327e+000 8.124994e+000
      vertex   -7.678977e+001 6.165427e+000 8.124994e+000
    endloop
  endfacet
  facet normal -0.000000e+000 0.000000e+000 9.998506e-001
    outer loop
      vertex   -7.678977e+001 6.165427e+000 8.124994e+000
      vertex   -7.494942e+001 4.260327e+000 8.124994e+000
      vertex   -7.656721e+001 6.387985e+000 8.124994e+000
    endloop
  endfacet
  facet normal -0.000000e+000 0.000000e+000 9.356331e-001
    outer loop
      vertex   -7.656721e+001 6.387985e+000 8.124994e+000
      vertex   -7.494942e+001 4.260327e+000 8.124994e+000
      vertex   -7.640092e+001 6.653252e+000 8.124994e+000
    endloop
  endfacet
  facet normal -0.000000e+000 0.000000e+000 9.959624e-001
    outer loop
      vertex   -7.640092e+001 6.653252e+000 8.124994e+000
      vertex   -7.494942e+001 4.260327e+000 8.124994e+000
      vertex   -7.494942e+001 7.723024e+000 8.124994e+000
    endloop
  endfacet
  facet normal 0.000000e+000 0.000000e+000 5.629110e-001
    outer loop
      vertex   -7.640092e+001 6.653252e+000 8.124994e+000
      vertex   -7.494942e+001 7.723024e+000 8.124994e+000
      vertex   -7.629776e+001 6.946989e+000 8.124994e+000
    endloop
  endfacet
  facet normal 0.000000e+000 0.000000e+000 8.047642e-001
    outer loop
      vertex   -7.629776e+001 6.946989e+000 8.124994e+000
      vertex   -7.494942e+001 7.723024e+000 8.124994e+000
      vertex   -7.626212e+001 7.260327e+000 8.124994e+000
    endloop
  endfacet
  facet normal 0.000000e+000 -0.000000e+000 9.746575e-001
    outer loop
      vertex   -7.626212e+001 7.260327e+000 8.124994e+000
      vertex   -7.494942e+001 7.723024e+000 8.124994e+000
      vertex   -7.629776e+001 7.573666e+000 8.124994e+000
    endloop
  endfacet
  facet normal 0.000000e+000 -0.000000e+000 9.742481e-001
    outer loop
      vertex   -7.629776e+001 7.573666e+000 8.124994e+000
      vertex   -7.494942e+001 7.723024e+000 8.124994e+000
      vertex   -7.640092e+001 7.867402e+000 8.124994e+000
    endloop
  endfacet
  facet normal -0.000000e+000 -0.000000e+000 7.905493e-001
    outer loop
      vertex   -7.640092e+001 7.867402e+000 8.124994e+000
      vertex   -7.494942e+001 7.723024e+000 8.124994e+000
      vertex   -7.656721e+001 8.132669e+000 8.124994e+000
    endloop
  endfacet
  facet normal -0.000000e+000 -0.000000e+000 5.119041e-001
    outer loop
      vertex   -7.656721e+001 8.132669e+000 8.124994e+000
      vertex   -7.494942e+001 7.723024e+000 8.124994e+000
      vertex   -7.678977e+001 8.355227e+000 8.124994e+000
    endloop
  endfacet
  facet normal -0.000000e+000 0.000000e+000 8.729224e-001
    outer loop
      vertex   -7.678977e+001 8.355227e+000 8.124994e+000
      vertex   -7.494942e+001 7.723024e+000 8.124994e+000
      vertex   -7.466212e+001 1.026033e+001 8.124994e+000
    endloop
  endfacet
  facet normal 0.000000e+000 -0.000000e+000 9.608938e-001
    outer loop
      vertex   -7.678977e+001 8.355227e+000 8.124994e+000
      vertex   -7.466212e+001 1.026033e+001 8.124994e+000
      vertex   -7.705505e+001 8.521521e+000 8.124994e+000
    endloop
  endfacet
  facet normal 0.000000e+000 -0.000000e+000 8.222881e-001
    outer loop
      vertex   -7.705505e+001 8.521521e+000 8.124994e+000
      vertex   -7.466212e+001 1.026033e+001 8.124994e+000
      vertex   -7.735001e+001 8.624879e+000 8.124994e+000
    endloop
  endfacet
  facet normal 0.000000e+000 -0.000000e+000 6.128812e-001
    outer loop
      vertex   -7.735001e+001 8.624879e+000 8.124994e+000
      vertex   -7.466212e+001 1.026033e+001 8.124994e+000
      vertex   -7.766212e+001 8.660327e+000 8.124994e+000
    endloop
  endfacet
  facet normal 0.000000e+000 -0.000000e+000 3.680059e-001
    outer loop
      vertex   -7.766212e+001 8.660327e+000 8.124994e+000
      vertex   -7.466212e+001 1.026033e+001 8.124994e+000
      vertex   -7.797422e+001 8.624879e+000 8.124994e+000
    endloop
  endfacet
  facet normal 0.000000e+000 0.000000e+000 9.936501e-001
    outer loop
      vertex   -7.494942e+001 7.723024e+000 8.124994e+000
      vertex   -7.244942e+001 7.723024e+000 8.124994e+000
      vertex   -7.466212e+001 1.026033e+001 8.124994e+000
    endloop
  endfacet
  facet normal 0.000000e+000 0.000000e+000 3.387136e-001
    outer loop
      vertex   -2.835001e+001 6.389578e+001 8.124994e+000
      vertex   -2.866212e+001 6.386032e+001 8.124994e+000
      vertex   -3.166212e+001 6.226033e+001 8.124994e+000
    endloop
  endfacet
  facet normal 0.000000e+000 0.000000e+000 5.662208e-002
    outer loop
      vertex   -3.166212e+001 6.226033e+001 8.124994e+000
      vertex   -2.866212e+001 6.386032e+001 8.124994e+000
      vertex   -2.897422e+001 6.389578e+001 8.124994e+000
    endloop
  endfacet
  facet normal 0.000000e+000 0.000000e+000 8.168548e-002
    outer loop
      vertex   -3.166212e+001 6.226033e+001 8.124994e+000
      vertex   -2.897422e+001 6.389578e+001 8.124994e+000
      vertex   -2.926919e+001 6.399914e+001 8.124994e+000
    endloop
  endfacet
  facet normal 0.000000e+000 0.000000e+000 9.277480e-001
    outer loop
      vertex   -2.926919e+001 6.399914e+001 8.124994e+000
      vertex   -2.953446e+001 6.416543e+001 8.124994e+000
      vertex   -3.166212e+001 6.226033e+001 8.124994e+000
    endloop
  endfacet
  facet normal 0.000000e+000 0.000000e+000 1.100398e-001
    outer loop
      vertex   -3.166212e+001 6.226033e+001 8.124994e+000
      vertex   -2.953446e+001 6.416543e+001 8.124994e+000
      vertex   -2.975702e+001 6.438799e+001 8.124994e+000
    endloop
  endfacet
  facet normal 0.000000e+000 0.000000e+000 1.017033e-001
    outer loop
      vertex   -3.166212e+001 6.226033e+001 8.124994e+000
      vertex   -2.975702e+001 6.438799e+001 8.124994e+000
      vertex   -2.992330e+001 6.465326e+001 8.124994e+000
    endloop
  endfacet
  facet normal 0.000000e+000 0.000000e+000 8.227097e-001
    outer loop
      vertex   -2.992330e+001 6.465326e+001 8.124994e+000
      vertex   -3.002647e+001 6.494699e+001 8.124994e+000
      vertex   -3.166212e+001 6.226033e+001 8.124994e+000
    endloop
  endfacet
  facet normal 0.000000e+000 0.000000e+000 5.688088e-002
    outer loop
      vertex   -3.166212e+001 6.226033e+001 8.124994e+000
      vertex   -3.002647e+001 6.494699e+001 8.124994e+000
      vertex   -3.006212e+001 6.526033e+001 8.124994e+000
    endloop
  endfacet
  facet normal 0.000000e+000 0.000000e+000 3.139149e-002
    outer loop
      vertex   -3.166212e+001 6.226033e+001 8.124994e+000
      vertex   -3.006212e+001 6.526033e+001 8.124994e+000
      vertex   -3.002647e+001 6.557367e+001 8.124994e+000
    endloop
  endfacet
  facet normal 0.000000e+000 0.000000e+000 9.434949e-001
    outer loop
      vertex   -2.992330e+001 6.586740e+001 8.124994e+000
      vertex   -7.640092e+001 6.586740e+001 8.124994e+000
      vertex   -3.002647e+001 6.557367e+001 8.124994e+000
    endloop
  endfacet
  facet normal 0.000000e+000 0.000000e+000 6.333784e-003
    outer loop
      vertex   -3.002647e+001 6.557367e+001 8.124994e+000
      vertex   -7.640092e+001 6.586740e+001 8.124994e+000
      vertex   -7.629776e+001 6.557367e+001 8.124994e+000
    endloop
  endfacet
  facet normal 0.000000e+000 0.000000e+000 8.966910e-001
    outer loop
      vertex   -3.002647e+001 6.557367e+001 8.124994e+000
      vertex   -7.629776e+001 6.557367e+001 8.124994e+000
      vertex   -3.166212e+001 6.226033e+001 8.124994e+000
    endloop
  endfacet
  facet normal 0.000000e+000 0.000000e+000 7.402720e-002
    outer loop
      vertex   -3.166212e+001 6.226033e+001 8.124994e+000
      vertex   -7.629776e+001 6.557367e+001 8.124994e+000
      vertex   -7.466212e+001 6.226033e+001 8.124994e+000
    endloop
  endfacet
  facet normal 0.000000e+000 0.000000e+000 3.139381e-002
    outer loop
      vertex   -7.466212e+001 6.226033e+001 8.124994e+000
      vertex   -7.629776e+001 6.557367e+001 8.124994e+000
      vertex   -7.626212e+001 6.526033e+001 8.124994e+000
    endloop
  endfacet
  facet normal 0.000000e+000 0.000000e+000 5.687830e-002
    outer loop
      vertex   -7.466212e+001 6.226033e+001 8.124994e+000
      vertex   -7.626212e+001 6.526033e+001 8.124994e+000
      vertex   -7.629776e+001 6.494699e+001 8.124994e+000
    endloop
  endfacet
  facet normal 0.000000e+000 -0.000000e+000 8.472925e-001
    outer loop
      vertex   -2.992330e+001 6.586740e+001 8.124994e+000
      vertex   -2.975702e+001 6.613267e+001 8.124994e+000
      vertex   -7.640092e+001 6.586740e+001 8.124994e+000
    endloop
  endfacet
  facet normal -0.000000e+000 0.000000e+000 1.000000e+000
    outer loop
      vertex   -5.126105e+001 1.026033e+001 8.124994e+000
      vertex   -5.126105e+001 9.868276e+000 8.124994e+000
      vertex   -3.166212e+001 1.026033e+001 8.124994e+000
    endloop
  endfacet
  facet normal 0.000000e+000 0.000000e+000 8.915882e-001
    outer loop
      vertex   -3.166212e+001 1.026033e+001 8.124994e+000
      vertex   -5.126105e+001 9.868276e+000 8.124994e+000
      vertex   -3.006212e+001 7.260327e+000 8.124994e+000
    endloop
  endfacet
  facet normal 0.000000e+000 0.000000e+000 5.688085e-002
    outer loop
      vertex   -3.166212e+001 1.026033e+001 8.124994e+000
      vertex   -3.006212e+001 7.260327e+000 8.124994e+000
      vertex   -3.002647e+001 7.573666e+000 8.124994e+000
    endloop
  endfacet
  facet normal 0.000000e+000 0.000000e+000 7.736790e-001
    outer loop
      vertex   -7.629776e+001 6.494699e+001 8.124994e+000
      vertex   -7.640092e+001 6.465326e+001 8.124994e+000
      vertex   -7.466212e+001 6.226033e+001 8.124994e+000
    endloop
  endfacet
  facet normal 0.000000e+000 0.000000e+000 1.017054e-001
    outer loop
      vertex   -7.466212e+001 6.226033e+001 8.124994e+000
      vertex   -7.640092e+001 6.465326e+001 8.124994e+000
      vertex   -7.656721e+001 6.438799e+001 8.124994e+000
    endloop
  endfacet
  facet normal 0.000000e+000 0.000000e+000 1.100395e-001
    outer loop
      vertex   -7.466212e+001 6.226033e+001 8.124994e+000
      vertex   -7.656721e+001 6.438799e+001 8.124994e+000
      vertex   -7.678977e+001 6.416543e+001 8.124994e+000
    endloop
  endfacet
  facet normal 0.000000e+000 0.000000e+000 9.608918e-001
    outer loop
      vertex   -7.678977e+001 6.416543e+001 8.124994e+000
      vertex   -7.705505e+001 6.399914e+001 8.124994e+000
      vertex   -7.466212e+001 6.226033e+001 8.124994e+000
    endloop
  endfacet
  facet normal 0.000000e+000 0.000000e+000 8.168492e-002
    outer loop
      vertex   -7.466212e+001 6.226033e+001 8.124994e+000
      vertex   -7.705505e+001 6.399914e+001 8.124994e+000
      vertex   -7.735001e+001 6.389578e+001 8.124994e+000
    endloop
  endfacet
  facet normal 0.000000e+000 0.000000e+000 5.662276e-002
    outer loop
      vertex   -7.466212e+001 6.226033e+001 8.124994e+000
      vertex   -7.735001e+001 6.389578e+001 8.124994e+000
      vertex   -7.766212e+001 6.386032e+001 8.124994e+000
    endloop
  endfacet
  facet normal 0.000000e+000 0.000000e+000 3.679891e-001
    outer loop
      vertex   -7.766212e+001 6.386032e+001 8.124994e+000
      vertex   -7.797422e+001 6.389578e+001 8.124994e+000
      vertex   -7.466212e+001 6.226033e+001 8.124994e+000
    endloop
  endfacet
  facet normal 0.000000e+000 0.000000e+000 9.470459e-003
    outer loop
      vertex   -7.466212e+001 6.226033e+001 8.124994e+000
      vertex   -7.797422e+001 6.389578e+001 8.124994e+000
      vertex   -7.826920e+001 6.399914e+001 8.124994e+000
    endloop
  endfacet
  facet normal 0.000000e+000 0.000000e+000 6.248516e-001
    outer loop
      vertex   -2.926919e+001 5.999134e+000 8.124994e+000
      vertex   -2.953446e+001 6.165427e+000 8.124994e+000
      vertex   -2.866212e+001 4.260327e+000 8.124994e+000
    endloop
  endfacet
  facet normal 0.000000e+000 0.000000e+000 4.584381e-002
    outer loop
      vertex   -2.866212e+001 4.260327e+000 8.124994e+000
      vertex   -2.953446e+001 6.165427e+000 8.124994e+000
      vertex   -2.975702e+001 6.387985e+000 8.124994e+000
    endloop
  endfacet
  facet normal 0.000000e+000 0.000000e+000 7.527946e-001
    outer loop
      vertex   -2.866212e+001 4.260327e+000 8.124994e+000
      vertex   -2.975702e+001 6.387985e+000 8.124994e+000
      vertex   -5.126105e+001 9.868276e+000 8.124994e+000
    endloop
  endfacet
  facet normal 0.000000e+000 0.000000e+000 1.090404e-002
    outer loop
      vertex   -5.126105e+001 9.868276e+000 8.124994e+000
      vertex   -2.975702e+001 6.387985e+000 8.124994e+000
      vertex   -2.992330e+001 6.653252e+000 8.124994e+000
    endloop
  endfacet
  facet normal 0.000000e+000 0.000000e+000 1.283380e-002
    outer loop
      vertex   -5.126105e+001 9.868276e+000 8.124994e+000
      vertex   -2.992330e+001 6.653252e+000 8.124994e+000
      vertex   -3.002647e+001 6.946989e+000 8.124994e+000
    endloop
  endfacet
  facet normal 0.000000e+000 0.000000e+000 9.689088e-001
    outer loop
      vertex   -3.002647e+001 6.946989e+000 8.124994e+000
      vertex   -3.006212e+001 7.260327e+000 8.124994e+000
      vertex   -5.126105e+001 9.868276e+000 8.124994e+000
    endloop
  endfacet
  facet normal 0.000000e+000 -0.000000e+000 7.736851e-001
    outer loop
      vertex   -3.002647e+001 7.573666e+000 8.124994e+000
      vertex   -2.992330e+001 7.867402e+000 8.124994e+000
      vertex   -3.166212e+001 1.026033e+001 8.124994e+000
    endloop
  endfacet
  facet normal 0.000000e+000 0.000000e+000 1.017020e-001
    outer loop
      vertex   -3.166212e+001 1.026033e+001 8.124994e+000
      vertex   -2.992330e+001 7.867402e+000 8.124994e+000
      vertex   -2.975702e+001 8.132669e+000 8.124994e+000
    endloop
  endfacet
  facet normal 0.000000e+000 0.000000e+000 1.100401e-001
    outer loop
      vertex   -3.166212e+001 1.026033e+001 8.124994e+000
      vertex   -2.975702e+001 8.132669e+000 8.124994e+000
      vertex   -2.953446e+001 8.355227e+000 8.124994e+000
    endloop
  endfacet
  facet normal 0.000000e+000 -0.000000e+000 9.608960e-001
    outer loop
      vertex   -2.953446e+001 8.355227e+000 8.124994e+000
      vertex   -2.926919e+001 8.521521e+000 8.124994e+000
      vertex   -3.166212e+001 1.026033e+001 8.124994e+000
    endloop
  endfacet
  facet normal 0.000000e+000 0.000000e+000 8.168521e-002
    outer loop
      vertex   -3.166212e+001 1.026033e+001 8.124994e+000
      vertex   -2.926919e+001 8.521521e+000 8.124994e+000
      vertex   -2.897422e+001 8.624879e+000 8.124994e+000
    endloop
  endfacet
  facet normal 0.000000e+000 0.000000e+000 5.662054e-002
    outer loop
      vertex   -3.166212e+001 1.026033e+001 8.124994e+000
      vertex   -2.897422e+001 8.624879e+000 8.124994e+000
      vertex   -2.866212e+001 8.660327e+000 8.124994e+000
    endloop
  endfacet
  facet normal -0.000000e+000 -0.000000e+000 3.680078e-001
    outer loop
      vertex   -2.866212e+001 8.660327e+000 8.124994e+000
      vertex   -2.835001e+001 8.624879e+000 8.124994e+000
      vertex   -3.166212e+001 1.026033e+001 8.124994e+000
    endloop
  endfacet
  facet normal 0.000000e+000 0.000000e+000 9.470088e-003
    outer loop
      vertex   -3.166212e+001 1.026033e+001 8.124994e+000
      vertex   -2.835001e+001 8.624879e+000 8.124994e+000
      vertex   -2.805504e+001 8.521521e+000 8.124994e+000
    endloop
  endfacet
  facet normal 0.000000e+000 -0.000000e+000 -9.811746e-001
    outer loop
      vertex   -7.701219e+001 6.020816e+000 -8.875007e+000
      vertex   -7.673589e+001 4.406955e+000 -8.875007e+000
      vertex   -7.732447e+001 5.901878e+000 -8.875007e+000
    endloop
  endfacet
  facet normal 0.000000e+000 0.000000e+000 -2.865964e-001
    outer loop
      vertex   -7.732447e+001 5.901878e+000 -8.875007e+000
      vertex   -7.673589e+001 4.406955e+000 -8.875007e+000
      vertex   -7.718879e+001 4.298305e+000 -8.875007e+000
    endloop
  endfacet
  facet normal 0.000000e+000 -0.000000e+000 -9.992768e-001
    outer loop
      vertex   -7.732447e+001 5.901878e+000 -8.875007e+000
      vertex   -7.718879e+001 4.298305e+000 -8.875007e+000
      vertex   -7.766212e+001 5.860327e+000 -8.875007e+000
    endloop
  endfacet
  facet normal 0.000000e+000 0.000000e+000 -2.900004e-001
    outer loop
      vertex   -7.766212e+001 5.860327e+000 -8.875007e+000
      vertex   -7.718879e+001 4.298305e+000 -8.875007e+000
      vertex   -7.766212e+001 4.260327e+000 -8.875007e+000
    endloop
  endfacet
  facet normal 0.000000e+000 -0.000000e+000 -2.900047e-001
    outer loop
      vertex   -7.766212e+001 5.860327e+000 -8.875007e+000
      vertex   -7.766212e+001 4.260327e+000 -8.875007e+000
      vertex   -7.813545e+001 4.298305e+000 -8.875007e+000
    endloop
  endfacet
  facet normal 0.000000e+000 -0.000000e+000 -9.982889e-001
    outer loop
      vertex   -7.673421e+001 6.212046e+000 -8.875007e+000
      vertex   -7.589978e+001 4.832770e+000 -8.875007e+000
      vertex   -7.701219e+001 6.020816e+000 -8.875007e+000
    endloop
  endfacet
  facet normal 0.000000e+000 0.000000e+000 -2.869267e-001
    outer loop
      vertex   -7.701219e+001 6.020816e+000 -8.875007e+000
      vertex   -7.589978e+001 4.832770e+000 -8.875007e+000
      vertex   -7.629961e+001 4.588014e+000 -8.875007e+000
    endloop
  endfacet
  facet normal 0.000000e+000 0.000000e+000 -2.878210e-001
    outer loop
      vertex   -7.701219e+001 6.020816e+000 -8.875007e+000
      vertex   -7.629961e+001 4.588014e+000 -8.875007e+000
      vertex   -7.673589e+001 4.406955e+000 -8.875007e+000
    endloop
  endfacet
  facet normal 0.000000e+000 0.000000e+000 -9.867558e-001
    outer loop
      vertex   -7.589978e+001 4.832770e+000 -8.875007e+000
      vertex   -7.673421e+001 6.212046e+000 -8.875007e+000
      vertex   -7.554021e+001 5.139967e+000 -8.875007e+000
    endloop
  endfacet
  facet normal 0.000000e+000 0.000000e+000 -2.063844e-001
    outer loop
      vertex   -7.554021e+001 5.139967e+000 -8.875007e+000
      vertex   -7.673421e+001 6.212046e+000 -8.875007e+000
      vertex   -7.650960e+001 6.465961e+000 -8.875007e+000
    endloop
  endfacet
  facet normal 0.000000e+000 0.000000e+000 -9.730195e-001
    outer loop
      vertex   -7.554021e+001 5.139967e+000 -8.875007e+000
      vertex   -7.650960e+001 6.465961e+000 -8.875007e+000
      vertex   -7.523591e+001 5.496367e+000 -8.875007e+000
    endloop
  endfacet
  facet normal 0.000000e+000 0.000000e+000 -9.949585e-001
    outer loop
      vertex   -7.523591e+001 5.496367e+000 -8.875007e+000
      vertex   -7.650960e+001 6.465961e+000 -8.875007e+000
      vertex   -7.498873e+001 5.899339e+000 -8.875007e+000
    endloop
  endfacet
  facet normal 0.000000e+000 0.000000e+000 -2.064961e-001
    outer loop
      vertex   -7.498873e+001 5.899339e+000 -8.875007e+000
      vertex   -7.650960e+001 6.465961e+000 -8.875007e+000
      vertex   -7.635361e+001 6.763870e+000 -8.875007e+000
    endloop
  endfacet
  facet normal 0.000000e+000 0.000000e+000 -9.851298e-001
    outer loop
      vertex   -7.498873e+001 5.899339e+000 -8.875007e+000
      vertex   -7.635361e+001 6.763870e+000 -8.875007e+000
      vertex   -7.480953e+001 6.332873e+000 -8.875007e+000
    endloop
  endfacet
  facet normal 0.000000e+000 0.000000e+000 -2.042830e-001
    outer loop
      vertex   -7.480953e+001 6.332873e+000 -8.875007e+000
      vertex   -7.635361e+001 6.763870e+000 -8.875007e+000
      vertex   -7.627256e+001 7.090701e+000 -8.875007e+000
    endloop
  endfacet
  facet normal 0.000000e+000 0.000000e+000 -9.709986e-001
    outer loop
      vertex   -7.480953e+001 6.332873e+000 -8.875007e+000
      vertex   -7.627256e+001 7.090701e+000 -8.875007e+000
      vertex   -7.469899e+001 6.791517e+000 -8.875007e+000
    endloop
  endfacet
  facet normal 0.000000e+000 0.000000e+000 -9.939139e-001
    outer loop
      vertex   -7.469899e+001 6.791517e+000 -8.875007e+000
      vertex   -7.627256e+001 7.090701e+000 -8.875007e+000
      vertex   -7.466258e+001 7.260327e+000 -8.875007e+000
    endloop
  endfacet
  facet normal -0.000000e+000 0.000000e+000 -2.084056e-001
    outer loop
      vertex   -7.466258e+001 7.260327e+000 -8.875007e+000
      vertex   -7.627256e+001 7.090701e+000 -8.875007e+000
      vertex   -7.627256e+001 7.429954e+000 -8.875007e+000
    endloop
  endfacet
  facet normal 0.000000e+000 0.000000e+000 -9.833974e-001
    outer loop
      vertex   -7.466258e+001 7.260327e+000 -8.875007e+000
      vertex   -7.627256e+001 7.429954e+000 -8.875007e+000
      vertex   -7.469899e+001 7.729137e+000 -8.875007e+000
    endloop
  endfacet
  facet normal -0.000000e+000 0.000000e+000 -9.988182e-001
    outer loop
      vertex   -7.469899e+001 7.729137e+000 -8.875007e+000
      vertex   -7.627256e+001 7.429954e+000 -8.875007e+000
      vertex   -7.480953e+001 8.187781e+000 -8.875007e+000
    endloop
  endfacet
  facet normal 0.000000e+000 0.000000e+000 -2.042830e-001
    outer loop
      vertex   -7.480953e+001 8.187781e+000 -8.875007e+000
      vertex   -7.627256e+001 7.429954e+000 -8.875007e+000
      vertex   -7.635361e+001 7.756784e+000 -8.875007e+000
    endloop
  endfacet
  facet normal -0.000000e+000 0.000000e+000 -9.928378e-001
    outer loop
      vertex   -7.480953e+001 8.187781e+000 -8.875007e+000
      vertex   -7.635361e+001 7.756784e+000 -8.875007e+000
      vertex   -7.498873e+001 8.621316e+000 -8.875007e+000
    endloop
  endfacet
  facet normal 0.000000e+000 0.000000e+000 -2.064963e-001
    outer loop
      vertex   -7.498873e+001 8.621316e+000 -8.875007e+000
      vertex   -7.635361e+001 7.756784e+000 -8.875007e+000
      vertex   -7.650960e+001 8.054694e+000 -8.875007e+000
    endloop
  endfacet
  facet normal -0.000000e+000 0.000000e+000 -9.813237e-001
    outer loop
      vertex   -7.498873e+001 8.621316e+000 -8.875007e+000
      vertex   -7.650960e+001 8.054694e+000 -8.875007e+000
      vertex   -7.523591e+001 9.024287e+000 -8.875007e+000
    endloop
  endfacet
  facet normal -0.000000e+000 0.000000e+000 -9.984300e-001
    outer loop
      vertex   -7.523591e+001 9.024287e+000 -8.875007e+000
      vertex   -7.650960e+001 8.054694e+000 -8.875007e+000
      vertex   -7.554021e+001 9.380687e+000 -8.875007e+000
    endloop
  endfacet
  facet normal 0.000000e+000 0.000000e+000 -2.063842e-001
    outer loop
      vertex   -7.554021e+001 9.380687e+000 -8.875007e+000
      vertex   -7.650960e+001 8.054694e+000 -8.875007e+000
      vertex   -7.673421e+001 8.308608e+000 -8.875007e+000
    endloop
  endfacet
  facet normal -0.000000e+000 0.000000e+000 -9.912816e-001
    outer loop
      vertex   -7.554021e+001 9.380687e+000 -8.875007e+000
      vertex   -7.673421e+001 8.308608e+000 -8.875007e+000
      vertex   -7.589978e+001 9.687884e+000 -8.875007e+000
    endloop
  endfacet
  facet normal 0.000000e+000 0.000000e+000 -2.069521e-001
    outer loop
      vertex   -7.589978e+001 9.687884e+000 -8.875007e+000
      vertex   -7.673421e+001 8.308608e+000 -8.875007e+000
      vertex   -7.701219e+001 8.499838e+000 -8.875007e+000
    endloop
  endfacet
  facet normal -0.000000e+000 0.000000e+000 -9.794213e-001
    outer loop
      vertex   -7.589978e+001 9.687884e+000 -8.875007e+000
      vertex   -7.701219e+001 8.499838e+000 -8.875007e+000
      vertex   -7.629961e+001 9.932640e+000 -8.875007e+000
    endloop
  endfacet
  facet normal -0.000000e+000 0.000000e+000 -9.976795e-001
    outer loop
      vertex   -7.629961e+001 9.932640e+000 -8.875007e+000
      vertex   -7.701219e+001 8.499838e+000 -8.875007e+000
      vertex   -7.673589e+001 1.011370e+001 -8.875007e+000
    endloop
  endfacet
  facet normal 0.000000e+000 0.000000e+000 -2.040753e-001
    outer loop
      vertex   -7.673589e+001 1.011370e+001 -8.875007e+000
      vertex   -7.701219e+001 8.499838e+000 -8.875007e+000
      vertex   -7.732447e+001 8.618776e+000 -8.875007e+000
    endloop
  endfacet
  facet normal -0.000000e+000 0.000000e+000 -9.902667e-001
    outer loop
      vertex   -7.673589e+001 1.011370e+001 -8.875007e+000
      vertex   -7.732447e+001 8.618776e+000 -8.875007e+000
      vertex   -7.718879e+001 1.022235e+001 -8.875007e+000
    endloop
  endfacet
  facet normal 0.000000e+000 0.000000e+000 -2.082805e-001
    outer loop
      vertex   -7.718879e+001 1.022235e+001 -8.875007e+000
      vertex   -7.732447e+001 8.618776e+000 -8.875007e+000
      vertex   -7.766212e+001 8.660327e+000 -8.875007e+000
    endloop
  endfacet
  facet normal -0.000000e+000 0.000000e+000 -9.771548e-001
    outer loop
      vertex   -7.718879e+001 1.022235e+001 -8.875007e+000
      vertex   -7.766212e+001 8.660327e+000 -8.875007e+000
      vertex   -7.766212e+001 1.026033e+001 -8.875007e+000
    endloop
  endfacet
  facet normal 0.000000e+000 -0.000000e+000 -9.967966e-001
    outer loop
      vertex   -7.766212e+001 1.026033e+001 -8.875007e+000
      vertex   -7.766212e+001 8.660327e+000 -8.875007e+000
      vertex   -7.813545e+001 1.022235e+001 -8.875007e+000
    endloop
  endfacet
  facet normal 0.000000e+000 0.000000e+000 -2.082802e-001
    outer loop
      vertex   -7.813545e+001 1.022235e+001 -8.875007e+000
      vertex   -7.766212e+001 8.660327e+000 -8.875007e+000
      vertex   -7.799976e+001 8.618776e+000 -8.875007e+000
    endloop
  endfacet
  facet normal 0.000000e+000 -0.000000e+000 -9.886163e-001
    outer loop
      vertex   -7.813545e+001 1.022235e+001 -8.875007e+000
      vertex   -7.799976e+001 8.618776e+000 -8.875007e+000
      vertex   -7.858836e+001 1.011370e+001 -8.875007e+000
    endloop
  endfacet
  facet normal 0.000000e+000 0.000000e+000 -2.040751e-001
    outer loop
      vertex   -7.858836e+001 1.011370e+001 -8.875007e+000
      vertex   -7.799976e+001 8.618776e+000 -8.875007e+000
      vertex   -7.831204e+001 8.499838e+000 -8.875007e+000
    endloop
  endfacet
  facet normal 0.000000e+000 -0.000000e+000 -9.750581e-001
    outer loop
      vertex   -7.858836e+001 1.011370e+001 -8.875007e+000
      vertex   -7.831204e+001 8.499838e+000 -8.875007e+000
      vertex   -7.902463e+001 9.932640e+000 -8.875007e+000
    endloop
  endfacet
  facet normal 0.000000e+000 -0.000000e+000 -9.961485e-001
    outer loop
      vertex   -7.902463e+001 9.932640e+000 -8.875007e+000
      vertex   -7.831204e+001 8.499838e+000 -8.875007e+000
      vertex   -7.942445e+001 9.687884e+000 -8.875007e+000
    endloop
  endfacet
  facet normal 0.000000e+000 0.000000e+000 -2.069521e-001
    outer loop
      vertex   -7.942445e+001 9.687884e+000 -8.875007e+000
      vertex   -7.831204e+001 8.499838e+000 -8.875007e+000
      vertex   -7.859002e+001 8.308608e+000 -8.875007e+000
    endloop
  endfacet
  facet normal 0.000000e+000 -0.000000e+000 -9.867555e-001
    outer loop
      vertex   -7.942445e+001 9.687884e+000 -8.875007e+000
      vertex   -7.859002e+001 8.308608e+000 -8.875007e+000
      vertex   -7.978403e+001 9.380687e+000 -8.875007e+000
    endloop
  endfacet
  facet normal 0.000000e+000 0.000000e+000 -2.063842e-001
    outer loop
      vertex   -7.978403e+001 9.380687e+000 -8.875007e+000
      vertex   -7.859002e+001 8.308608e+000 -8.875007e+000
      vertex   -7.881464e+001 8.054694e+000 -8.875007e+000
    endloop
  endfacet
  facet normal 0.000000e+000 -0.000000e+000 -9.730199e-001
    outer loop
      vertex   -7.978403e+001 9.380687e+000 -8.875007e+000
      vertex   -7.881464e+001 8.054694e+000 -8.875007e+000
      vertex   -8.008833e+001 9.024287e+000 -8.875007e+000
    endloop
  endfacet
  facet normal 0.000000e+000 -0.000000e+000 -9.949584e-001
    outer loop
      vertex   -8.008833e+001 9.024287e+000 -8.875007e+000
      vertex   -7.881464e+001 8.054694e+000 -8.875007e+000
      vertex   -8.033550e+001 8.621315e+000 -8.875007e+000
    endloop
  endfacet
  facet normal 0.000000e+000 0.000000e+000 -2.064964e-001
    outer loop
      vertex   -8.033550e+001 8.621315e+000 -8.875007e+000
      vertex   -7.881464e+001 8.054694e+000 -8.875007e+000
      vertex   -7.897063e+001 7.756784e+000 -8.875007e+000
    endloop
  endfacet
  facet normal 0.000000e+000 -0.000000e+000 -9.851324e-001
    outer loop
      vertex   -8.033550e+001 8.621315e+000 -8.875007e+000
      vertex   -7.897063e+001 7.756784e+000 -8.875007e+000
      vertex   -8.051471e+001 8.187781e+000 -8.875007e+000
    endloop
  endfacet
  facet normal 0.000000e+000 0.000000e+000 -2.042822e-001
    outer loop
      vertex   -8.051471e+001 8.187781e+000 -8.875007e+000
      vertex   -7.897063e+001 7.756784e+000 -8.875007e+000
      vertex   -7.905167e+001 7.429954e+000 -8.875007e+000
    endloop
  endfacet
  facet normal 0.000000e+000 -0.000000e+000 -9.709953e-001
    outer loop
      vertex   -8.051471e+001 8.187781e+000 -8.875007e+000
      vertex   -7.905167e+001 7.429954e+000 -8.875007e+000
      vertex   -8.062524e+001 7.729137e+000 -8.875007e+000
    endloop
  endfacet
  facet normal 0.000000e+000 -0.000000e+000 -9.939139e-001
    outer loop
      vertex   -8.062524e+001 7.729137e+000 -8.875007e+000
      vertex   -7.905167e+001 7.429954e+000 -8.875007e+000
      vertex   -8.066165e+001 7.260327e+000 -8.875007e+000
    endloop
  endfacet
  facet normal 0.000000e+000 0.000000e+000 -2.084056e-001
    outer loop
      vertex   -8.066165e+001 7.260327e+000 -8.875007e+000
      vertex   -7.905167e+001 7.429954e+000 -8.875007e+000
      vertex   -7.905167e+001 7.090701e+000 -8.875007e+000
    endloop
  endfacet
  facet normal 0.000000e+000 0.000000e+000 -9.833974e-001
    outer loop
      vertex   -8.066165e+001 7.260327e+000 -8.875007e+000
      vertex   -7.905167e+001 7.090701e+000 -8.875007e+000
      vertex   -8.062524e+001 6.791517e+000 -8.875007e+000
    endloop
  endfacet
  facet normal 0.000000e+000 0.000000e+000 -9.988190e-001
    outer loop
      vertex   -8.062524e+001 6.791517e+000 -8.875007e+000
      vertex   -7.905167e+001 7.090701e+000 -8.875007e+000
      vertex   -8.051471e+001 6.332873e+000 -8.875007e+000
    endloop
  endfacet
  facet normal 0.000000e+000 0.000000e+000 -2.042822e-001
    outer loop
      vertex   -8.051471e+001 6.332873e+000 -8.875007e+000
      vertex   -7.905167e+001 7.090701e+000 -8.875007e+000
      vertex   -7.897063e+001 6.763870e+000 -8.875007e+000
    endloop
  endfacet
  facet normal 0.000000e+000 0.000000e+000 -9.928358e-001
    outer loop
      vertex   -8.051471e+001 6.332873e+000 -8.875007e+000
      vertex   -7.897063e+001 6.763870e+000 -8.875007e+000
      vertex   -8.033550e+001 5.899339e+000 -8.875007e+000
    endloop
  endfacet
  facet normal 0.000000e+000 0.000000e+000 -2.064961e-001
    outer loop
      vertex   -8.033550e+001 5.899339e+000 -8.875007e+000
      vertex   -7.897063e+001 6.763870e+000 -8.875007e+000
      vertex   -7.881464e+001 6.465961e+000 -8.875007e+000
    endloop
  endfacet
  facet normal 0.000000e+000 0.000000e+000 -9.813238e-001
    outer loop
      vertex   -8.033550e+001 5.899339e+000 -8.875007e+000
      vertex   -7.881464e+001 6.465961e+000 -8.875007e+000
      vertex   -8.008833e+001 5.496367e+000 -8.875007e+000
    endloop
  endfacet
  facet normal 0.000000e+000 0.000000e+000 -9.984301e-001
    outer loop
      vertex   -8.008833e+001 5.496367e+000 -8.875007e+000
      vertex   -7.881464e+001 6.465961e+000 -8.875007e+000
      vertex   -7.978403e+001 5.139967e+000 -8.875007e+000
    endloop
  endfacet
  facet normal 0.000000e+000 0.000000e+000 -2.063844e-001
    outer loop
      vertex   -7.978403e+001 5.139967e+000 -8.875007e+000
      vertex   -7.881464e+001 6.465961e+000 -8.875007e+000
      vertex   -7.859002e+001 6.212046e+000 -8.875007e+000
    endloop
  endfacet
  facet normal 0.000000e+000 0.000000e+000 -9.912814e-001
    outer loop
      vertex   -7.978403e+001 5.139967e+000 -8.875007e+000
      vertex   -7.859002e+001 6.212046e+000 -8.875007e+000
      vertex   -7.942445e+001 4.832770e+000 -8.875007e+000
    endloop
  endfacet
  facet normal 0.000000e+000 0.000000e+000 -2.069522e-001
    outer loop
      vertex   -7.942445e+001 4.832770e+000 -8.875007e+000
      vertex   -7.859002e+001 6.212046e+000 -8.875007e+000
      vertex   -7.831204e+001 6.020816e+000 -8.875007e+000
    endloop
  endfacet
  facet normal 0.000000e+000 0.000000e+000 -9.794214e-001
    outer loop
      vertex   -7.942445e+001 4.832770e+000 -8.875007e+000
      vertex   -7.831204e+001 6.020816e+000 -8.875007e+000
      vertex   -7.902463e+001 4.588014e+000 -8.875007e+000
    endloop
  endfacet
  facet normal 0.000000e+000 0.000000e+000 -9.976799e-001
    outer loop
      vertex   -7.902463e+001 4.588014e+000 -8.875007e+000
      vertex   -7.831204e+001 6.020816e+000 -8.875007e+000
      vertex   -7.858836e+001 4.406955e+000 -8.875007e+000
    endloop
  endfacet
  facet normal 0.000000e+000 0.000000e+000 -2.040750e-001
    outer loop
      vertex   -7.858836e+001 4.406955e+000 -8.875007e+000
      vertex   -7.831204e+001 6.020816e+000 -8.875007e+000
      vertex   -7.799976e+001 5.901878e+000 -8.875007e+000
    endloop
  endfacet
  facet normal 0.000000e+000 0.000000e+000 -9.902661e-001
    outer loop
      vertex   -7.858836e+001 4.406955e+000 -8.875007e+000
      vertex   -7.799976e+001 5.901878e+000 -8.875007e+000
      vertex   -7.813545e+001 4.298305e+000 -8.875007e+000
    endloop
  endfacet
  facet normal 0.000000e+000 0.000000e+000 -2.082803e-001
    outer loop
      vertex   -7.813545e+001 4.298305e+000 -8.875007e+000
      vertex   -7.799976e+001 5.901878e+000 -8.875007e+000
      vertex   -7.766212e+001 5.860327e+000 -8.875007e+000
    endloop
  endfacet
  facet normal 0.000000e+000 0.000000e+000 -9.852763e-001
    outer loop
      vertex   -2.866212e+001 6.666032e+001 -8.875007e+000
      vertex   -2.818878e+001 6.822235e+001 -8.875007e+000
      vertex   -2.832447e+001 6.661878e+001 -8.875007e+000
    endloop
  endfacet
  facet normal 0.000000e+000 0.000000e+000 -2.865948e-001
    outer loop
      vertex   -2.832447e+001 6.661878e+001 -8.875007e+000
      vertex   -2.818878e+001 6.822235e+001 -8.875007e+000
      vertex   -2.773588e+001 6.811370e+001 -8.875007e+000
    endloop
  endfacet
  facet normal 0.000000e+000 0.000000e+000 -9.999377e-001
    outer loop
      vertex   -2.832447e+001 6.661878e+001 -8.875007e+000
      vertex   -2.773588e+001 6.811370e+001 -8.875007e+000
      vertex   -2.801219e+001 6.649984e+001 -8.875007e+000
    endloop
  endfacet
  facet normal 0.000000e+000 0.000000e+000 -2.878163e-001
    outer loop
      vertex   -2.801219e+001 6.649984e+001 -8.875007e+000
      vertex   -2.773588e+001 6.811370e+001 -8.875007e+000
      vertex   -2.729961e+001 6.793265e+001 -8.875007e+000
    endloop
  endfacet
  facet normal 0.000000e+000 0.000000e+000 -2.869298e-001
    outer loop
      vertex   -2.801219e+001 6.649984e+001 -8.875007e+000
      vertex   -2.729961e+001 6.793265e+001 -8.875007e+000
      vertex   -2.689977e+001 6.768789e+001 -8.875007e+000
    endloop
  endfacet
  facet normal 0.000000e+000 0.000000e+000 -9.992778e-001
    outer loop
      vertex   -2.899977e+001 6.661878e+001 -8.875007e+000
      vertex   -2.913545e+001 6.822235e+001 -8.875007e+000
      vertex   -2.866212e+001 6.666032e+001 -8.875007e+000
    endloop
  endfacet
  facet normal 0.000000e+000 0.000000e+000 -2.900017e-001
    outer loop
      vertex   -2.866212e+001 6.666032e+001 -8.875007e+000
      vertex   -2.913545e+001 6.822235e+001 -8.875007e+000
      vertex   -2.866212e+001 6.826032e+001 -8.875007e+000
    endloop
  endfacet
  facet normal 0.000000e+000 0.000000e+000 -2.900050e-001
    outer loop
      vertex   -2.866212e+001 6.666032e+001 -8.875007e+000
      vertex   -2.866212e+001 6.826032e+001 -8.875007e+000
      vertex   -2.818878e+001 6.822235e+001 -8.875007e+000
    endloop
  endfacet
  facet normal 0.000000e+000 -0.000000e+000 -9.886160e-001
    outer loop
      vertex   -2.913545e+001 6.822235e+001 -8.875007e+000
      vertex   -2.899977e+001 6.661878e+001 -8.875007e+000
      vertex   -2.958835e+001 6.811370e+001 -8.875007e+000
    endloop
  endfacet
  facet normal 0.000000e+000 0.000000e+000 -2.040716e-001
    outer loop
      vertex   -2.958835e+001 6.811370e+001 -8.875007e+000
      vertex   -2.899977e+001 6.661878e+001 -8.875007e+000
      vertex   -2.931204e+001 6.649984e+001 -8.875007e+000
    endloop
  endfacet
  facet normal 0.000000e+000 -0.000000e+000 -9.750611e-001
    outer loop
      vertex   -2.958835e+001 6.811370e+001 -8.875007e+000
      vertex   -2.931204e+001 6.649984e+001 -8.875007e+000
      vertex   -3.002463e+001 6.793265e+001 -8.875007e+000
    endloop
  endfacet
  facet normal 0.000000e+000 -0.000000e+000 -9.961489e-001
    outer loop
      vertex   -3.002463e+001 6.793265e+001 -8.875007e+000
      vertex   -2.931204e+001 6.649984e+001 -8.875007e+000
      vertex   -3.042446e+001 6.768789e+001 -8.875007e+000
    endloop
  endfacet
  facet normal 0.000000e+000 0.000000e+000 -2.069458e-001
    outer loop
      vertex   -3.042446e+001 6.768789e+001 -8.875007e+000
      vertex   -2.931204e+001 6.649984e+001 -8.875007e+000
      vertex   -2.959001e+001 6.630862e+001 -8.875007e+000
    endloop
  endfacet
  facet normal 0.000000e+000 -0.000000e+000 -9.867559e-001
    outer loop
      vertex   -3.042446e+001 6.768789e+001 -8.875007e+000
      vertex   -2.959001e+001 6.630862e+001 -8.875007e+000
      vertex   -3.078403e+001 6.738069e+001 -8.875007e+000
    endloop
  endfacet
  facet normal 0.000000e+000 0.000000e+000 -2.063947e-001
    outer loop
      vertex   -3.078403e+001 6.738069e+001 -8.875007e+000
      vertex   -2.959001e+001 6.630862e+001 -8.875007e+000
      vertex   -2.981464e+001 6.605469e+001 -8.875007e+000
    endloop
  endfacet
  facet normal 0.000000e+000 -0.000000e+000 -9.730165e-001
    outer loop
      vertex   -3.078403e+001 6.738069e+001 -8.875007e+000
      vertex   -2.981464e+001 6.605469e+001 -8.875007e+000
      vertex   -3.108833e+001 6.702428e+001 -8.875007e+000
    endloop
  endfacet
  facet normal 0.000000e+000 -0.000000e+000 -9.949589e-001
    outer loop
      vertex   -3.108833e+001 6.702428e+001 -8.875007e+000
      vertex   -2.981464e+001 6.605469e+001 -8.875007e+000
      vertex   -3.133550e+001 6.662132e+001 -8.875007e+000
    endloop
  endfacet
  facet normal 0.000000e+000 0.000000e+000 -2.064888e-001
    outer loop
      vertex   -3.133550e+001 6.662132e+001 -8.875007e+000
      vertex   -2.981464e+001 6.605469e+001 -8.875007e+000
      vertex   -2.997062e+001 6.575679e+001 -8.875007e+000
    endloop
  endfacet
  facet normal 0.000000e+000 -0.000000e+000 -9.851283e-001
    outer loop
      vertex   -3.133550e+001 6.662132e+001 -8.875007e+000
      vertex   -2.997062e+001 6.575679e+001 -8.875007e+000
      vertex   -3.151470e+001 6.618777e+001 -8.875007e+000
    endloop
  endfacet
  facet normal 0.000000e+000 0.000000e+000 -2.042852e-001
    outer loop
      vertex   -3.151470e+001 6.618777e+001 -8.875007e+000
      vertex   -2.997062e+001 6.575679e+001 -8.875007e+000
      vertex   -3.005167e+001 6.542995e+001 -8.875007e+000
    endloop
  endfacet
  facet normal 0.000000e+000 -0.000000e+000 -9.710049e-001
    outer loop
      vertex   -3.151470e+001 6.618777e+001 -8.875007e+000
      vertex   -3.005167e+001 6.542995e+001 -8.875007e+000
      vertex   -3.162525e+001 6.572914e+001 -8.875007e+000
    endloop
  endfacet
  facet normal 0.000000e+000 -0.000000e+000 -9.939111e-001
    outer loop
      vertex   -3.162525e+001 6.572914e+001 -8.875007e+000
      vertex   -3.005167e+001 6.542995e+001 -8.875007e+000
      vertex   -3.166165e+001 6.526033e+001 -8.875007e+000
    endloop
  endfacet
  facet normal 0.000000e+000 0.000000e+000 -2.084076e-001
    outer loop
      vertex   -3.166165e+001 6.526033e+001 -8.875007e+000
      vertex   -3.005167e+001 6.542995e+001 -8.875007e+000
      vertex   -3.005167e+001 6.509070e+001 -8.875007e+000
    endloop
  endfacet
  facet normal 0.000000e+000 0.000000e+000 -9.834012e-001
    outer loop
      vertex   -3.166165e+001 6.526033e+001 -8.875007e+000
      vertex   -3.005167e+001 6.509070e+001 -8.875007e+000
      vertex   -3.162525e+001 6.479152e+001 -8.875007e+000
    endloop
  endfacet
  facet normal 0.000000e+000 0.000000e+000 -9.988176e-001
    outer loop
      vertex   -3.162525e+001 6.479152e+001 -8.875007e+000
      vertex   -3.005167e+001 6.509070e+001 -8.875007e+000
      vertex   -3.151470e+001 6.433286e+001 -8.875007e+000
    endloop
  endfacet
  facet normal 0.000000e+000 0.000000e+000 -2.042798e-001
    outer loop
      vertex   -3.151470e+001 6.433286e+001 -8.875007e+000
      vertex   -3.005167e+001 6.509070e+001 -8.875007e+000
      vertex   -2.997062e+001 6.476387e+001 -8.875007e+000
    endloop
  endfacet
  facet normal 0.000000e+000 0.000000e+000 -9.928378e-001
    outer loop
      vertex   -3.151470e+001 6.433286e+001 -8.875007e+000
      vertex   -2.997062e+001 6.476387e+001 -8.875007e+000
      vertex   -3.133550e+001 6.389935e+001 -8.875007e+000
    endloop
  endfacet
  facet normal 0.000000e+000 0.000000e+000 -2.064931e-001
    outer loop
      vertex   -3.133550e+001 6.389935e+001 -8.875007e+000
      vertex   -2.997062e+001 6.476387e+001 -8.875007e+000
      vertex   -2.981464e+001 6.446597e+001 -8.875007e+000
    endloop
  endfacet
  facet normal 0.000000e+000 0.000000e+000 -9.813248e-001
    outer loop
      vertex   -3.133550e+001 6.389935e+001 -8.875007e+000
      vertex   -2.981464e+001 6.446597e+001 -8.875007e+000
      vertex   -3.108833e+001 6.349636e+001 -8.875007e+000
    endloop
  endfacet
  facet normal 0.000000e+000 0.000000e+000 -9.984300e-001
    outer loop
      vertex   -3.108833e+001 6.349636e+001 -8.875007e+000
      vertex   -2.981464e+001 6.446597e+001 -8.875007e+000
      vertex   -3.078403e+001 6.313997e+001 -8.875007e+000
    endloop
  endfacet
  facet normal 0.000000e+000 0.000000e+000 -2.063885e-001
    outer loop
      vertex   -3.078403e+001 6.313997e+001 -8.875007e+000
      vertex   -2.981464e+001 6.446597e+001 -8.875007e+000
      vertex   -2.959001e+001 6.421205e+001 -8.875007e+000
    endloop
  endfacet
  facet normal 0.000000e+000 0.000000e+000 -9.912814e-001
    outer loop
      vertex   -3.078403e+001 6.313997e+001 -8.875007e+000
      vertex   -2.959001e+001 6.421205e+001 -8.875007e+000
      vertex   -3.042446e+001 6.283278e+001 -8.875007e+000
    endloop
  endfacet
  facet normal 0.000000e+000 0.000000e+000 -2.069486e-001
    outer loop
      vertex   -3.042446e+001 6.283278e+001 -8.875007e+000
      vertex   -2.959001e+001 6.421205e+001 -8.875007e+000
      vertex   -2.931204e+001 6.402082e+001 -8.875007e+000
    endloop
  endfacet
  facet normal 0.000000e+000 0.000000e+000 -9.794182e-001
    outer loop
      vertex   -3.042446e+001 6.283278e+001 -8.875007e+000
      vertex   -2.931204e+001 6.402082e+001 -8.875007e+000
      vertex   -3.002463e+001 6.258802e+001 -8.875007e+000
    endloop
  endfacet
  facet normal 0.000000e+000 0.000000e+000 -9.976799e-001
    outer loop
      vertex   -3.002463e+001 6.258802e+001 -8.875007e+000
      vertex   -2.931204e+001 6.402082e+001 -8.875007e+000
      vertex   -2.958835e+001 6.240696e+001 -8.875007e+000
    endloop
  endfacet
  facet normal 0.000000e+000 0.000000e+000 -2.040716e-001
    outer loop
      vertex   -2.958835e+001 6.240696e+001 -8.875007e+000
      vertex   -2.931204e+001 6.402082e+001 -8.875007e+000
      vertex   -2.899977e+001 6.390188e+001 -8.875007e+000
    endloop
  endfacet
  facet normal 0.000000e+000 0.000000e+000 -9.902673e-001
    outer loop
      vertex   -2.958835e+001 6.240696e+001 -8.875007e+000
      vertex   -2.899977e+001 6.390188e+001 -8.875007e+000
      vertex   -2.913545e+001 6.229831e+001 -8.875007e+000
    endloop
  endfacet
  facet normal 0.000000e+000 0.000000e+000 -2.082820e-001
    outer loop
      vertex   -2.913545e+001 6.229831e+001 -8.875007e+000
      vertex   -2.899977e+001 6.390188e+001 -8.875007e+000
      vertex   -2.866212e+001 6.386032e+001 -8.875007e+000
    endloop
  endfacet
  facet normal 0.000000e+000 0.000000e+000 -9.771545e-001
    outer loop
      vertex   -2.913545e+001 6.229831e+001 -8.875007e+000
      vertex   -2.866212e+001 6.386032e+001 -8.875007e+000
      vertex   -2.866212e+001 6.226033e+001 -8.875007e+000
    endloop
  endfacet
  facet normal 0.000000e+000 0.000000e+000 -9.967965e-001
    outer loop
      vertex   -2.866212e+001 6.226033e+001 -8.875007e+000
      vertex   -2.866212e+001 6.386032e+001 -8.875007e+000
      vertex   -2.818878e+001 6.229831e+001 -8.875007e+000
    endloop
  endfacet
  facet normal 0.000000e+000 0.000000e+000 -2.082818e-001
    outer loop
      vertex   -2.818878e+001 6.229831e+001 -8.875007e+000
      vertex   -2.866212e+001 6.386032e+001 -8.875007e+000
      vertex   -2.832447e+001 6.390188e+001 -8.875007e+000
    endloop
  endfacet
  facet normal 0.000000e+000 0.000000e+000 -9.886149e-001
    outer loop
      vertex   -2.818878e+001 6.229831e+001 -8.875007e+000
      vertex   -2.832447e+001 6.390188e+001 -8.875007e+000
      vertex   -2.773588e+001 6.240696e+001 -8.875007e+000
    endloop
  endfacet
  facet normal 0.000000e+000 0.000000e+000 -2.040772e-001
    outer loop
      vertex   -2.773588e+001 6.240696e+001 -8.875007e+000
      vertex   -2.832447e+001 6.390188e+001 -8.875007e+000
      vertex   -2.801219e+001 6.402082e+001 -8.875007e+000
    endloop
  endfacet
  facet normal 0.000000e+000 0.000000e+000 -9.750569e-001
    outer loop
      vertex   -2.773588e+001 6.240696e+001 -8.875007e+000
      vertex   -2.801219e+001 6.402082e+001 -8.875007e+000
      vertex   -2.729961e+001 6.258802e+001 -8.875007e+000
    endloop
  endfacet
  facet normal 0.000000e+000 0.000000e+000 -9.961491e-001
    outer loop
      vertex   -2.729961e+001 6.258802e+001 -8.875007e+000
      vertex   -2.801219e+001 6.402082e+001 -8.875007e+000
      vertex   -2.689977e+001 6.283278e+001 -8.875007e+000
    endloop
  endfacet
  facet normal 0.000000e+000 0.000000e+000 -2.069474e-001
    outer loop
      vertex   -2.689977e+001 6.283278e+001 -8.875007e+000
      vertex   -2.801219e+001 6.402082e+001 -8.875007e+000
      vertex   -2.773422e+001 6.421205e+001 -8.875007e+000
    endloop
  endfacet
  facet normal 0.000000e+000 0.000000e+000 -9.867566e-001
    outer loop
      vertex   -2.689977e+001 6.283278e+001 -8.875007e+000
      vertex   -2.773422e+001 6.421205e+001 -8.875007e+000
      vertex   -2.654021e+001 6.313997e+001 -8.875007e+000
    endloop
  endfacet
  facet normal 0.000000e+000 0.000000e+000 -2.063870e-001
    outer loop
      vertex   -2.654021e+001 6.313997e+001 -8.875007e+000
      vertex   -2.773422e+001 6.421205e+001 -8.875007e+000
      vertex   -2.750960e+001 6.446597e+001 -8.875007e+000
    endloop
  endfacet
  facet normal 0.000000e+000 0.000000e+000 -9.730208e-001
    outer loop
      vertex   -2.654021e+001 6.313997e+001 -8.875007e+000
      vertex   -2.750960e+001 6.446597e+001 -8.875007e+000
      vertex   -2.623591e+001 6.349636e+001 -8.875007e+000
    endloop
  endfacet
  facet normal 0.000000e+000 0.000000e+000 -9.949570e-001
    outer loop
      vertex   -2.623591e+001 6.349636e+001 -8.875007e+000
      vertex   -2.750960e+001 6.446597e+001 -8.875007e+000
      vertex   -2.598873e+001 6.389935e+001 -8.875007e+000
    endloop
  endfacet
  facet normal 0.000000e+000 0.000000e+000 -2.064927e-001
    outer loop
      vertex   -2.598873e+001 6.389935e+001 -8.875007e+000
      vertex   -2.750960e+001 6.446597e+001 -8.875007e+000
      vertex   -2.735361e+001 6.476387e+001 -8.875007e+000
    endloop
  endfacet
  facet normal 0.000000e+000 0.000000e+000 -9.851334e-001
    outer loop
      vertex   -2.598873e+001 6.389935e+001 -8.875007e+000
      vertex   -2.735361e+001 6.476387e+001 -8.875007e+000
      vertex   -2.580953e+001 6.433286e+001 -8.875007e+000
    endloop
  endfacet
  facet normal 0.000000e+000 0.000000e+000 -2.042792e-001
    outer loop
      vertex   -2.580953e+001 6.433286e+001 -8.875007e+000
      vertex   -2.735361e+001 6.476387e+001 -8.875007e+000
      vertex   -2.727257e+001 6.509070e+001 -8.875007e+000
    endloop
  endfacet
  facet normal 0.000000e+000 0.000000e+000 -9.709978e-001
    outer loop
      vertex   -2.580953e+001 6.433286e+001 -8.875007e+000
      vertex   -2.727257e+001 6.509070e+001 -8.875007e+000
      vertex   -2.569898e+001 6.479152e+001 -8.875007e+000
    endloop
  endfacet
  facet normal 0.000000e+000 0.000000e+000 -9.939143e-001
    outer loop
      vertex   -2.569898e+001 6.479152e+001 -8.875007e+000
      vertex   -2.727257e+001 6.509070e+001 -8.875007e+000
      vertex   -2.566258e+001 6.526033e+001 -8.875007e+000
    endloop
  endfacet
  facet normal -0.000000e+000 0.000000e+000 -2.084062e-001
    outer loop
      vertex   -2.566258e+001 6.526033e+001 -8.875007e+000
      vertex   -2.727257e+001 6.509070e+001 -8.875007e+000
      vertex   -2.727257e+001 6.542995e+001 -8.875007e+000
    endloop
  endfacet
  facet normal 0.000000e+000 0.000000e+000 -9.833978e-001
    outer loop
      vertex   -2.566258e+001 6.526033e+001 -8.875007e+000
      vertex   -2.727257e+001 6.542995e+001 -8.875007e+000
      vertex   -2.569898e+001 6.572914e+001 -8.875007e+000
    endloop
  endfacet
  facet normal -0.000000e+000 0.000000e+000 -9.988178e-001
    outer loop
      vertex   -2.569898e+001 6.572914e+001 -8.875007e+000
      vertex   -2.727257e+001 6.542995e+001 -8.875007e+000
      vertex   -2.580953e+001 6.618777e+001 -8.875007e+000
    endloop
  endfacet
  facet normal 0.000000e+000 0.000000e+000 -2.042846e-001
    outer loop
      vertex   -2.580953e+001 6.618777e+001 -8.875007e+000
      vertex   -2.727257e+001 6.542995e+001 -8.875007e+000
      vertex   -2.735361e+001 6.575679e+001 -8.875007e+000
    endloop
  endfacet
  facet normal -0.000000e+000 0.000000e+000 -9.928370e-001
    outer loop
      vertex   -2.580953e+001 6.618777e+001 -8.875007e+000
      vertex   -2.735361e+001 6.575679e+001 -8.875007e+000
      vertex   -2.598873e+001 6.662132e+001 -8.875007e+000
    endloop
  endfacet
  facet normal 0.000000e+000 0.000000e+000 -2.064884e-001
    outer loop
      vertex   -2.598873e+001 6.662132e+001 -8.875007e+000
      vertex   -2.735361e+001 6.575679e+001 -8.875007e+000
      vertex   -2.750960e+001 6.605469e+001 -8.875007e+000
    endloop
  endfacet
  facet normal -0.000000e+000 0.000000e+000 -9.813240e-001
    outer loop
      vertex   -2.598873e+001 6.662132e+001 -8.875007e+000
      vertex   -2.750960e+001 6.605469e+001 -8.875007e+000
      vertex   -2.623591e+001 6.702428e+001 -8.875007e+000
    endloop
  endfacet
  facet normal -0.000000e+000 0.000000e+000 -9.984307e-001
    outer loop
      vertex   -2.623591e+001 6.702428e+001 -8.875007e+000
      vertex   -2.750960e+001 6.605469e+001 -8.875007e+000
      vertex   -2.654021e+001 6.738069e+001 -8.875007e+000
    endloop
  endfacet
  facet normal 0.000000e+000 0.000000e+000 -2.063931e-001
    outer loop
      vertex   -2.654021e+001 6.738069e+001 -8.875007e+000
      vertex   -2.750960e+001 6.605469e+001 -8.875007e+000
      vertex   -2.773422e+001 6.630862e+001 -8.875007e+000
    endloop
  endfacet
  facet normal -0.000000e+000 0.000000e+000 -9.912816e-001
    outer loop
      vertex   -2.654021e+001 6.738069e+001 -8.875007e+000
      vertex   -2.773422e+001 6.630862e+001 -8.875007e+000
      vertex   -2.689977e+001 6.768789e+001 -8.875007e+000
    endloop
  endfacet
  facet normal 0.000000e+000 0.000000e+000 -2.069446e-001
    outer loop
      vertex   -2.689977e+001 6.768789e+001 -8.875007e+000
      vertex   -2.773422e+001 6.630862e+001 -8.875007e+000
      vertex   -2.801219e+001 6.649984e+001 -8.875007e+000
    endloop
  endfacet
  facet normal 0.000000e+000 0.000000e+000 -9.995760e-001
    outer loop
      vertex   -7.635361e+001 6.575679e+001 -8.875007e+000
      vertex   -7.480953e+001 6.618777e+001 -8.875007e+000
      vertex   -7.627256e+001 6.542995e+001 -8.875007e+000
    endloop
  endfacet
  facet normal 0.000000e+000 0.000000e+000 -2.859893e-001
    outer loop
      vertex   -7.627256e+001 6.542995e+001 -8.875007e+000
      vertex   -7.480953e+001 6.618777e+001 -8.875007e+000
      vertex   -7.469899e+001 6.572914e+001 -8.875007e+000
    endloop
  endfacet
  facet normal 0.000000e+000 0.000000e+000 -2.886923e-001
    outer loop
      vertex   -7.627256e+001 6.542995e+001 -8.875007e+000
      vertex   -7.469899e+001 6.572914e+001 -8.875007e+000
      vertex   -7.466258e+001 6.526033e+001 -8.875007e+000
    endloop
  endfacet
  facet normal -0.000000e+000 0.000000e+000 -9.928375e-001
    outer loop
      vertex   -7.480953e+001 6.618777e+001 -8.875007e+000
      vertex   -7.635361e+001 6.575679e+001 -8.875007e+000
      vertex   -7.498873e+001 6.662132e+001 -8.875007e+000
    endloop
  endfacet
  facet normal 0.000000e+000 0.000000e+000 -2.064897e-001
    outer loop
      vertex   -7.498873e+001 6.662132e+001 -8.875007e+000
      vertex   -7.635361e+001 6.575679e+001 -8.875007e+000
      vertex   -7.650960e+001 6.605469e+001 -8.875007e+000
    endloop
  endfacet
  facet normal -0.000000e+000 0.000000e+000 -9.813240e-001
    outer loop
      vertex   -7.498873e+001 6.662132e+001 -8.875007e+000
      vertex   -7.650960e+001 6.605469e+001 -8.875007e+000
      vertex   -7.523591e+001 6.702428e+001 -8.875007e+000
    endloop
  endfacet
  facet normal -0.000000e+000 0.000000e+000 -9.984307e-001
    outer loop
      vertex   -7.523591e+001 6.702428e+001 -8.875007e+000
      vertex   -7.650960e+001 6.605469e+001 -8.875007e+000
      vertex   -7.554021e+001 6.738069e+001 -8.875007e+000
    endloop
  endfacet
  facet normal 0.000000e+000 0.000000e+000 -2.063900e-001
    outer loop
      vertex   -7.554021e+001 6.738069e+001 -8.875007e+000
      vertex   -7.650960e+001 6.605469e+001 -8.875007e+000
      vertex   -7.673421e+001 6.630862e+001 -8.875007e+000
    endloop
  endfacet
  facet normal -0.000000e+000 0.000000e+000 -9.912813e-001
    outer loop
      vertex   -7.554021e+001 6.738069e+001 -8.875007e+000
      vertex   -7.673421e+001 6.630862e+001 -8.875007e+000
      vertex   -7.589978e+001 6.768789e+001 -8.875007e+000
    endloop
  endfacet
  facet normal 0.000000e+000 0.000000e+000 -2.069497e-001
    outer loop
      vertex   -7.589978e+001 6.768789e+001 -8.875007e+000
      vertex   -7.673421e+001 6.630862e+001 -8.875007e+000
      vertex   -7.701219e+001 6.649984e+001 -8.875007e+000
    endloop
  endfacet
  facet normal -0.000000e+000 0.000000e+000 -9.794226e-001
    outer loop
      vertex   -7.589978e+001 6.768789e+001 -8.875007e+000
      vertex   -7.701219e+001 6.649984e+001 -8.875007e+000
      vertex   -7.629961e+001 6.793265e+001 -8.875007e+000
    endloop
  endfacet
  facet normal -0.000000e+000 0.000000e+000 -9.976788e-001
    outer loop
      vertex   -7.629961e+001 6.793265e+001 -8.875007e+000
      vertex   -7.701219e+001 6.649984e+001 -8.875007e+000
      vertex   -7.673589e+001 6.811370e+001 -8.875007e+000
    endloop
  endfacet
  facet normal 0.000000e+000 0.000000e+000 -2.040762e-001
    outer loop
      vertex   -7.673589e+001 6.811370e+001 -8.875007e+000
      vertex   -7.701219e+001 6.649984e+001 -8.875007e+000
      vertex   -7.732447e+001 6.661878e+001 -8.875007e+000
    endloop
  endfacet
  facet normal -0.000000e+000 0.000000e+000 -9.902666e-001
    outer loop
      vertex   -7.673589e+001 6.811370e+001 -8.875007e+000
      vertex   -7.732447e+001 6.661878e+001 -8.875007e+000
      vertex   -7.718879e+001 6.822235e+001 -8.875007e+000
    endloop
  endfacet
  facet normal 0.000000e+000 0.000000e+000 -2.082795e-001
    outer loop
      vertex   -7.718879e+001 6.822235e+001 -8.875007e+000
      vertex   -7.732447e+001 6.661878e+001 -8.875007e+000
      vertex   -7.766212e+001 6.666032e+001 -8.875007e+000
    endloop
  endfacet
  facet normal -0.000000e+000 0.000000e+000 -9.771520e-001
    outer loop
      vertex   -7.718879e+001 6.822235e+001 -8.875007e+000
      vertex   -7.766212e+001 6.666032e+001 -8.875007e+000
      vertex   -7.766212e+001 6.826032e+001 -8.875007e+000
    endloop
  endfacet
  facet normal 0.000000e+000 -0.000000e+000 -9.967977e-001
    outer loop
      vertex   -7.766212e+001 6.826032e+001 -8.875007e+000
      vertex   -7.766212e+001 6.666032e+001 -8.875007e+000
      vertex   -7.813545e+001 6.822235e+001 -8.875007e+000
    endloop
  endfacet
  facet normal 0.000000e+000 0.000000e+000 -2.082792e-001
    outer loop
      vertex   -7.813545e+001 6.822235e+001 -8.875007e+000
      vertex   -7.766212e+001 6.666032e+001 -8.875007e+000
      vertex   -7.799976e+001 6.661878e+001 -8.875007e+000
    endloop
  endfacet
  facet normal 0.000000e+000 -0.000000e+000 -9.886163e-001
    outer loop
      vertex   -7.813545e+001 6.822235e+001 -8.875007e+000
      vertex   -7.799976e+001 6.661878e+001 -8.875007e+000
      vertex   -7.858836e+001 6.811370e+001 -8.875007e+000
    endloop
  endfacet
  facet normal 0.000000e+000 0.000000e+000 -2.040760e-001
    outer loop
      vertex   -7.858836e+001 6.811370e+001 -8.875007e+000
      vertex   -7.799976e+001 6.661878e+001 -8.875007e+000
      vertex   -7.831204e+001 6.649984e+001 -8.875007e+000
    endloop
  endfacet
  facet normal 0.000000e+000 -0.000000e+000 -9.750606e-001
    outer loop
      vertex   -7.858836e+001 6.811370e+001 -8.875007e+000
      vertex   -7.831204e+001 6.649984e+001 -8.875007e+000
      vertex   -7.902463e+001 6.793265e+001 -8.875007e+000
    endloop
  endfacet
  facet normal 0.000000e+000 -0.000000e+000 -9.961479e-001
    outer loop
      vertex   -7.902463e+001 6.793265e+001 -8.875007e+000
      vertex   -7.831204e+001 6.649984e+001 -8.875007e+000
      vertex   -7.942445e+001 6.768789e+001 -8.875007e+000
    endloop
  endfacet
  facet normal 0.000000e+000 0.000000e+000 -2.069497e-001
    outer loop
      vertex   -7.942445e+001 6.768789e+001 -8.875007e+000
      vertex   -7.831204e+001 6.649984e+001 -8.875007e+000
      vertex   -7.859002e+001 6.630862e+001 -8.875007e+000
    endloop
  endfacet
  facet normal 0.000000e+000 -0.000000e+000 -9.867557e-001
    outer loop
      vertex   -7.942445e+001 6.768789e+001 -8.875007e+000
      vertex   -7.859002e+001 6.630862e+001 -8.875007e+000
      vertex   -7.978403e+001 6.738069e+001 -8.875007e+000
    endloop
  endfacet
  facet normal 0.000000e+000 0.000000e+000 -2.063900e-001
    outer loop
      vertex   -7.978403e+001 6.738069e+001 -8.875007e+000
      vertex   -7.859002e+001 6.630862e+001 -8.875007e+000
      vertex   -7.881464e+001 6.605469e+001 -8.875007e+000
    endloop
  endfacet
  facet normal 0.000000e+000 -0.000000e+000 -9.730194e-001
    outer loop
      vertex   -7.978403e+001 6.738069e+001 -8.875007e+000
      vertex   -7.881464e+001 6.605469e+001 -8.875007e+000
      vertex   -8.008833e+001 6.702428e+001 -8.875007e+000
    endloop
  endfacet
  facet normal 0.000000e+000 -0.000000e+000 -9.949574e-001
    outer loop
      vertex   -8.008833e+001 6.702428e+001 -8.875007e+000
      vertex   -7.881464e+001 6.605469e+001 -8.875007e+000
      vertex   -8.033550e+001 6.662132e+001 -8.875007e+000
    endloop
  endfacet
  facet normal 0.000000e+000 0.000000e+000 -2.064897e-001
    outer loop
      vertex   -8.033550e+001 6.662132e+001 -8.875007e+000
      vertex   -7.881464e+001 6.605469e+001 -8.875007e+000
      vertex   -7.897063e+001 6.575679e+001 -8.875007e+000
    endloop
  endfacet
  facet normal 0.000000e+000 -0.000000e+000 -9.851320e-001
    outer loop
      vertex   -8.033550e+001 6.662132e+001 -8.875007e+000
      vertex   -7.897063e+001 6.575679e+001 -8.875007e+000
      vertex   -8.051471e+001 6.618777e+001 -8.875007e+000
    endloop
  endfacet
  facet normal 0.000000e+000 0.000000e+000 -2.042854e-001
    outer loop
      vertex   -8.051471e+001 6.618777e+001 -8.875007e+000
      vertex   -7.897063e+001 6.575679e+001 -8.875007e+000
      vertex   -7.905167e+001 6.542995e+001 -8.875007e+000
    endloop
  endfacet
  facet normal 0.000000e+000 -0.000000e+000 -9.709976e-001
    outer loop
      vertex   -8.051471e+001 6.618777e+001 -8.875007e+000
      vertex   -7.905167e+001 6.542995e+001 -8.875007e+000
      vertex   -8.062524e+001 6.572914e+001 -8.875007e+000
    endloop
  endfacet
  facet normal 0.000000e+000 -0.000000e+000 -9.939137e-001
    outer loop
      vertex   -8.062524e+001 6.572914e+001 -8.875007e+000
      vertex   -7.905167e+001 6.542995e+001 -8.875007e+000
      vertex   -8.066165e+001 6.526033e+001 -8.875007e+000
    endloop
  endfacet
  facet normal 0.000000e+000 0.000000e+000 -2.084076e-001
    outer loop
      vertex   -8.066165e+001 6.526033e+001 -8.875007e+000
      vertex   -7.905167e+001 6.542995e+001 -8.875007e+000
      vertex   -7.905167e+001 6.509070e+001 -8.875007e+000
    endloop
  endfacet
  facet normal 0.000000e+000 0.000000e+000 -9.833968e-001
    outer loop
      vertex   -8.066165e+001 6.526033e+001 -8.875007e+000
      vertex   -7.905167e+001 6.509070e+001 -8.875007e+000
      vertex   -8.062524e+001 6.479152e+001 -8.875007e+000
    endloop
  endfacet
  facet normal 0.000000e+000 0.000000e+000 -9.988192e-001
    outer loop
      vertex   -8.062524e+001 6.479152e+001 -8.875007e+000
      vertex   -7.905167e+001 6.509070e+001 -8.875007e+000
      vertex   -8.051471e+001 6.433286e+001 -8.875007e+000
    endloop
  endfacet
  facet normal 0.000000e+000 0.000000e+000 -2.042800e-001
    outer loop
      vertex   -8.051471e+001 6.433286e+001 -8.875007e+000
      vertex   -7.905167e+001 6.509070e+001 -8.875007e+000
      vertex   -7.897063e+001 6.476387e+001 -8.875007e+000
    endloop
  endfacet
  facet normal 0.000000e+000 0.000000e+000 -9.928350e-001
    outer loop
      vertex   -8.051471e+001 6.433286e+001 -8.875007e+000
      vertex   -7.897063e+001 6.476387e+001 -8.875007e+000
      vertex   -8.033550e+001 6.389935e+001 -8.875007e+000
    endloop
  endfacet
  facet normal 0.000000e+000 0.000000e+000 -2.064940e-001
    outer loop
      vertex   -8.033550e+001 6.389935e+001 -8.875007e+000
      vertex   -7.897063e+001 6.476387e+001 -8.875007e+000
      vertex   -7.881464e+001 6.446597e+001 -8.875007e+000
    endloop
  endfacet
  facet normal 0.000000e+000 0.000000e+000 -9.813256e-001
    outer loop
      vertex   -8.033550e+001 6.389935e+001 -8.875007e+000
      vertex   -7.881464e+001 6.446597e+001 -8.875007e+000
      vertex   -8.008833e+001 6.349636e+001 -8.875007e+000
    endloop
  endfacet
  facet normal 0.000000e+000 0.000000e+000 -9.984300e-001
    outer loop
      vertex   -8.008833e+001 6.349636e+001 -8.875007e+000
      vertex   -7.881464e+001 6.446597e+001 -8.875007e+000
      vertex   -7.978403e+001 6.313997e+001 -8.875007e+000
    endloop
  endfacet
  facet normal 0.000000e+000 0.000000e+000 -2.063839e-001
    outer loop
      vertex   -7.978403e+001 6.313997e+001 -8.875007e+000
      vertex   -7.881464e+001 6.446597e+001 -8.875007e+000
      vertex   -7.859002e+001 6.421205e+001 -8.875007e+000
    endloop
  endfacet
  facet normal 0.000000e+000 0.000000e+000 -9.912810e-001
    outer loop
      vertex   -7.978403e+001 6.313997e+001 -8.875007e+000
      vertex   -7.859002e+001 6.421205e+001 -8.875007e+000
      vertex   -7.942445e+001 6.283278e+001 -8.875007e+000
    endloop
  endfacet
  facet normal 0.000000e+000 0.000000e+000 -2.069525e-001
    outer loop
      vertex   -7.942445e+001 6.283278e+001 -8.875007e+000
      vertex   -7.859002e+001 6.421205e+001 -8.875007e+000
      vertex   -7.831204e+001 6.402082e+001 -8.875007e+000
    endloop
  endfacet
  facet normal 0.000000e+000 0.000000e+000 -9.794209e-001
    outer loop
      vertex   -7.942445e+001 6.283278e+001 -8.875007e+000
      vertex   -7.831204e+001 6.402082e+001 -8.875007e+000
      vertex   -7.902463e+001 6.258802e+001 -8.875007e+000
    endloop
  endfacet
  facet normal 0.000000e+000 0.000000e+000 -9.976801e-001
    outer loop
      vertex   -7.902463e+001 6.258802e+001 -8.875007e+000
      vertex   -7.831204e+001 6.402082e+001 -8.875007e+000
      vertex   -7.858836e+001 6.240696e+001 -8.875007e+000
    endloop
  endfacet
  facet normal 0.000000e+000 0.000000e+000 -2.040760e-001
    outer loop
      vertex   -7.858836e+001 6.240696e+001 -8.875007e+000
      vertex   -7.831204e+001 6.402082e+001 -8.875007e+000
      vertex   -7.799976e+001 6.390188e+001 -8.875007e+000
    endloop
  endfacet
  facet normal 0.000000e+000 0.000000e+000 -9.902672e-001
    outer loop
      vertex   -7.858836e+001 6.240696e+001 -8.875007e+000
      vertex   -7.799976e+001 6.390188e+001 -8.875007e+000
      vertex   -7.813545e+001 6.229831e+001 -8.875007e+000
    endloop
  endfacet
  facet normal 0.000000e+000 0.000000e+000 -2.082807e-001
    outer loop
      vertex   -7.813545e+001 6.229831e+001 -8.875007e+000
      vertex   -7.799976e+001 6.390188e+001 -8.875007e+000
      vertex   -7.766212e+001 6.386032e+001 -8.875007e+000
    endloop
  endfacet
  facet normal 0.000000e+000 0.000000e+000 -9.771539e-001
    outer loop
      vertex   -7.813545e+001 6.229831e+001 -8.875007e+000
      vertex   -7.766212e+001 6.386032e+001 -8.875007e+000
      vertex   -7.766212e+001 6.226033e+001 -8.875007e+000
    endloop
  endfacet
  facet normal 0.000000e+000 0.000000e+000 -9.967964e-001
    outer loop
      vertex   -7.766212e+001 6.226033e+001 -8.875007e+000
      vertex   -7.766212e+001 6.386032e+001 -8.875007e+000
      vertex   -7.718879e+001 6.229831e+001 -8.875007e+000
    endloop
  endfacet
  facet normal 0.000000e+000 0.000000e+000 -2.082810e-001
    outer loop
      vertex   -7.718879e+001 6.229831e+001 -8.875007e+000
      vertex   -7.766212e+001 6.386032e+001 -8.875007e+000
      vertex   -7.732447e+001 6.390188e+001 -8.875007e+000
    endloop
  endfacet
  facet normal 0.000000e+000 0.000000e+000 -9.886144e-001
    outer loop
      vertex   -7.718879e+001 6.229831e+001 -8.875007e+000
      vertex   -7.732447e+001 6.390188e+001 -8.875007e+000
      vertex   -7.673589e+001 6.240696e+001 -8.875007e+000
    endloop
  endfacet
  facet normal 0.000000e+000 0.000000e+000 -2.040762e-001
    outer loop
      vertex   -7.673589e+001 6.240696e+001 -8.875007e+000
      vertex   -7.732447e+001 6.390188e+001 -8.875007e+000
      vertex   -7.701219e+001 6.402082e+001 -8.875007e+000
    endloop
  endfacet
  facet normal 0.000000e+000 0.000000e+000 -9.750577e-001
    outer loop
      vertex   -7.673589e+001 6.240696e+001 -8.875007e+000
      vertex   -7.701219e+001 6.402082e+001 -8.875007e+000
      vertex   -7.629961e+001 6.258802e+001 -8.875007e+000
    endloop
  endfacet
  facet normal 0.000000e+000 0.000000e+000 -9.961487e-001
    outer loop
      vertex   -7.629961e+001 6.258802e+001 -8.875007e+000
      vertex   -7.701219e+001 6.402082e+001 -8.875007e+000
      vertex   -7.589978e+001 6.283278e+001 -8.875007e+000
    endloop
  endfacet
  facet normal 0.000000e+000 0.000000e+000 -2.069525e-001
    outer loop
      vertex   -7.589978e+001 6.283278e+001 -8.875007e+000
      vertex   -7.701219e+001 6.402082e+001 -8.875007e+000
      vertex   -7.673421e+001 6.421205e+001 -8.875007e+000
    endloop
  endfacet
  facet normal 0.000000e+000 0.000000e+000 -9.867565e-001
    outer loop
      vertex   -7.589978e+001 6.283278e+001 -8.875007e+000
      vertex   -7.673421e+001 6.421205e+001 -8.875007e+000
      vertex   -7.554021e+001 6.313997e+001 -8.875007e+000
    endloop
  endfacet
  facet normal 0.000000e+000 0.000000e+000 -2.063839e-001
    outer loop
      vertex   -7.554021e+001 6.313997e+001 -8.875007e+000
      vertex   -7.673421e+001 6.421205e+001 -8.875007e+000
      vertex   -7.650960e+001 6.446597e+001 -8.875007e+000
    endloop
  endfacet
  facet normal 6.867320e-004 5.020464e-004 -9.730196e-001
    outer loop
      vertex   -7.554021e+001 6.313997e+001 -8.875007e+000
      vertex   -7.650960e+001 6.446597e+001 -8.875007e+000
      vertex   -7.523592e+001 6.349635e+001 -8.874608e+000
    endloop
  endfacet
  facet normal -2.984669e-004 -8.011159e-004 -9.949564e-001
    outer loop
      vertex   -7.523592e+001 6.349635e+001 -8.874608e+000
      vertex   -7.650960e+001 6.446597e+001 -8.875007e+000
      vertex   -7.498873e+001 6.389935e+001 -8.875007e+000
    endloop
  endfacet
  facet normal 0.000000e+000 0.000000e+000 -2.064940e-001
    outer loop
      vertex   -7.498873e+001 6.389935e+001 -8.875007e+000
      vertex   -7.650960e+001 6.446597e+001 -8.875007e+000
      vertex   -7.635361e+001 6.476387e+001 -8.875007e+000
    endloop
  endfacet
  facet normal 0.000000e+000 0.000000e+000 -9.851326e-001
    outer loop
      vertex   -7.498873e+001 6.389935e+001 -8.875007e+000
      vertex   -7.635361e+001 6.476387e+001 -8.875007e+000
      vertex   -7.480953e+001 6.433286e+001 -8.875007e+000
    endloop
  endfacet
  facet normal 0.000000e+000 0.000000e+000 -2.042809e-001
    outer loop
      vertex   -7.480953e+001 6.433286e+001 -8.875007e+000
      vertex   -7.635361e+001 6.476387e+001 -8.875007e+000
      vertex   -7.627256e+001 6.509070e+001 -8.875007e+000
    endloop
  endfacet
  facet normal 0.000000e+000 0.000000e+000 -9.709962e-001
    outer loop
      vertex   -7.480953e+001 6.433286e+001 -8.875007e+000
      vertex   -7.627256e+001 6.509070e+001 -8.875007e+000
      vertex   -7.469899e+001 6.479152e+001 -8.875007e+000
    endloop
  endfacet
  facet normal 0.000000e+000 0.000000e+000 -9.939141e-001
    outer loop
      vertex   -7.469899e+001 6.479152e+001 -8.875007e+000
      vertex   -7.627256e+001 6.509070e+001 -8.875007e+000
      vertex   -7.466258e+001 6.526033e+001 -8.875007e+000
    endloop
  endfacet
  facet normal -0.000000e+000 0.000000e+000 -2.084076e-001
    outer loop
      vertex   -7.466258e+001 6.526033e+001 -8.875007e+000
      vertex   -7.627256e+001 6.509070e+001 -8.875007e+000
      vertex   -7.627256e+001 6.542995e+001 -8.875007e+000
    endloop
  endfacet
  facet normal 0.000000e+000 -0.000000e+000 -9.769220e-001
    outer loop
      vertex   -2.750960e+001 6.465961e+000 -8.875007e+000
      vertex   -2.654021e+001 5.139967e+000 -8.875007e+000
      vertex   -2.773422e+001 6.212046e+000 -8.875007e+000
    endloop
  endfacet
  facet normal 0.000000e+000 0.000000e+000 -2.908125e-001
    outer loop
      vertex   -2.773422e+001 6.212046e+000 -8.875007e+000
      vertex   -2.654021e+001 5.139967e+000 -8.875007e+000
      vertex   -2.689977e+001 4.832770e+000 -8.875007e+000
    endloop
  endfacet
  facet normal 0.000000e+000 -0.000000e+000 -9.982883e-001
    outer loop
      vertex   -2.773422e+001 6.212046e+000 -8.875007e+000
      vertex   -2.689977e+001 4.832770e+000 -8.875007e+000
      vertex   -2.801219e+001 6.020816e+000 -8.875007e+000
    endloop
  endfacet
  facet normal 0.000000e+000 0.000000e+000 -2.869296e-001
    outer loop
      vertex   -2.801219e+001 6.020816e+000 -8.875007e+000
      vertex   -2.689977e+001 4.832770e+000 -8.875007e+000
      vertex   -2.729961e+001 4.588014e+000 -8.875007e+000
    endloop
  endfacet
  facet normal 0.000000e+000 0.000000e+000 -2.878178e-001
    outer loop
      vertex   -2.801219e+001 6.020816e+000 -8.875007e+000
      vertex   -2.729961e+001 4.588014e+000 -8.875007e+000
      vertex   -2.773588e+001 4.406955e+000 -8.875007e+000
    endloop
  endfacet
  facet normal 0.000000e+000 -0.000000e+000 -9.966176e-001
    outer loop
      vertex   -2.735361e+001 6.763870e+000 -8.875007e+000
      vertex   -2.598873e+001 5.899339e+000 -8.875007e+000
      vertex   -2.750960e+001 6.465961e+000 -8.875007e+000
    endloop
  endfacet
  facet normal 0.000000e+000 0.000000e+000 -2.898088e-001
    outer loop
      vertex   -2.750960e+001 6.465961e+000 -8.875007e+000
      vertex   -2.598873e+001 5.899339e+000 -8.875007e+000
      vertex   -2.623591e+001 5.496367e+000 -8.875007e+000
    endloop
  endfacet
  facet normal 0.000000e+000 0.000000e+000 -2.848610e-001
    outer loop
      vertex   -2.750960e+001 6.465961e+000 -8.875007e+000
      vertex   -2.623591e+001 5.496367e+000 -8.875007e+000
      vertex   -2.654021e+001 5.139967e+000 -8.875007e+000
    endloop
  endfacet
  facet normal 0.000000e+000 0.000000e+000 -9.851307e-001
    outer loop
      vertex   -2.598873e+001 5.899339e+000 -8.875007e+000
      vertex   -2.735361e+001 6.763870e+000 -8.875007e+000
      vertex   -2.580953e+001 6.332873e+000 -8.875007e+000
    endloop
  endfacet
  facet normal 0.000000e+000 0.000000e+000 -2.042813e-001
    outer loop
      vertex   -2.580953e+001 6.332873e+000 -8.875007e+000
      vertex   -2.735361e+001 6.763870e+000 -8.875007e+000
      vertex   -2.727257e+001 7.090701e+000 -8.875007e+000
    endloop
  endfacet
  facet normal 0.000000e+000 0.000000e+000 -9.710001e-001
    outer loop
      vertex   -2.580953e+001 6.332873e+000 -8.875007e+000
      vertex   -2.727257e+001 7.090701e+000 -8.875007e+000
      vertex   -2.569898e+001 6.791517e+000 -8.875007e+000
    endloop
  endfacet
  facet normal 0.000000e+000 0.000000e+000 -9.939140e-001
    outer loop
      vertex   -2.569898e+001 6.791517e+000 -8.875007e+000
      vertex   -2.727257e+001 7.090701e+000 -8.875007e+000
      vertex   -2.566258e+001 7.260327e+000 -8.875007e+000
    endloop
  endfacet
  facet normal -0.000000e+000 0.000000e+000 -2.084042e-001
    outer loop
      vertex   -2.566258e+001 7.260327e+000 -8.875007e+000
      vertex   -2.727257e+001 7.090701e+000 -8.875007e+000
      vertex   -2.727257e+001 7.429954e+000 -8.875007e+000
    endloop
  endfacet
  facet normal 0.000000e+000 0.000000e+000 -9.833975e-001
    outer loop
      vertex   -2.566258e+001 7.260327e+000 -8.875007e+000
      vertex   -2.727257e+001 7.429954e+000 -8.875007e+000
      vertex   -2.569898e+001 7.729137e+000 -8.875007e+000
    endloop
  endfacet
  facet normal -0.000000e+000 0.000000e+000 -9.988180e-001
    outer loop
      vertex   -2.569898e+001 7.729137e+000 -8.875007e+000
      vertex   -2.727257e+001 7.429954e+000 -8.875007e+000
      vertex   -2.580953e+001 8.187781e+000 -8.875007e+000
    endloop
  endfacet
  facet normal 0.000000e+000 0.000000e+000 -2.042813e-001
    outer loop
      vertex   -2.580953e+001 8.187781e+000 -8.875007e+000
      vertex   -2.727257e+001 7.429954e+000 -8.875007e+000
      vertex   -2.735361e+001 7.756784e+000 -8.875007e+000
    endloop
  endfacet
  facet normal -0.000000e+000 0.000000e+000 -9.928375e-001
    outer loop
      vertex   -2.580953e+001 8.187781e+000 -8.875007e+000
      vertex   -2.735361e+001 7.756784e+000 -8.875007e+000
      vertex   -2.598874e+001 8.621332e+000 -8.875007e+000
    endloop
  endfacet
  facet normal 0.000000e+000 0.000000e+000 -2.064949e-001
    outer loop
      vertex   -2.598874e+001 8.621332e+000 -8.875007e+000
      vertex   -2.735361e+001 7.756784e+000 -8.875007e+000
      vertex   -2.750960e+001 8.054694e+000 -8.875007e+000
    endloop
  endfacet
  facet normal -0.000000e+000 0.000000e+000 -9.813243e-001
    outer loop
      vertex   -2.598874e+001 8.621332e+000 -8.875007e+000
      vertex   -2.750960e+001 8.054694e+000 -8.875007e+000
      vertex   -2.623591e+001 9.024287e+000 -8.875007e+000
    endloop
  endfacet
  facet normal -0.000000e+000 0.000000e+000 -9.984300e-001
    outer loop
      vertex   -2.623591e+001 9.024287e+000 -8.875007e+000
      vertex   -2.750960e+001 8.054694e+000 -8.875007e+000
      vertex   -2.654021e+001 9.380687e+000 -8.875007e+000
    endloop
  endfacet
  facet normal 0.000000e+000 0.000000e+000 -2.063874e-001
    outer loop
      vertex   -2.654021e+001 9.380687e+000 -8.875007e+000
      vertex   -2.750960e+001 8.054694e+000 -8.875007e+000
      vertex   -2.773422e+001 8.308608e+000 -8.875007e+000
    endloop
  endfacet
  facet normal -0.000000e+000 0.000000e+000 -9.912819e-001
    outer loop
      vertex   -2.654021e+001 9.380687e+000 -8.875007e+000
      vertex   -2.773422e+001 8.308608e+000 -8.875007e+000
      vertex   -2.689977e+001 9.687884e+000 -8.875007e+000
    endloop
  endfacet
  facet normal 0.000000e+000 0.000000e+000 -2.069470e-001
    outer loop
      vertex   -2.689977e+001 9.687884e+000 -8.875007e+000
      vertex   -2.773422e+001 8.308608e+000 -8.875007e+000
      vertex   -2.801219e+001 8.499838e+000 -8.875007e+000
    endloop
  endfacet
  facet normal -0.000000e+000 0.000000e+000 -9.794199e-001
    outer loop
      vertex   -2.689977e+001 9.687884e+000 -8.875007e+000
      vertex   -2.801219e+001 8.499838e+000 -8.875007e+000
      vertex   -2.729961e+001 9.932640e+000 -8.875007e+000
    endloop
  endfacet
  facet normal -0.000000e+000 0.000000e+000 -9.976799e-001
    outer loop
      vertex   -2.729961e+001 9.932640e+000 -8.875007e+000
      vertex   -2.801219e+001 8.499838e+000 -8.875007e+000
      vertex   -2.773588e+001 1.011370e+001 -8.875007e+000
    endloop
  endfacet
  facet normal 0.000000e+000 0.000000e+000 -2.040764e-001
    outer loop
      vertex   -2.773588e+001 1.011370e+001 -8.875007e+000
      vertex   -2.801219e+001 8.499838e+000 -8.875007e+000
      vertex   -2.832447e+001 8.618776e+000 -8.875007e+000
    endloop
  endfacet
  facet normal -0.000000e+000 0.000000e+000 -9.902667e-001
    outer loop
      vertex   -2.773588e+001 1.011370e+001 -8.875007e+000
      vertex   -2.832447e+001 8.618776e+000 -8.875007e+000
      vertex   -2.818878e+001 1.022235e+001 -8.875007e+000
    endloop
  endfacet
  facet normal 0.000000e+000 0.000000e+000 -2.082813e-001
    outer loop
      vertex   -2.818878e+001 1.022235e+001 -8.875007e+000
      vertex   -2.832447e+001 8.618776e+000 -8.875007e+000
      vertex   -2.866212e+001 8.660327e+000 -8.875007e+000
    endloop
  endfacet
  facet normal -0.000000e+000 0.000000e+000 -9.771532e-001
    outer loop
      vertex   -2.818878e+001 1.022235e+001 -8.875007e+000
      vertex   -2.866212e+001 8.660327e+000 -8.875007e+000
      vertex   -2.866212e+001 1.026033e+001 -8.875007e+000
    endloop
  endfacet
  facet normal 0.000000e+000 -0.000000e+000 -9.967965e-001
    outer loop
      vertex   -2.866212e+001 1.026033e+001 -8.875007e+000
      vertex   -2.866212e+001 8.660327e+000 -8.875007e+000
      vertex   -2.913545e+001 1.022235e+001 -8.875007e+000
    endloop
  endfacet
  facet normal 0.000000e+000 0.000000e+000 -2.082815e-001
    outer loop
      vertex   -2.913545e+001 1.022235e+001 -8.875007e+000
      vertex   -2.866212e+001 8.660327e+000 -8.875007e+000
      vertex   -2.899977e+001 8.618776e+000 -8.875007e+000
    endloop
  endfacet
  facet normal 0.000000e+000 -0.000000e+000 -9.886159e-001
    outer loop
      vertex   -2.913545e+001 1.022235e+001 -8.875007e+000
      vertex   -2.899977e+001 8.618776e+000 -8.875007e+000
      vertex   -2.958835e+001 1.011370e+001 -8.875007e+000
    endloop
  endfacet
  facet normal 0.000000e+000 0.000000e+000 -2.040707e-001
    outer loop
      vertex   -2.958835e+001 1.011370e+001 -8.875007e+000
      vertex   -2.899977e+001 8.618776e+000 -8.875007e+000
      vertex   -2.931204e+001 8.499838e+000 -8.875007e+000
    endloop
  endfacet
  facet normal 0.000000e+000 -0.000000e+000 -9.750587e-001
    outer loop
      vertex   -2.958835e+001 1.011370e+001 -8.875007e+000
      vertex   -2.931204e+001 8.499838e+000 -8.875007e+000
      vertex   -3.002463e+001 9.932640e+000 -8.875007e+000
    endloop
  endfacet
  facet normal 0.000000e+000 -0.000000e+000 -9.961495e-001
    outer loop
      vertex   -3.002463e+001 9.932640e+000 -8.875007e+000
      vertex   -2.931204e+001 8.499838e+000 -8.875007e+000
      vertex   -3.042446e+001 9.687884e+000 -8.875007e+000
    endloop
  endfacet
  facet normal 0.000000e+000 0.000000e+000 -2.069482e-001
    outer loop
      vertex   -3.042446e+001 9.687884e+000 -8.875007e+000
      vertex   -2.931204e+001 8.499838e+000 -8.875007e+000
      vertex   -2.959001e+001 8.308608e+000 -8.875007e+000
    endloop
  endfacet
  facet normal 0.000000e+000 -0.000000e+000 -9.867557e-001
    outer loop
      vertex   -3.042446e+001 9.687884e+000 -8.875007e+000
      vertex   -2.959001e+001 8.308608e+000 -8.875007e+000
      vertex   -3.078403e+001 9.380687e+000 -8.875007e+000
    endloop
  endfacet
  facet normal 0.000000e+000 0.000000e+000 -2.063889e-001
    outer loop
      vertex   -3.078403e+001 9.380687e+000 -8.875007e+000
      vertex   -2.959001e+001 8.308608e+000 -8.875007e+000
      vertex   -2.981464e+001 8.054694e+000 -8.875007e+000
    endloop
  endfacet
  facet normal 0.000000e+000 -0.000000e+000 -9.730199e-001
    outer loop
      vertex   -3.078403e+001 9.380687e+000 -8.875007e+000
      vertex   -2.981464e+001 8.054694e+000 -8.875007e+000
      vertex   -3.108833e+001 9.024287e+000 -8.875007e+000
    endloop
  endfacet
  facet normal 0.000000e+000 -0.000000e+000 -9.949588e-001
    outer loop
      vertex   -3.108833e+001 9.024287e+000 -8.875007e+000
      vertex   -2.981464e+001 8.054694e+000 -8.875007e+000
      vertex   -3.133550e+001 8.621315e+000 -8.875007e+000
    endloop
  endfacet
  facet normal 0.000000e+000 0.000000e+000 -2.064955e-001
    outer loop
      vertex   -3.133550e+001 8.621315e+000 -8.875007e+000
      vertex   -2.981464e+001 8.054694e+000 -8.875007e+000
      vertex   -2.997062e+001 7.756784e+000 -8.875007e+000
    endloop
  endfacet
  facet normal 0.000000e+000 -0.000000e+000 -9.851287e-001
    outer loop
      vertex   -3.133550e+001 8.621315e+000 -8.875007e+000
      vertex   -2.997062e+001 7.756784e+000 -8.875007e+000
      vertex   -3.151470e+001 8.187781e+000 -8.875007e+000
    endloop
  endfacet
  facet normal 0.000000e+000 0.000000e+000 -2.042820e-001
    outer loop
      vertex   -3.151470e+001 8.187781e+000 -8.875007e+000
      vertex   -2.997062e+001 7.756784e+000 -8.875007e+000
      vertex   -3.005167e+001 7.429954e+000 -8.875007e+000
    endloop
  endfacet
  facet normal 0.000000e+000 -0.000000e+000 -9.710026e-001
    outer loop
      vertex   -3.151470e+001 8.187781e+000 -8.875007e+000
      vertex   -3.005167e+001 7.429954e+000 -8.875007e+000
      vertex   -3.162525e+001 7.729137e+000 -8.875007e+000
    endloop
  endfacet
  facet normal 0.000000e+000 -0.000000e+000 -9.939114e-001
    outer loop
      vertex   -3.162525e+001 7.729137e+000 -8.875007e+000
      vertex   -3.005167e+001 7.429954e+000 -8.875007e+000
      vertex   -3.166165e+001 7.260327e+000 -8.875007e+000
    endloop
  endfacet
  facet normal 0.000000e+000 0.000000e+000 -2.084056e-001
    outer loop
      vertex   -3.166165e+001 7.260327e+000 -8.875007e+000
      vertex   -3.005167e+001 7.429954e+000 -8.875007e+000
      vertex   -3.005167e+001 7.090701e+000 -8.875007e+000
    endloop
  endfacet
  facet normal 0.000000e+000 0.000000e+000 -9.834018e-001
    outer loop
      vertex   -3.166165e+001 7.260327e+000 -8.875007e+000
      vertex   -3.005167e+001 7.090701e+000 -8.875007e+000
      vertex   -3.162525e+001 6.791517e+000 -8.875007e+000
    endloop
  endfacet
  facet normal 0.000000e+000 0.000000e+000 -9.988174e-001
    outer loop
      vertex   -3.162525e+001 6.791517e+000 -8.875007e+000
      vertex   -3.005167e+001 7.090701e+000 -8.875007e+000
      vertex   -3.151470e+001 6.332873e+000 -8.875007e+000
    endloop
  endfacet
  facet normal 0.000000e+000 0.000000e+000 -2.042820e-001
    outer loop
      vertex   -3.151470e+001 6.332873e+000 -8.875007e+000
      vertex   -3.005167e+001 7.090701e+000 -8.875007e+000
      vertex   -2.997062e+001 6.763870e+000 -8.875007e+000
    endloop
  endfacet
  facet normal 0.000000e+000 0.000000e+000 -9.928390e-001
    outer loop
      vertex   -3.151470e+001 6.332873e+000 -8.875007e+000
      vertex   -2.997062e+001 6.763870e+000 -8.875007e+000
      vertex   -3.133550e+001 5.899322e+000 -8.875007e+000
    endloop
  endfacet
  facet normal 0.000000e+000 0.000000e+000 -2.064950e-001
    outer loop
      vertex   -3.133550e+001 5.899322e+000 -8.875007e+000
      vertex   -2.997062e+001 6.763870e+000 -8.875007e+000
      vertex   -2.981464e+001 6.465961e+000 -8.875007e+000
    endloop
  endfacet
  facet normal 0.000000e+000 0.000000e+000 -9.813236e-001
    outer loop
      vertex   -3.133550e+001 5.899322e+000 -8.875007e+000
      vertex   -2.981464e+001 6.465961e+000 -8.875007e+000
      vertex   -3.108833e+001 5.496367e+000 -8.875007e+000
    endloop
  endfacet
  facet normal 0.000000e+000 0.000000e+000 -9.984301e-001
    outer loop
      vertex   -3.108833e+001 5.496367e+000 -8.875007e+000
      vertex   -2.981464e+001 6.465961e+000 -8.875007e+000
      vertex   -3.078403e+001 5.139967e+000 -8.875007e+000
    endloop
  endfacet
  facet normal 0.000000e+000 0.000000e+000 -2.063890e-001
    outer loop
      vertex   -3.078403e+001 5.139967e+000 -8.875007e+000
      vertex   -2.981464e+001 6.465961e+000 -8.875007e+000
      vertex   -2.959001e+001 6.212046e+000 -8.875007e+000
    endloop
  endfacet
  facet normal 0.000000e+000 0.000000e+000 -9.912818e-001
    outer loop
      vertex   -3.078403e+001 5.139967e+000 -8.875007e+000
      vertex   -2.959001e+001 6.212046e+000 -8.875007e+000
      vertex   -3.042446e+001 4.832770e+000 -8.875007e+000
    endloop
  endfacet
  facet normal 0.000000e+000 0.000000e+000 -2.069483e-001
    outer loop
      vertex   -3.042446e+001 4.832770e+000 -8.875007e+000
      vertex   -2.959001e+001 6.212046e+000 -8.875007e+000
      vertex   -2.931204e+001 6.020816e+000 -8.875007e+000
    endloop
  endfacet
  facet normal 0.000000e+000 0.000000e+000 -9.794187e-001
    outer loop
      vertex   -3.042446e+001 4.832770e+000 -8.875007e+000
      vertex   -2.931204e+001 6.020816e+000 -8.875007e+000
      vertex   -3.002463e+001 4.588014e+000 -8.875007e+000
    endloop
  endfacet
  facet normal 0.000000e+000 0.000000e+000 -9.976797e-001
    outer loop
      vertex   -3.002463e+001 4.588014e+000 -8.875007e+000
      vertex   -2.931204e+001 6.020816e+000 -8.875007e+000
      vertex   -2.958835e+001 4.406955e+000 -8.875007e+000
    endloop
  endfacet
  facet normal 0.000000e+000 0.000000e+000 -2.040706e-001
    outer loop
      vertex   -2.958835e+001 4.406955e+000 -8.875007e+000
      vertex   -2.931204e+001 6.020816e+000 -8.875007e+000
      vertex   -2.899977e+001 5.901878e+000 -8.875007e+000
    endloop
  endfacet
  facet normal 0.000000e+000 0.000000e+000 -9.902663e-001
    outer loop
      vertex   -2.958835e+001 4.406955e+000 -8.875007e+000
      vertex   -2.899977e+001 5.901878e+000 -8.875007e+000
      vertex   -2.913545e+001 4.298305e+000 -8.875007e+000
    endloop
  endfacet
  facet normal 0.000000e+000 0.000000e+000 -2.082815e-001
    outer loop
      vertex   -2.913545e+001 4.298305e+000 -8.875007e+000
      vertex   -2.899977e+001 5.901878e+000 -8.875007e+000
      vertex   -2.866212e+001 5.860327e+000 -8.875007e+000
    endloop
  endfacet
  facet normal 0.000000e+000 0.000000e+000 -9.771542e-001
    outer loop
      vertex   -2.913545e+001 4.298305e+000 -8.875007e+000
      vertex   -2.866212e+001 5.860327e+000 -8.875007e+000
      vertex   -2.866212e+001 4.260327e+000 -8.875007e+000
    endloop
  endfacet
  facet normal 0.000000e+000 0.000000e+000 -9.967966e-001
    outer loop
      vertex   -2.866212e+001 4.260327e+000 -8.875007e+000
      vertex   -2.866212e+001 5.860327e+000 -8.875007e+000
      vertex   -2.818878e+001 4.298305e+000 -8.875007e+000
    endloop
  endfacet
  facet normal 0.000000e+000 0.000000e+000 -2.082814e-001
    outer loop
      vertex   -2.818878e+001 4.298305e+000 -8.875007e+000
      vertex   -2.866212e+001 5.860327e+000 -8.875007e+000
      vertex   -2.832447e+001 5.901878e+000 -8.875007e+000
    endloop
  endfacet
  facet normal 0.000000e+000 0.000000e+000 -9.886160e-001
    outer loop
      vertex   -2.818878e+001 4.298305e+000 -8.875007e+000
      vertex   -2.832447e+001 5.901878e+000 -8.875007e+000
      vertex   -2.773588e+001 4.406955e+000 -8.875007e+000
    endloop
  endfacet
  facet normal 0.000000e+000 0.000000e+000 -2.040762e-001
    outer loop
      vertex   -2.773588e+001 4.406955e+000 -8.875007e+000
      vertex   -2.832447e+001 5.901878e+000 -8.875007e+000
      vertex   -2.801219e+001 6.020816e+000 -8.875007e+000
    endloop
  endfacet
  facet normal -8.524164e-001 5.228635e-001 -1.094730e-005
    outer loop
      vertex   -3.133550e+001 8.621315e+000 -8.875007e+000
      vertex   -3.133464e+001 8.622981e+000 3.124534e+000
      vertex   -3.108833e+001 9.024287e+000 -8.875007e+000
    endloop
  endfacet
  facet normal -3.332340e-002 2.044026e-002 -4.271508e-007
    outer loop
      vertex   -3.108833e+001 9.024287e+000 -8.875007e+000
      vertex   -3.133464e+001 8.622981e+000 3.124534e+000
      vertex   -3.108917e+001 9.023154e+000 3.124994e+000
    endloop
  endfacet
  facet normal 8.524176e-001 5.228615e-001 -1.134945e-005
    outer loop
      vertex   -7.498873e+001 8.621316e+000 -8.875007e+000
      vertex   -7.523591e+001 9.024287e+000 -8.875007e+000
      vertex   -7.498961e+001 8.623007e+000 3.124994e+000
    endloop
  endfacet
  facet normal 8.517621e-001 5.224598e-001 -1.132461e-005
    outer loop
      vertex   -7.498961e+001 8.623007e+000 3.124994e+000
      vertex   -7.523591e+001 9.024287e+000 -8.875007e+000
      vertex   -7.523505e+001 9.023154e+000 3.124994e+000
    endloop
  endfacet
  facet normal -8.524214e-001 -5.228554e-001 -1.163919e-005
    outer loop
      vertex   -3.133550e+001 6.389935e+001 -8.875007e+000
      vertex   -3.108833e+001 6.349636e+001 -8.875007e+000
      vertex   -3.133463e+001 6.389765e+001 3.124994e+000
    endloop
  endfacet
  facet normal -8.517619e-001 -5.224600e-001 -1.132458e-005
    outer loop
      vertex   -3.133463e+001 6.389765e+001 3.124994e+000
      vertex   -3.108833e+001 6.349636e+001 -8.875007e+000
      vertex   -3.108918e+001 6.349750e+001 3.124994e+000
    endloop
  endfacet
  facet normal 8.524169e-001 -5.228627e-001 -1.158642e-005
    outer loop
      vertex   -7.523505e+001 6.349750e+001 3.124994e+000
      vertex   -7.523592e+001 6.349635e+001 -8.874608e+000
      vertex   -7.498961e+001 6.389765e+001 3.124994e+000
    endloop
  endfacet
  facet normal 3.355829e-002 -2.058420e-002 -4.582610e-007
    outer loop
      vertex   -7.498961e+001 6.389765e+001 3.124994e+000
      vertex   -7.523592e+001 6.349635e+001 -8.874608e+000
      vertex   -7.498873e+001 6.389935e+001 -8.875007e+000
    endloop
  endfacet
  facet normal -9.046663e-003 3.771079e-002 4.269966e-006
    outer loop
      vertex   -2.911268e+001 1.022645e+001 3.124994e+000
      vertex   -2.913545e+001 1.022235e+001 -8.875007e+000
      vertex   -2.958835e+001 1.011370e+001 -8.875007e+000
    endloop
  endfacet
  facet normal -5.228533e-001 8.524227e-001 1.403527e-005
    outer loop
      vertex   -3.042495e+001 9.687388e+000 3.124994e+000
      vertex   -3.002479e+001 9.932835e+000 3.124994e+000
      vertex   -3.042446e+001 9.687884e+000 -8.875007e+000
    endloop
  endfacet
  facet normal -3.826922e-001 9.238759e-001 -2.014862e-005
    outer loop
      vertex   -3.002479e+001 9.932835e+000 3.124994e+000
      vertex   -2.958831e+001 1.011364e+001 3.124994e+000
      vertex   -3.002463e+001 9.932640e+000 -8.875007e+000
    endloop
  endfacet
  facet normal -2.038077e-002 3.329408e-002 -8.151310e-007
    outer loop
      vertex   -3.002479e+001 9.932835e+000 3.124994e+000
      vertex   -3.002463e+001 9.932640e+000 -8.875007e+000
      vertex   -3.042446e+001 9.687884e+000 -8.875007e+000
    endloop
  endfacet
  facet normal -2.558000e-002 2.994079e-002 2.005429e-007
    outer loop
      vertex   -3.042495e+001 9.687388e+000 3.124994e+000
      vertex   -3.042446e+001 9.687884e+000 -8.875007e+000
      vertex   -3.078403e+001 9.380687e+000 -8.875007e+000
    endloop
  endfacet
  facet normal -6.489103e-001 7.608649e-001 -2.891752e-005
    outer loop
      vertex   -3.078344e+001 9.381647e+000 3.124994e+000
      vertex   -3.042495e+001 9.687388e+000 3.124994e+000
      vertex   -3.078403e+001 9.380687e+000 -8.875007e+000
    endloop
  endfacet
  facet normal -1.507656e-002 3.632784e-002 2.504559e-007
    outer loop
      vertex   -2.958831e+001 1.011364e+001 3.124994e+000
      vertex   -2.958835e+001 1.011370e+001 -8.875007e+000
      vertex   -3.002463e+001 9.932640e+000 -8.875007e+000
    endloop
  endfacet
  facet normal -2.967723e-002 2.533879e-002 -5.655511e-007
    outer loop
      vertex   -3.078344e+001 9.381647e+000 3.124994e+000
      vertex   -3.078403e+001 9.380687e+000 -8.875007e+000
      vertex   -3.108833e+001 9.024287e+000 -8.875007e+000
    endloop
  endfacet
  facet normal -7.608705e-001 6.489038e-001 7.448430e-006
    outer loop
      vertex   -3.108917e+001 9.023154e+000 3.124994e+000
      vertex   -3.078344e+001 9.381647e+000 3.124994e+000
      vertex   -3.108833e+001 9.024287e+000 -8.875007e+000
    endloop
  endfacet
  facet normal 7.687978e-002 9.963136e-001 0.000000e+000
    outer loop
      vertex   -2.820642e+001 1.022516e+001 3.124994e+000
      vertex   -2.866212e+001 1.026033e+001 -8.875007e+000
      vertex   -2.866212e+001 1.026033e+001 3.124994e+000
    endloop
  endfacet
  facet normal -7.991632e-002 9.960170e-001 0.000000e+000
    outer loop
      vertex   -2.913545e+001 1.022235e+001 -8.875007e+000
      vertex   -2.866212e+001 1.026033e+001 3.124994e+000
      vertex   -2.866212e+001 1.026033e+001 -8.875007e+000
    endloop
  endfacet
  facet normal 3.162551e-003 3.941614e-002 -4.596323e-006
    outer loop
      vertex   -2.820642e+001 1.022516e+001 3.124994e+000
      vertex   -2.818878e+001 1.022235e+001 -8.875007e+000
      vertex   -2.866212e+001 1.026033e+001 -8.875007e+000
    endloop
  endfacet
  facet normal 2.306544e-001 9.730346e-001 1.107722e-004
    outer loop
      vertex   -2.820642e+001 1.022516e+001 3.124994e+000
      vertex   -2.773593e+001 1.011364e+001 3.124994e+000
      vertex   -2.818878e+001 1.022235e+001 -8.875007e+000
    endloop
  endfacet
  facet normal -7.497115e-002 9.971839e-001 -1.987513e-004
    outer loop
      vertex   -2.911268e+001 1.022645e+001 3.124994e+000
      vertex   -2.866212e+001 1.026033e+001 3.124994e+000
      vertex   -2.913545e+001 1.022235e+001 -8.875007e+000
    endloop
  endfacet
  facet normal 9.047372e-003 3.771327e-002 2.337650e-007
    outer loop
      vertex   -2.773593e+001 1.011364e+001 3.124994e+000
      vertex   -2.773588e+001 1.011370e+001 -8.875007e+000
      vertex   -2.818878e+001 1.022235e+001 -8.875007e+000
    endloop
  endfacet
  facet normal 2.967720e-002 2.533877e-002 2.932346e-007
    outer loop
      vertex   -2.623506e+001 9.023154e+000 3.124994e+000
      vertex   -2.623591e+001 9.024287e+000 -8.875007e+000
      vertex   -2.654021e+001 9.380687e+000 -8.875007e+000
    endloop
  endfacet
  facet normal 7.608705e-001 6.489038e-001 -1.444073e-005
    outer loop
      vertex   -2.654080e+001 9.381647e+000 3.124994e+000
      vertex   -2.623506e+001 9.023154e+000 3.124994e+000
      vertex   -2.654021e+001 9.380687e+000 -8.875007e+000
    endloop
  endfacet
  facet normal 3.826879e-001 9.238777e-001 6.366596e-006
    outer loop
      vertex   -2.773593e+001 1.011364e+001 3.124994e+000
      vertex   -2.729944e+001 9.932835e+000 3.124994e+000
      vertex   -2.773588e+001 1.011370e+001 -8.875007e+000
    endloop
  endfacet
  facet normal 1.507656e-002 3.632799e-002 -7.974489e-007
    outer loop
      vertex   -2.729944e+001 9.932835e+000 3.124994e+000
      vertex   -2.729961e+001 9.932640e+000 -8.875007e+000
      vertex   -2.773588e+001 1.011370e+001 -8.875007e+000
    endloop
  endfacet
  facet normal 2.558003e-002 2.994099e-002 -1.135743e-006
    outer loop
      vertex   -2.654080e+001 9.381647e+000 3.124994e+000
      vertex   -2.654021e+001 9.380687e+000 -8.875007e+000
      vertex   -2.689977e+001 9.687884e+000 -8.875007e+000
    endloop
  endfacet
  facet normal 5.228587e-001 8.524193e-001 -2.105005e-005
    outer loop
      vertex   -2.729944e+001 9.932835e+000 3.124994e+000
      vertex   -2.689929e+001 9.687388e+000 3.124994e+000
      vertex   -2.729961e+001 9.932640e+000 -8.875007e+000
    endloop
  endfacet
  facet normal 6.489083e-001 7.608666e-001 5.142484e-006
    outer loop
      vertex   -2.689929e+001 9.687388e+000 3.124994e+000
      vertex   -2.654080e+001 9.381647e+000 3.124994e+000
      vertex   -2.689977e+001 9.687884e+000 -8.875007e+000
    endloop
  endfacet
  facet normal 2.038072e-002 3.329384e-002 5.498433e-007
    outer loop
      vertex   -2.689929e+001 9.687388e+000 3.124994e+000
      vertex   -2.689977e+001 9.687884e+000 -8.875007e+000
      vertex   -2.729961e+001 9.932640e+000 -8.875007e+000
    endloop
  endfacet
  facet normal -2.307920e-001 9.730031e-001 6.020689e-006
    outer loop
      vertex   -2.958831e+001 1.011364e+001 3.124994e+000
      vertex   -2.911268e+001 1.022645e+001 3.124994e+000
      vertex   -2.958835e+001 1.011370e+001 -8.875007e+000
    endloop
  endfacet
  facet normal -3.819197e-002 -9.205410e-003 7.168613e-007
    outer loop
      vertex   -3.162481e+001 6.479065e+001 3.124994e+000
      vertex   -3.162525e+001 6.479152e+001 -8.875007e+000
      vertex   -3.151470e+001 6.433286e+001 -8.875007e+000
    endloop
  endfacet
  facet normal -3.903762e-002 -3.030676e-003 -1.538806e-006
    outer loop
      vertex   -3.166212e+001 6.526033e+001 3.124994e+000
      vertex   -3.166165e+001 6.526033e+001 -8.875007e+000
      vertex   -3.162525e+001 6.479152e+001 -8.875007e+000
    endloop
  endfacet
  facet normal -9.968607e-001 -7.917467e-002 3.038734e-005
    outer loop
      vertex   -3.162481e+001 6.479065e+001 3.124994e+000
      vertex   -3.166212e+001 6.526033e+001 3.124994e+000
      vertex   -3.162525e+001 6.479152e+001 -8.875007e+000
    endloop
  endfacet
  facet normal -9.724708e-001 -2.330250e-001 -3.399502e-005
    outer loop
      vertex   -3.151542e+001 6.433414e+001 3.124994e+000
      vertex   -3.162481e+001 6.479065e+001 3.124994e+000
      vertex   -3.151470e+001 6.433286e+001 -8.875007e+000
    endloop
  endfacet
  facet normal -3.609871e-002 -1.492148e-002 -5.960400e-007
    outer loop
      vertex   -3.151542e+001 6.433414e+001 3.124994e+000
      vertex   -3.151470e+001 6.433286e+001 -8.875007e+000
      vertex   -3.133550e+001 6.389935e+001 -8.875007e+000
    endloop
  endfacet
  facet normal -9.238811e-001 -3.826796e-001 1.341510e-005
    outer loop
      vertex   -3.133463e+001 6.389765e+001 3.124994e+000
      vertex   -3.151542e+001 6.433414e+001 3.124994e+000
      vertex   -3.133550e+001 6.389935e+001 -8.875007e+000
    endloop
  endfacet
  facet normal -3.610056e-002 1.492146e-002 5.334221e-007
    outer loop
      vertex   -3.133463e+001 6.662301e+001 3.124994e+000
      vertex   -3.133550e+001 6.662132e+001 -8.875007e+000
      vertex   -3.151470e+001 6.618777e+001 -8.875007e+000
    endloop
  endfacet
  facet normal -3.819012e-002 9.205424e-003 -1.340972e-006
    outer loop
      vertex   -3.151542e+001 6.618652e+001 3.124994e+000
      vertex   -3.151470e+001 6.618777e+001 -8.875007e+000
      vertex   -3.162525e+001 6.572914e+001 -8.875007e+000
    endloop
  endfacet
  facet normal -3.903751e-002 3.030667e-003 1.193117e-006
    outer loop
      vertex   -3.162481e+001 6.573002e+001 3.124994e+000
      vertex   -3.162525e+001 6.572914e+001 -8.875007e+000
      vertex   -3.166165e+001 6.526033e+001 -8.875007e+000
    endloop
  endfacet
  facet normal -9.968609e-001 7.917339e-002 -3.929479e-005
    outer loop
      vertex   -3.166212e+001 6.526033e+001 3.124994e+000
      vertex   -3.162481e+001 6.573002e+001 3.124994e+000
      vertex   -3.166165e+001 6.526033e+001 -8.875007e+000
    endloop
  endfacet
  facet normal -9.238823e-001 3.826767e-001 -1.565752e-005
    outer loop
      vertex   -3.151542e+001 6.618652e+001 3.124994e+000
      vertex   -3.133463e+001 6.662301e+001 3.124994e+000
      vertex   -3.151470e+001 6.618777e+001 -8.875007e+000
    endloop
  endfacet
  facet normal -9.724690e-001 2.330324e-001 1.820374e-005
    outer loop
      vertex   -3.162481e+001 6.573002e+001 3.124994e+000
      vertex   -3.151542e+001 6.618652e+001 3.124994e+000
      vertex   -3.162525e+001 6.572914e+001 -8.875007e+000
    endloop
  endfacet
  facet normal 3.903743e-002 -3.031620e-003 1.169069e-006
    outer loop
      vertex   -7.469942e+001 6.790643e+000 3.124994e+000
      vertex   -7.469899e+001 6.791517e+000 -8.875007e+000
      vertex   -7.466258e+001 7.260327e+000 -8.875007e+000
    endloop
  endfacet
  facet normal 3.610000e-002 -1.492178e-002 5.351155e-007
    outer loop
      vertex   -7.498961e+001 5.897647e+000 3.124994e+000
      vertex   -7.498873e+001 5.899339e+000 -8.875007e+000
      vertex   -7.480953e+001 6.332873e+000 -8.875007e+000
    endloop
  endfacet
  facet normal 9.238793e-001 -3.826840e-001 -1.541328e-005
    outer loop
      vertex   -7.480881e+001 6.334139e+000 3.124994e+000
      vertex   -7.498961e+001 5.897647e+000 3.124994e+000
      vertex   -7.480953e+001 6.332873e+000 -8.875007e+000
    endloop
  endfacet
  facet normal 3.819104e-002 -9.204788e-003 -1.335241e-006
    outer loop
      vertex   -7.480881e+001 6.334139e+000 3.124994e+000
      vertex   -7.480953e+001 6.332873e+000 -8.875007e+000
      vertex   -7.469899e+001 6.791517e+000 -8.875007e+000
    endloop
  endfacet
  facet normal 9.724697e-001 -2.330292e-001 1.765054e-005
    outer loop
      vertex   -7.469942e+001 6.790643e+000 3.124994e+000
      vertex   -7.480881e+001 6.334139e+000 3.124994e+000
      vertex   -7.469899e+001 6.791517e+000 -8.875007e+000
    endloop
  endfacet
  facet normal 3.610014e-002 1.492180e-002 -6.055796e-007
    outer loop
      vertex   -7.480881e+001 8.186515e+000 3.124994e+000
      vertex   -7.480953e+001 8.187781e+000 -8.875007e+000
      vertex   -7.498873e+001 8.621316e+000 -8.875007e+000
    endloop
  endfacet
  facet normal 9.238791e-001 3.826843e-001 1.362717e-005
    outer loop
      vertex   -7.498961e+001 8.623007e+000 3.124994e+000
      vertex   -7.480881e+001 8.186515e+000 3.124994e+000
      vertex   -7.498873e+001 8.621316e+000 -8.875007e+000
    endloop
  endfacet
  facet normal 9.724697e-001 2.330294e-001 -3.414265e-005
    outer loop
      vertex   -7.480881e+001 8.186515e+000 3.124994e+000
      vertex   -7.469942e+001 7.730011e+000 3.124994e+000
      vertex   -7.480953e+001 8.187781e+000 -8.875007e+000
    endloop
  endfacet
  facet normal 3.819098e-002 9.204775e-003 6.889326e-007
    outer loop
      vertex   -7.469942e+001 7.730011e+000 3.124994e+000
      vertex   -7.469899e+001 7.729137e+000 -8.875007e+000
      vertex   -7.480953e+001 8.187781e+000 -8.875007e+000
    endloop
  endfacet
  facet normal 9.968615e-001 7.916606e-002 2.972274e-005
    outer loop
      vertex   -7.469942e+001 7.730011e+000 3.124994e+000
      vertex   -7.466212e+001 7.260327e+000 3.124994e+000
      vertex   -7.469899e+001 7.729137e+000 -8.875007e+000
    endloop
  endfacet
  facet normal 3.903750e-002 3.031629e-003 -1.513982e-006
    outer loop
      vertex   -7.466212e+001 7.260327e+000 3.124994e+000
      vertex   -7.466258e+001 7.260327e+000 -8.875007e+000
      vertex   -7.469899e+001 7.729137e+000 -8.875007e+000
    endloop
  endfacet
  facet normal 9.968615e-001 -7.916606e-002 -3.866103e-005
    outer loop
      vertex   -7.466212e+001 7.260327e+000 3.124994e+000
      vertex   -7.469942e+001 6.790643e+000 3.124994e+000
      vertex   -7.466258e+001 7.260327e+000 -8.875007e+000
    endloop
  endfacet
  facet normal -9.238806e-001 3.826793e-001 -1.541386e-005
    outer loop
      vertex   -3.151542e+001 8.186515e+000 3.124994e+000
      vertex   -3.133464e+001 8.622981e+000 3.124534e+000
      vertex   -3.151470e+001 8.187781e+000 -8.875007e+000
    endloop
  endfacet
  facet normal -3.819103e-002 9.205423e-003 -1.335174e-006
    outer loop
      vertex   -3.151542e+001 8.186515e+000 3.124994e+000
      vertex   -3.151470e+001 8.187781e+000 -8.875007e+000
      vertex   -3.162525e+001 7.729137e+000 -8.875007e+000
    endloop
  endfacet
  facet normal -3.610139e-002 1.492203e-002 5.391229e-007
    outer loop
      vertex   -3.133464e+001 8.622981e+000 3.124534e+000
      vertex   -3.133550e+001 8.621315e+000 -8.875007e+000
      vertex   -3.151470e+001 8.187781e+000 -8.875007e+000
    endloop
  endfacet
  facet normal -9.724697e-001 2.330294e-001 1.825954e-005
    outer loop
      vertex   -3.162481e+001 7.730011e+000 3.124994e+000
      vertex   -3.151542e+001 8.186515e+000 3.124994e+000
      vertex   -3.162525e+001 7.729137e+000 -8.875007e+000
    endloop
  endfacet
  facet normal -9.968608e-001 7.917410e-002 -3.929479e-005
    outer loop
      vertex   -3.166212e+001 7.260327e+000 3.124994e+000
      vertex   -3.162481e+001 7.730011e+000 3.124994e+000
      vertex   -3.166165e+001 7.260327e+000 -8.875007e+000
    endloop
  endfacet
  facet normal -3.903739e-002 3.030667e-003 1.193835e-006
    outer loop
      vertex   -3.162481e+001 7.730011e+000 3.124994e+000
      vertex   -3.162525e+001 7.729137e+000 -8.875007e+000
      vertex   -3.166165e+001 7.260327e+000 -8.875007e+000
    endloop
  endfacet
  facet normal -9.238821e-001 -3.826771e-001 1.368968e-005
    outer loop
      vertex   -3.133463e+001 5.897647e+000 3.124994e+000
      vertex   -3.151542e+001 6.334139e+000 3.124994e+000
      vertex   -3.133550e+001 5.899322e+000 -8.875007e+000
    endloop
  endfacet
  facet normal -3.610149e-002 -1.492196e-002 -6.056443e-007
    outer loop
      vertex   -3.151542e+001 6.334139e+000 3.124994e+000
      vertex   -3.151470e+001 6.332873e+000 -8.875007e+000
      vertex   -3.133550e+001 5.899322e+000 -8.875007e+000
    endloop
  endfacet
  facet normal -3.903754e-002 -3.030676e-003 -1.538803e-006
    outer loop
      vertex   -3.166212e+001 7.260327e+000 3.124994e+000
      vertex   -3.166165e+001 7.260327e+000 -8.875007e+000
      vertex   -3.162525e+001 6.791517e+000 -8.875007e+000
    endloop
  endfacet
  facet normal -9.968608e-001 -7.917410e-002 3.035906e-005
    outer loop
      vertex   -3.162481e+001 6.790643e+000 3.124994e+000
      vertex   -3.166212e+001 7.260327e+000 3.124994e+000
      vertex   -3.162525e+001 6.791517e+000 -8.875007e+000
    endloop
  endfacet
  facet normal -9.724697e-001 -2.330292e-001 -3.414267e-005
    outer loop
      vertex   -3.151542e+001 6.334139e+000 3.124994e+000
      vertex   -3.162481e+001 6.790643e+000 3.124994e+000
      vertex   -3.151470e+001 6.332873e+000 -8.875007e+000
    endloop
  endfacet
  facet normal -3.819098e-002 -9.205410e-003 7.135333e-007
    outer loop
      vertex   -3.162481e+001 6.790643e+000 3.124994e+000
      vertex   -3.162525e+001 6.791517e+000 -8.875007e+000
      vertex   -3.151470e+001 6.332873e+000 -8.875007e+000
    endloop
  endfacet
  facet normal 2.558003e-002 2.994131e-002 -1.143900e-006
    outer loop
      vertex   -7.554079e+001 9.381647e+000 3.124994e+000
      vertex   -7.554021e+001 9.380687e+000 -8.875007e+000
      vertex   -7.589978e+001 9.687884e+000 -8.875007e+000
    endloop
  endfacet
  facet normal 2.967720e-002 2.533877e-002 2.790835e-007
    outer loop
      vertex   -7.523505e+001 9.023154e+000 3.124994e+000
      vertex   -7.523591e+001 9.024287e+000 -8.875007e+000
      vertex   -7.554021e+001 9.380687e+000 -8.875007e+000
    endloop
  endfacet
  facet normal 7.608685e-001 6.489061e-001 -1.468289e-005
    outer loop
      vertex   -7.554079e+001 9.381647e+000 3.124994e+000
      vertex   -7.523505e+001 9.023154e+000 3.124994e+000
      vertex   -7.554021e+001 9.380687e+000 -8.875007e+000
    endloop
  endfacet
  facet normal 6.489023e-001 7.608718e-001 5.039798e-006
    outer loop
      vertex   -7.589929e+001 9.687388e+000 3.124994e+000
      vertex   -7.554079e+001 9.381647e+000 3.124994e+000
      vertex   -7.589978e+001 9.687884e+000 -8.875007e+000
    endloop
  endfacet
  facet normal 2.038072e-002 3.329337e-002 5.465843e-007
    outer loop
      vertex   -7.589929e+001 9.687388e+000 3.124994e+000
      vertex   -7.589978e+001 9.687884e+000 -8.875007e+000
      vertex   -7.629961e+001 9.932640e+000 -8.875007e+000
    endloop
  endfacet
  facet normal 5.228642e-001 8.524160e-001 -2.113318e-005
    outer loop
      vertex   -7.629944e+001 9.932835e+000 3.124994e+000
      vertex   -7.589929e+001 9.687388e+000 3.124994e+000
      vertex   -7.629961e+001 9.932640e+000 -8.875007e+000
    endloop
  endfacet
  facet normal 9.047372e-003 3.771358e-002 2.323286e-007
    outer loop
      vertex   -7.673593e+001 1.011364e+001 3.124994e+000
      vertex   -7.673589e+001 1.011370e+001 -8.875007e+000
      vertex   -7.718879e+001 1.022235e+001 -8.875007e+000
    endloop
  endfacet
  facet normal 2.306536e-001 9.730348e-001 1.106975e-004
    outer loop
      vertex   -7.720642e+001 1.022516e+001 3.124994e+000
      vertex   -7.673593e+001 1.011364e+001 3.124994e+000
      vertex   -7.718879e+001 1.022235e+001 -8.875007e+000
    endloop
  endfacet
  facet normal 3.826836e-001 9.238794e-001 6.305762e-006
    outer loop
      vertex   -7.673593e+001 1.011364e+001 3.124994e+000
      vertex   -7.629944e+001 9.932835e+000 3.124994e+000
      vertex   -7.673589e+001 1.011370e+001 -8.875007e+000
    endloop
  endfacet
  facet normal 1.507656e-002 3.632846e-002 -7.998530e-007
    outer loop
      vertex   -7.629944e+001 9.932835e+000 3.124994e+000
      vertex   -7.629961e+001 9.932640e+000 -8.875007e+000
      vertex   -7.673589e+001 1.011370e+001 -8.875007e+000
    endloop
  endfacet
  facet normal 3.162551e-003 3.941534e-002 -4.597142e-006
    outer loop
      vertex   -7.720642e+001 1.022516e+001 3.124994e+000
      vertex   -7.718879e+001 1.022235e+001 -8.875007e+000
      vertex   -7.766212e+001 1.026033e+001 -8.875007e+000
    endloop
  endfacet
  facet normal -2.307902e-001 9.730035e-001 6.130734e-006
    outer loop
      vertex   -7.858830e+001 1.011364e+001 3.124994e+000
      vertex   -7.811267e+001 1.022645e+001 3.124994e+000
      vertex   -7.858836e+001 1.011370e+001 -8.875007e+000
    endloop
  endfacet
  facet normal -7.991568e-002 9.960171e-001 0.000000e+000
    outer loop
      vertex   -7.813545e+001 1.022235e+001 -8.875007e+000
      vertex   -7.766212e+001 1.026033e+001 3.124994e+000
      vertex   -7.766212e+001 1.026033e+001 -8.875007e+000
    endloop
  endfacet
  facet normal 7.688074e-002 9.963136e-001 0.000000e+000
    outer loop
      vertex   -7.720642e+001 1.022516e+001 3.124994e+000
      vertex   -7.766212e+001 1.026033e+001 -8.875007e+000
      vertex   -7.766212e+001 1.026033e+001 3.124994e+000
    endloop
  endfacet
  facet normal -9.046663e-003 3.771063e-002 4.278647e-006
    outer loop
      vertex   -7.811267e+001 1.022645e+001 3.124994e+000
      vertex   -7.813545e+001 1.022235e+001 -8.875007e+000
      vertex   -7.858836e+001 1.011370e+001 -8.875007e+000
    endloop
  endfacet
  facet normal -7.497241e-002 9.971837e-001 -1.986774e-004
    outer loop
      vertex   -7.811267e+001 1.022645e+001 3.124994e+000
      vertex   -7.766212e+001 1.026033e+001 3.124994e+000
      vertex   -7.813545e+001 1.022235e+001 -8.875007e+000
    endloop
  endfacet
  facet normal -1.507656e-002 3.632784e-002 2.576450e-007
    outer loop
      vertex   -7.858830e+001 1.011364e+001 3.124994e+000
      vertex   -7.858836e+001 1.011370e+001 -8.875007e+000
      vertex   -7.902463e+001 9.932640e+000 -8.875007e+000
    endloop
  endfacet
  facet normal -3.826836e-001 9.238794e-001 -2.033104e-005
    outer loop
      vertex   -7.902480e+001 9.932835e+000 3.124994e+000
      vertex   -7.858830e+001 1.011364e+001 3.124994e+000
      vertex   -7.902463e+001 9.932640e+000 -8.875007e+000
    endloop
  endfacet
  facet normal -7.608685e-001 6.489061e-001 7.085982e-006
    outer loop
      vertex   -8.008918e+001 9.023154e+000 3.124994e+000
      vertex   -7.978344e+001 9.381647e+000 3.124994e+000
      vertex   -8.008833e+001 9.024287e+000 -8.875007e+000
    endloop
  endfacet
  facet normal -2.967723e-002 2.533879e-002 -5.749853e-007
    outer loop
      vertex   -7.978344e+001 9.381647e+000 3.124994e+000
      vertex   -7.978403e+001 9.380687e+000 -8.875007e+000
      vertex   -8.008833e+001 9.024287e+000 -8.875007e+000
    endloop
  endfacet
  facet normal -6.489023e-001 7.608718e-001 -2.912474e-005
    outer loop
      vertex   -7.978344e+001 9.381647e+000 3.124994e+000
      vertex   -7.942494e+001 9.687388e+000 3.124994e+000
      vertex   -7.978403e+001 9.380687e+000 -8.875007e+000
    endloop
  endfacet
  facet normal -2.038077e-002 3.329344e-002 -8.248390e-007
    outer loop
      vertex   -7.902480e+001 9.932835e+000 3.124994e+000
      vertex   -7.902463e+001 9.932640e+000 -8.875007e+000
      vertex   -7.942445e+001 9.687884e+000 -8.875007e+000
    endloop
  endfacet
  facet normal -5.228642e-001 8.524160e-001 1.395145e-005
    outer loop
      vertex   -7.942494e+001 9.687388e+000 3.124994e+000
      vertex   -7.902480e+001 9.932835e+000 3.124994e+000
      vertex   -7.942445e+001 9.687884e+000 -8.875007e+000
    endloop
  endfacet
  facet normal -2.558000e-002 2.994127e-002 1.964968e-007
    outer loop
      vertex   -7.942494e+001 9.687388e+000 3.124994e+000
      vertex   -7.942445e+001 9.687884e+000 -8.875007e+000
      vertex   -7.978403e+001 9.380687e+000 -8.875007e+000
    endloop
  endfacet
  facet normal 7.608693e-001 -6.489051e-001 7.149976e-006
    outer loop
      vertex   -7.523505e+001 6.349750e+001 3.124994e+000
      vertex   -7.554079e+001 6.313901e+001 3.124994e+000
      vertex   -7.523592e+001 6.349635e+001 -8.874608e+000
    endloop
  endfacet
  facet normal 2.967663e-002 -2.533836e-002 -5.769941e-007
    outer loop
      vertex   -7.554079e+001 6.313901e+001 3.124994e+000
      vertex   -7.554021e+001 6.313997e+001 -8.875007e+000
      vertex   -7.523592e+001 6.349635e+001 -8.874608e+000
    endloop
  endfacet
  facet normal -2.967688e-002 -2.533877e-002 2.924579e-007
    outer loop
      vertex   -8.008919e+001 6.349751e+001 3.124994e+000
      vertex   -8.008833e+001 6.349636e+001 -8.875007e+000
      vertex   -7.978403e+001 6.313997e+001 -8.875007e+000
    endloop
  endfacet
  facet normal -7.608716e-001 -6.489025e-001 -1.473402e-005
    outer loop
      vertex   -7.978344e+001 6.313901e+001 3.124994e+000
      vertex   -8.008919e+001 6.349751e+001 3.124994e+000
      vertex   -7.978403e+001 6.313997e+001 -8.875007e+000
    endloop
  endfacet
  facet normal 6.488965e-001 -7.608767e-001 -2.918589e-005
    outer loop
      vertex   -7.554079e+001 6.313901e+001 3.124994e+000
      vertex   -7.589929e+001 6.283327e+001 3.124994e+000
      vertex   -7.554021e+001 6.313997e+001 -8.875007e+000
    endloop
  endfacet
  facet normal 2.557968e-002 -2.994127e-002 1.965097e-007
    outer loop
      vertex   -7.589929e+001 6.283327e+001 3.124994e+000
      vertex   -7.589978e+001 6.283278e+001 -8.875007e+000
      vertex   -7.554021e+001 6.313997e+001 -8.875007e+000
    endloop
  endfacet
  facet normal -5.228745e-001 -8.524097e-001 -2.167517e-005
    outer loop
      vertex   -7.902480e+001 6.258782e+001 3.124994e+000
      vertex   -7.942494e+001 6.283327e+001 3.124994e+000
      vertex   -7.902463e+001 6.258802e+001 -8.875007e+000
    endloop
  endfacet
  facet normal -6.488965e-001 -7.608768e-001 5.040243e-006
    outer loop
      vertex   -7.942494e+001 6.283327e+001 3.124994e+000
      vertex   -7.978344e+001 6.313901e+001 3.124994e+000
      vertex   -7.942445e+001 6.283278e+001 -8.875007e+000
    endloop
  endfacet
  facet normal -2.038064e-002 -3.329337e-002 5.465874e-007
    outer loop
      vertex   -7.942494e+001 6.283327e+001 3.124994e+000
      vertex   -7.942445e+001 6.283278e+001 -8.875007e+000
      vertex   -7.902463e+001 6.258802e+001 -8.875007e+000
    endloop
  endfacet
  facet normal 7.498081e-002 -9.971831e-001 -1.984712e-004
    outer loop
      vertex   -7.721156e+001 6.229420e+001 3.124994e+000
      vertex   -7.766212e+001 6.226033e+001 3.124994e+000
      vertex   -7.718879e+001 6.229831e+001 -8.875007e+000
    endloop
  endfacet
  facet normal 7.991895e-002 -9.960169e-001 -4.336809e-019
    outer loop
      vertex   -7.718879e+001 6.229831e+001 -8.875007e+000
      vertex   -7.766212e+001 6.226033e+001 3.124994e+000
      vertex   -7.766212e+001 6.226033e+001 -8.875007e+000
    endloop
  endfacet
  facet normal -7.689732e-002 -9.963123e-001 0.000000e+000
    outer loop
      vertex   -7.811781e+001 6.229550e+001 3.124994e+000
      vertex   -7.766212e+001 6.226033e+001 -8.875007e+000
      vertex   -7.766212e+001 6.226033e+001 3.124994e+000
    endloop
  endfacet
  facet normal -3.162630e-003 -3.941598e-002 -4.573236e-006
    outer loop
      vertex   -7.811781e+001 6.229550e+001 3.124994e+000
      vertex   -7.813545e+001 6.229831e+001 -8.875007e+000
      vertex   -7.766212e+001 6.226033e+001 -8.875007e+000
    endloop
  endfacet
  facet normal -2.306368e-001 -9.730388e-001 1.113599e-004
    outer loop
      vertex   -7.811781e+001 6.229550e+001 3.124994e+000
      vertex   -7.858830e+001 6.240702e+001 3.124994e+000
      vertex   -7.813545e+001 6.229831e+001 -8.875007e+000
    endloop
  endfacet
  facet normal -1.507672e-002 -3.632783e-002 -8.229416e-007
    outer loop
      vertex   -7.902480e+001 6.258782e+001 3.124994e+000
      vertex   -7.902463e+001 6.258802e+001 -8.875007e+000
      vertex   -7.858836e+001 6.240696e+001 -8.875007e+000
    endloop
  endfacet
  facet normal -3.826836e-001 -9.238794e-001 6.108526e-006
    outer loop
      vertex   -7.858830e+001 6.240702e+001 3.124994e+000
      vertex   -7.902480e+001 6.258782e+001 3.124994e+000
      vertex   -7.858836e+001 6.240696e+001 -8.875007e+000
    endloop
  endfacet
  facet normal -9.047690e-003 -3.771358e-002 2.200989e-007
    outer loop
      vertex   -7.858830e+001 6.240702e+001 3.124994e+000
      vertex   -7.858836e+001 6.240696e+001 -8.875007e+000
      vertex   -7.813545e+001 6.229831e+001 -8.875007e+000
    endloop
  endfacet
  facet normal -2.557971e-002 -2.994131e-002 -1.146295e-006
    outer loop
      vertex   -7.978344e+001 6.313901e+001 3.124994e+000
      vertex   -7.978403e+001 6.313997e+001 -8.875007e+000
      vertex   -7.942445e+001 6.283278e+001 -8.875007e+000
    endloop
  endfacet
  facet normal 9.046980e-003 -3.771063e-002 4.282489e-006
    outer loop
      vertex   -7.721156e+001 6.229420e+001 3.124994e+000
      vertex   -7.718879e+001 6.229831e+001 -8.875007e+000
      vertex   -7.673589e+001 6.240696e+001 -8.875007e+000
    endloop
  endfacet
  facet normal 5.228745e-001 -8.524097e-001 1.395076e-005
    outer loop
      vertex   -7.589929e+001 6.283327e+001 3.124994e+000
      vertex   -7.629944e+001 6.258782e+001 3.124994e+000
      vertex   -7.589978e+001 6.283278e+001 -8.875007e+000
    endloop
  endfacet
  facet normal 1.507672e-002 -3.632847e-002 2.307408e-007
    outer loop
      vertex   -7.673593e+001 6.240702e+001 3.124994e+000
      vertex   -7.673589e+001 6.240696e+001 -8.875007e+000
      vertex   -7.629961e+001 6.258802e+001 -8.875007e+000
    endloop
  endfacet
  facet normal 2.307810e-001 -9.730057e-001 5.520012e-006
    outer loop
      vertex   -7.673593e+001 6.240702e+001 3.124994e+000
      vertex   -7.721156e+001 6.229420e+001 3.124994e+000
      vertex   -7.673589e+001 6.240696e+001 -8.875007e+000
    endloop
  endfacet
  facet normal 2.038069e-002 -3.329344e-002 -8.460053e-007
    outer loop
      vertex   -7.629944e+001 6.258782e+001 3.124994e+000
      vertex   -7.629961e+001 6.258802e+001 -8.875007e+000
      vertex   -7.589978e+001 6.283278e+001 -8.875007e+000
    endloop
  endfacet
  facet normal 3.826836e-001 -9.238794e-001 -2.091843e-005
    outer loop
      vertex   -7.629944e+001 6.258782e+001 3.124994e+000
      vertex   -7.673593e+001 6.240702e+001 3.124994e+000
      vertex   -7.629961e+001 6.258802e+001 -8.875007e+000
    endloop
  endfacet
  facet normal -7.608619e-001 -6.489138e-001 -1.449352e-005
    outer loop
      vertex   -3.078344e+001 6.313901e+001 3.124994e+000
      vertex   -3.108918e+001 6.349750e+001 3.124994e+000
      vertex   -3.078403e+001 6.313997e+001 -8.875007e+000
    endloop
  endfacet
  facet normal -2.557971e-002 -2.994083e-002 -1.138126e-006
    outer loop
      vertex   -3.078344e+001 6.313901e+001 3.124994e+000
      vertex   -3.078403e+001 6.313997e+001 -8.875007e+000
      vertex   -3.042446e+001 6.283278e+001 -8.875007e+000
    endloop
  endfacet
  facet normal -6.489044e-001 -7.608699e-001 5.142776e-006
    outer loop
      vertex   -3.042495e+001 6.283327e+001 3.124994e+000
      vertex   -3.078344e+001 6.313901e+001 3.124994e+000
      vertex   -3.042446e+001 6.283278e+001 -8.875007e+000
    endloop
  endfacet
  facet normal -2.038064e-002 -3.329400e-002 5.498532e-007
    outer loop
      vertex   -3.042495e+001 6.283327e+001 3.124994e+000
      vertex   -3.042446e+001 6.283278e+001 -8.875007e+000
      vertex   -3.002463e+001 6.258802e+001 -8.875007e+000
    endloop
  endfacet
  facet normal -3.826922e-001 -9.238759e-001 5.926065e-006
    outer loop
      vertex   -2.958831e+001 6.240702e+001 3.124994e+000
      vertex   -3.002479e+001 6.258782e+001 3.124994e+000
      vertex   -2.958835e+001 6.240696e+001 -8.875007e+000
    endloop
  endfacet
  facet normal -1.507672e-002 -3.632783e-002 -8.157524e-007
    outer loop
      vertex   -3.002479e+001 6.258782e+001 3.124994e+000
      vertex   -3.002463e+001 6.258802e+001 -8.875007e+000
      vertex   -2.958835e+001 6.240696e+001 -8.875007e+000
    endloop
  endfacet
  facet normal -5.228637e-001 -8.524163e-001 -2.142581e-005
    outer loop
      vertex   -3.002479e+001 6.258782e+001 3.124994e+000
      vertex   -3.042495e+001 6.283327e+001 3.124994e+000
      vertex   -3.002463e+001 6.258802e+001 -8.875007e+000
    endloop
  endfacet
  facet normal -2.967688e-002 -2.533877e-002 2.791061e-007
    outer loop
      vertex   -3.108918e+001 6.349750e+001 3.124994e+000
      vertex   -3.108833e+001 6.349636e+001 -8.875007e+000
      vertex   -3.078403e+001 6.313997e+001 -8.875007e+000
    endloop
  endfacet
  facet normal 2.967691e-002 -2.533879e-002 -5.675805e-007
    outer loop
      vertex   -2.654080e+001 6.313901e+001 3.124994e+000
      vertex   -2.654021e+001 6.313997e+001 -8.875007e+000
      vertex   -2.623591e+001 6.349636e+001 -8.875007e+000
    endloop
  endfacet
  facet normal 6.489024e-001 -7.608716e-001 -2.897891e-005
    outer loop
      vertex   -2.654080e+001 6.313901e+001 3.124994e+000
      vertex   -2.689929e+001 6.283327e+001 3.124994e+000
      vertex   -2.654021e+001 6.313997e+001 -8.875007e+000
    endloop
  endfacet
  facet normal 2.557968e-002 -2.994095e-002 2.005624e-007
    outer loop
      vertex   -2.689929e+001 6.283327e+001 3.124994e+000
      vertex   -2.689977e+001 6.283278e+001 -8.875007e+000
      vertex   -2.654021e+001 6.313997e+001 -8.875007e+000
    endloop
  endfacet
  facet normal 7.608714e-001 -6.489028e-001 7.654556e-006
    outer loop
      vertex   -2.623506e+001 6.349750e+001 3.124994e+000
      vertex   -2.654080e+001 6.313901e+001 3.124994e+000
      vertex   -2.623591e+001 6.349636e+001 -8.875007e+000
    endloop
  endfacet
  facet normal 5.228691e-001 -8.524130e-001 1.403423e-005
    outer loop
      vertex   -2.689929e+001 6.283327e+001 3.124994e+000
      vertex   -2.729944e+001 6.258782e+001 3.124994e+000
      vertex   -2.689977e+001 6.283278e+001 -8.875007e+000
    endloop
  endfacet
  facet normal 9.046980e-003 -3.771031e-002 4.286912e-006
    outer loop
      vertex   -2.821156e+001 6.229420e+001 3.124994e+000
      vertex   -2.818878e+001 6.229831e+001 -8.875007e+000
      vertex   -2.773588e+001 6.240696e+001 -8.875007e+000
    endloop
  endfacet
  facet normal -9.047690e-003 -3.771374e-002 2.157854e-007
    outer loop
      vertex   -2.958831e+001 6.240702e+001 3.124994e+000
      vertex   -2.958835e+001 6.240696e+001 -8.875007e+000
      vertex   -2.913545e+001 6.229831e+001 -8.875007e+000
    endloop
  endfacet
  facet normal 7.498018e-002 -9.971831e-001 -1.984367e-004
    outer loop
      vertex   -2.821156e+001 6.229420e+001 3.124994e+000
      vertex   -2.866212e+001 6.226033e+001 3.124994e+000
      vertex   -2.818878e+001 6.229831e+001 -8.875007e+000
    endloop
  endfacet
  facet normal -3.162630e-003 -3.941566e-002 -4.575173e-006
    outer loop
      vertex   -2.911782e+001 6.229550e+001 3.124994e+000
      vertex   -2.913545e+001 6.229831e+001 -8.875007e+000
      vertex   -2.866212e+001 6.226033e+001 -8.875007e+000
    endloop
  endfacet
  facet normal -2.306368e-001 -9.730388e-001 1.112132e-004
    outer loop
      vertex   -2.911782e+001 6.229550e+001 3.124994e+000
      vertex   -2.958831e+001 6.240702e+001 3.124994e+000
      vertex   -2.913545e+001 6.229831e+001 -8.875007e+000
    endloop
  endfacet
  facet normal 7.991735e-002 -9.960169e-001 4.336809e-019
    outer loop
      vertex   -2.818878e+001 6.229831e+001 -8.875007e+000
      vertex   -2.866212e+001 6.226033e+001 3.124994e+000
      vertex   -2.866212e+001 6.226033e+001 -8.875007e+000
    endloop
  endfacet
  facet normal -7.689667e-002 -9.963124e-001 0.000000e+000
    outer loop
      vertex   -2.911782e+001 6.229550e+001 3.124994e+000
      vertex   -2.866212e+001 6.226033e+001 -8.875007e+000
      vertex   -2.866212e+001 6.226033e+001 3.124994e+000
    endloop
  endfacet
  facet normal 2.307810e-001 -9.730057e-001 5.556694e-006
    outer loop
      vertex   -2.773593e+001 6.240702e+001 3.124994e+000
      vertex   -2.821156e+001 6.229420e+001 3.124994e+000
      vertex   -2.773588e+001 6.240696e+001 -8.875007e+000
    endloop
  endfacet
  facet normal 1.507672e-002 -3.632799e-002 2.331349e-007
    outer loop
      vertex   -2.773593e+001 6.240702e+001 3.124994e+000
      vertex   -2.773588e+001 6.240696e+001 -8.875007e+000
      vertex   -2.729961e+001 6.258802e+001 -8.875007e+000
    endloop
  endfacet
  facet normal 3.826879e-001 -9.238777e-001 -2.085763e-005
    outer loop
      vertex   -2.729944e+001 6.258782e+001 3.124994e+000
      vertex   -2.773593e+001 6.240702e+001 3.124994e+000
      vertex   -2.729961e+001 6.258802e+001 -8.875007e+000
    endloop
  endfacet
  facet normal 2.038069e-002 -3.329392e-002 -8.427739e-007
    outer loop
      vertex   -2.729944e+001 6.258782e+001 3.124994e+000
      vertex   -2.729961e+001 6.258802e+001 -8.875007e+000
      vertex   -2.689977e+001 6.283278e+001 -8.875007e+000
    endloop
  endfacet
  facet normal 9.724708e-001 -2.330250e-001 1.773421e-005
    outer loop
      vertex   -7.469942e+001 6.479065e+001 3.124994e+000
      vertex   -7.480881e+001 6.433414e+001 3.124994e+000
      vertex   -7.469899e+001 6.479152e+001 -8.875007e+000
    endloop
  endfacet
  facet normal 3.903751e-002 -3.031620e-003 1.170156e-006
    outer loop
      vertex   -7.469942e+001 6.479065e+001 3.124994e+000
      vertex   -7.469899e+001 6.479152e+001 -8.875007e+000
      vertex   -7.466258e+001 6.526033e+001 -8.875007e+000
    endloop
  endfacet
  facet normal 9.968614e-001 -7.916662e-002 -3.866103e-005
    outer loop
      vertex   -7.466212e+001 6.526033e+001 3.124994e+000
      vertex   -7.469942e+001 6.479065e+001 3.124994e+000
      vertex   -7.466258e+001 6.526033e+001 -8.875007e+000
    endloop
  endfacet
  facet normal 9.238783e-001 -3.826865e-001 -1.516965e-005
    outer loop
      vertex   -7.480881e+001 6.433414e+001 3.124994e+000
      vertex   -7.498961e+001 6.389765e+001 3.124994e+000
      vertex   -7.480953e+001 6.433286e+001 -8.875007e+000
    endloop
  endfacet
  facet normal 3.819203e-002 -9.204788e-003 -1.329449e-006
    outer loop
      vertex   -7.480881e+001 6.433414e+001 3.124994e+000
      vertex   -7.480953e+001 6.433286e+001 -8.875007e+000
      vertex   -7.469899e+001 6.479152e+001 -8.875007e+000
    endloop
  endfacet
  facet normal 3.609866e-002 -1.492178e-002 5.284945e-007
    outer loop
      vertex   -7.498961e+001 6.389765e+001 3.124994e+000
      vertex   -7.498873e+001 6.389935e+001 -8.875007e+000
      vertex   -7.480953e+001 6.433286e+001 -8.875007e+000
    endloop
  endfacet
  facet normal 3.903762e-002 3.031629e-003 -1.513986e-006
    outer loop
      vertex   -7.466212e+001 6.526033e+001 3.124994e+000
      vertex   -7.466258e+001 6.526033e+001 -8.875007e+000
      vertex   -7.469899e+001 6.572914e+001 -8.875007e+000
    endloop
  endfacet
  facet normal 9.968615e-001 7.916534e-002 2.970392e-005
    outer loop
      vertex   -7.469942e+001 6.573002e+001 3.124994e+000
      vertex   -7.466212e+001 6.526033e+001 3.124994e+000
      vertex   -7.469899e+001 6.572914e+001 -8.875007e+000
    endloop
  endfacet
  facet normal 9.238794e-001 3.826836e-001 1.353605e-005
    outer loop
      vertex   -7.498961e+001 6.662301e+001 3.124994e+000
      vertex   -7.480881e+001 6.618652e+001 3.124994e+000
      vertex   -7.498873e+001 6.662132e+001 -8.875007e+000
    endloop
  endfacet
  facet normal 3.819007e-002 9.204775e-003 6.867056e-007
    outer loop
      vertex   -7.469942e+001 6.573002e+001 3.124994e+000
      vertex   -7.469899e+001 6.572914e+001 -8.875007e+000
      vertex   -7.480953e+001 6.618777e+001 -8.875007e+000
    endloop
  endfacet
  facet normal 9.724690e-001 2.330324e-001 -3.429044e-005
    outer loop
      vertex   -7.480881e+001 6.618652e+001 3.124994e+000
      vertex   -7.469942e+001 6.573002e+001 3.124994e+000
      vertex   -7.480953e+001 6.618777e+001 -8.875007e+000
    endloop
  endfacet
  facet normal 3.610061e-002 1.492180e-002 -6.150954e-007
    outer loop
      vertex   -7.480881e+001 6.618652e+001 3.124994e+000
      vertex   -7.480953e+001 6.618777e+001 -8.875007e+000
      vertex   -7.498873e+001 6.662132e+001 -8.875007e+000
    endloop
  endfacet
  facet normal -1.000000e+000 0.000000e+000 0.000000e+000
    outer loop
      vertex   -5.126105e+001 1.026033e+001 6.124994e+000
      vertex   -5.126105e+001 9.868276e+000 6.124994e+000
      vertex   -5.126105e+001 1.026033e+001 8.124994e+000
    endloop
  endfacet
  facet normal -9.813236e-001 -0.000000e+000 0.000000e+000
    outer loop
      vertex   -5.126105e+001 1.026033e+001 8.124994e+000
      vertex   -5.126105e+001 9.868276e+000 6.124994e+000
      vertex   -5.126105e+001 9.868276e+000 8.124994e+000
    endloop
  endfacet
  facet normal 0.000000e+000 0.000000e+000 6.999776e-001
    outer loop
      vertex   -5.816212e+001 1.026033e+001 6.124994e+000
      vertex   -5.776212e+001 9.868276e+000 6.124994e+000
      vertex   -5.126105e+001 1.026033e+001 6.124994e+000
    endloop
  endfacet
  facet normal 0.000000e+000 0.000000e+000 9.981866e-001
    outer loop
      vertex   -5.126105e+001 1.026033e+001 6.124994e+000
      vertex   -5.776212e+001 9.868276e+000 6.124994e+000
      vertex   -5.126105e+001 9.868276e+000 6.124994e+000
    endloop
  endfacet
  facet normal 6.079308e-003 -1.734900e-002 -2.913383e-006
    outer loop
      vertex   -7.799976e+001 6.661878e+001 -8.875007e+000
      vertex   -7.797422e+001 6.662488e+001 8.124994e+000
      vertex   -7.826920e+001 6.652151e+001 8.124994e+000
    endloop
  endfacet
  facet normal 3.559389e-001 -9.345050e-001 2.943942e-004
    outer loop
      vertex   -7.831204e+001 6.649984e+001 -8.875007e+000
      vertex   -7.799976e+001 6.661878e+001 -8.875007e+000
      vertex   -7.826920e+001 6.652151e+001 8.124994e+000
    endloop
  endfacet
  facet normal 1.221133e-001 -9.925150e-001 1.724173e-004
    outer loop
      vertex   -7.799976e+001 6.661878e+001 -8.875007e+000
      vertex   -7.766212e+001 6.666032e+001 -8.875007e+000
      vertex   -7.797422e+001 6.662488e+001 8.124994e+000
    endloop
  endfacet
  facet normal 2.084713e-003 -1.835588e-002 0.000000e+000
    outer loop
      vertex   -7.766212e+001 6.666032e+001 -8.875007e+000
      vertex   -7.766212e+001 6.666032e+001 3.124994e+000
      vertex   -7.797422e+001 6.662488e+001 8.124994e+000
    endloop
  endfacet
  facet normal 1.126244e-001 -9.916576e-001 0.000000e+000
    outer loop
      vertex   -7.797422e+001 6.662488e+001 8.124994e+000
      vertex   -7.766212e+001 6.666032e+001 3.124994e+000
      vertex   -7.766212e+001 6.666032e+001 8.124994e+000
    endloop
  endfacet
  facet normal 9.780551e-003 -1.560195e-002 -4.758252e-006
    outer loop
      vertex   -7.831204e+001 6.649984e+001 -8.875007e+000
      vertex   -7.826920e+001 6.652151e+001 8.124994e+000
      vertex   -7.853446e+001 6.635522e+001 8.124994e+000
    endloop
  endfacet
  facet normal 5.667530e-001 -8.238767e-001 4.065872e-004
    outer loop
      vertex   -7.859002e+001 6.630862e+001 -8.875007e+000
      vertex   -7.831204e+001 6.649984e+001 -8.875007e+000
      vertex   -7.853446e+001 6.635522e+001 8.124994e+000
    endloop
  endfacet
  facet normal -3.296245e-001 -9.420447e-001 -2.839998e-005
    outer loop
      vertex   -7.705468e+001 6.652169e+001 3.124994e+000
      vertex   -7.735001e+001 6.662488e+001 8.124994e+000
      vertex   -7.735059e+001 6.662523e+001 3.124994e+000
    endloop
  endfacet
  facet normal -7.075339e-003 -6.229832e-002 -3.563037e-006
    outer loop
      vertex   -7.735059e+001 6.662523e+001 3.124994e+000
      vertex   -7.735001e+001 6.662488e+001 8.124994e+000
      vertex   -7.766212e+001 6.666032e+001 8.124994e+000
    endloop
  endfacet
  facet normal -4.442383e-002 -4.442383e-002 -1.897991e-006
    outer loop
      vertex   -7.656755e+001 6.613322e+001 3.124994e+000
      vertex   -7.656721e+001 6.613267e+001 8.124994e+000
      vertex   -7.678977e+001 6.635522e+001 8.124994e+000
    endloop
  endfacet
  facet normal -3.319278e-002 -5.295068e-002 3.981490e-008
    outer loop
      vertex   -7.678923e+001 6.635488e+001 3.124994e+000
      vertex   -7.678977e+001 6.635522e+001 8.124994e+000
      vertex   -7.705505e+001 6.652151e+001 8.124994e+000
    endloop
  endfacet
  facet normal -2.115576e-002 -1.871366e-002 2.029453e-005
    outer loop
      vertex   -7.656755e+001 6.613322e+001 3.124994e+000
      vertex   -7.673421e+001 6.630862e+001 -8.875007e+000
      vertex   -7.650960e+001 6.605469e+001 -8.875007e+000
    endloop
  endfacet
  facet normal -7.056912e-001 -7.057398e-001 -2.799345e-005
    outer loop
      vertex   -7.656755e+001 6.613322e+001 3.124994e+000
      vertex   -7.678977e+001 6.635522e+001 8.124994e+000
      vertex   -7.678923e+001 6.635488e+001 3.124994e+000
    endloop
  endfacet
  facet normal -5.310246e-001 -8.450392e-001 -6.855024e-005
    outer loop
      vertex   -7.678923e+001 6.635488e+001 3.124994e+000
      vertex   -7.705505e+001 6.652151e+001 8.124994e+000
      vertex   -7.705468e+001 6.652169e+001 3.124994e+000
    endloop
  endfacet
  facet normal -1.593106e-002 -2.315865e-002 1.624751e-005
    outer loop
      vertex   -7.678923e+001 6.635488e+001 3.124994e+000
      vertex   -7.701219e+001 6.649984e+001 -8.875007e+000
      vertex   -7.673421e+001 6.630862e+001 -8.875007e+000
    endloop
  endfacet
  facet normal -5.319383e-001 -8.464932e-001 -3.420560e-004
    outer loop
      vertex   -7.678923e+001 6.635488e+001 3.124994e+000
      vertex   -7.705468e+001 6.652169e+001 3.124994e+000
      vertex   -7.701219e+001 6.649984e+001 -8.875007e+000
    endloop
  endfacet
  facet normal -9.420328e-001 -3.296447e-001 -5.432988e-005
    outer loop
      vertex   -7.629722e+001 6.557186e+001 3.124994e+000
      vertex   -7.640092e+001 6.586740e+001 8.124994e+000
      vertex   -7.640076e+001 6.586777e+001 3.124994e+000
    endloop
  endfacet
  facet normal -5.294973e-002 -3.319314e-002 -4.127831e-006
    outer loop
      vertex   -7.640076e+001 6.586777e+001 3.124994e+000
      vertex   -7.640092e+001 6.586740e+001 8.124994e+000
      vertex   -7.656721e+001 6.613267e+001 8.124994e+000
    endloop
  endfacet
  facet normal -9.917409e-001 -1.117479e-001 -6.703089e-005
    outer loop
      vertex   -7.626212e+001 6.526033e+001 3.124994e+000
      vertex   -7.629776e+001 6.557367e+001 8.124994e+000
      vertex   -7.629722e+001 6.557186e+001 3.124994e+000
    endloop
  endfacet
  facet normal -2.723080e-002 -6.752558e-003 2.389756e-005
    outer loop
      vertex   -7.629722e+001 6.557186e+001 3.124994e+000
      vertex   -7.635361e+001 6.575679e+001 -8.875007e+000
      vertex   -7.627256e+001 6.542995e+001 -8.875007e+000
    endloop
  endfacet
  facet normal -9.936119e-001 -1.119587e-001 -7.177495e-004
    outer loop
      vertex   -7.626212e+001 6.526033e+001 3.124994e+000
      vertex   -7.629722e+001 6.557186e+001 3.124994e+000
      vertex   -7.627256e+001 6.542995e+001 -8.875007e+000
    endloop
  endfacet
  facet normal -9.437568e-001 -3.302479e-001 -6.545854e-004
    outer loop
      vertex   -7.629722e+001 6.557186e+001 3.124994e+000
      vertex   -7.640076e+001 6.586777e+001 3.124994e+000
      vertex   -7.635361e+001 6.575679e+001 -8.875007e+000
    endloop
  endfacet
  facet normal -5.863141e-002 -2.059257e-002 1.094984e-006
    outer loop
      vertex   -7.629722e+001 6.557186e+001 3.124994e+000
      vertex   -7.629776e+001 6.557367e+001 8.124994e+000
      vertex   -7.640092e+001 6.586740e+001 8.124994e+000
    endloop
  endfacet
  facet normal -8.465965e-001 -5.319301e-001 -6.075476e-004
    outer loop
      vertex   -7.640076e+001 6.586777e+001 3.124994e+000
      vertex   -7.656755e+001 6.613322e+001 3.124994e+000
      vertex   -7.650960e+001 6.605469e+001 -8.875007e+000
    endloop
  endfacet
  facet normal -2.481949e-002 -1.299645e-002 2.265743e-005
    outer loop
      vertex   -7.640076e+001 6.586777e+001 3.124994e+000
      vertex   -7.650960e+001 6.605469e+001 -8.875007e+000
      vertex   -7.635361e+001 6.575679e+001 -8.875007e+000
    endloop
  endfacet
  facet normal -8.450813e-001 -5.309781e-001 -1.597364e-006
    outer loop
      vertex   -7.640076e+001 6.586777e+001 3.124994e+000
      vertex   -7.656721e+001 6.613267e+001 8.124994e+000
      vertex   -7.656755e+001 6.613322e+001 3.124994e+000
    endloop
  endfacet
  facet normal -6.254357e-002 -7.114769e-003 0.000000e+000
    outer loop
      vertex   -7.626212e+001 6.526033e+001 3.124994e+000
      vertex   -7.626212e+001 6.526033e+001 8.124994e+000
      vertex   -7.629776e+001 6.557367e+001 8.124994e+000
    endloop
  endfacet
  facet normal -1.413458e-002 8.702994e-004 0.000000e+000
    outer loop
      vertex   -7.626212e+001 6.526033e+001 3.124994e+000
      vertex   -7.627256e+001 6.509070e+001 -8.875007e+000
      vertex   -7.626212e+001 6.526033e+001 8.124994e+000
    endloop
  endfacet
  facet normal -8.858764e-001 4.638674e-001 5.524326e-004
    outer loop
      vertex   -7.635361e+001 6.476387e+001 -8.875007e+000
      vertex   -7.650960e+001 6.446597e+001 -8.875007e+000
      vertex   -7.640092e+001 6.465326e+001 8.124994e+000
    endloop
  endfacet
  facet normal -1.843012e-002 2.096555e-003 -9.596869e-006
    outer loop
      vertex   -7.627256e+001 6.509070e+001 -8.875007e+000
      vertex   -7.629776e+001 6.494699e+001 8.124994e+000
      vertex   -7.626212e+001 6.526033e+001 8.124994e+000
    endloop
  endfacet
  facet normal -2.826568e-002 1.084202e-019 2.460208e-005
    outer loop
      vertex   -7.626212e+001 6.526033e+001 3.124994e+000
      vertex   -7.627256e+001 6.542995e+001 -8.875007e+000
      vertex   -7.627256e+001 6.509070e+001 -8.875007e+000
    endloop
  endfacet
  facet normal -1.727681e-002 6.067974e-003 -8.606529e-006
    outer loop
      vertex   -7.635361e+001 6.476387e+001 -8.875007e+000
      vertex   -7.640092e+001 6.465326e+001 8.124994e+000
      vertex   -7.629776e+001 6.494699e+001 8.124994e+000
    endloop
  endfacet
  facet normal -9.705662e-001 2.406817e-001 5.958562e-004
    outer loop
      vertex   -7.627256e+001 6.509070e+001 -8.875007e+000
      vertex   -7.635361e+001 6.476387e+001 -8.875007e+000
      vertex   -7.629776e+001 6.494699e+001 8.124994e+000
    endloop
  endfacet
  facet normal -7.069387e-001 -7.069874e-001 -5.153425e-004
    outer loop
      vertex   -7.656755e+001 6.613322e+001 3.124994e+000
      vertex   -7.678923e+001 6.635488e+001 3.124994e+000
      vertex   -7.673421e+001 6.630862e+001 -8.875007e+000
    endloop
  endfacet
  facet normal -3.301749e-001 -9.436175e-001 -2.116088e-004
    outer loop
      vertex   -7.705468e+001 6.652169e+001 3.124994e+000
      vertex   -7.735059e+001 6.662523e+001 3.124994e+000
      vertex   -7.732447e+001 6.661878e+001 -8.875007e+000
    endloop
  endfacet
  facet normal -9.908947e-003 -2.601559e-002 1.228697e-005
    outer loop
      vertex   -7.705468e+001 6.652169e+001 3.124994e+000
      vertex   -7.732447e+001 6.661878e+001 -8.875007e+000
      vertex   -7.701219e+001 6.649984e+001 -8.875007e+000
    endloop
  endfacet
  facet normal -2.063226e-002 -5.887840e-002 -3.577502e-006
    outer loop
      vertex   -7.705468e+001 6.652169e+001 3.124994e+000
      vertex   -7.705505e+001 6.652151e+001 8.124994e+000
      vertex   -7.735001e+001 6.662488e+001 8.124994e+000
    endloop
  endfacet
  facet normal -1.117265e-001 -9.917668e-001 8.673617e-019
    outer loop
      vertex   -7.735059e+001 6.662523e+001 3.124994e+000
      vertex   -7.766212e+001 6.666032e+001 8.124994e+000
      vertex   -7.766212e+001 6.666032e+001 3.124994e+000
    endloop
  endfacet
  facet normal -1.119456e-001 -9.937118e-001 2.902328e-004
    outer loop
      vertex   -7.735059e+001 6.662523e+001 3.124994e+000
      vertex   -7.766212e+001 6.666032e+001 3.124994e+000
      vertex   -7.732447e+001 6.661878e+001 -8.875007e+000
    endloop
  endfacet
  facet normal -3.460447e-003 -2.812590e-002 -0.000000e+000
    outer loop
      vertex   -7.766212e+001 6.666032e+001 3.124994e+000
      vertex   -7.766212e+001 6.666032e+001 -8.875007e+000
      vertex   -7.732447e+001 6.661878e+001 -8.875007e+000
    endloop
  endfacet
  facet normal -1.560284e-002 9.780829e-003 -8.016595e-006
    outer loop
      vertex   -7.650960e+001 6.446597e+001 -8.875007e+000
      vertex   -7.656721e+001 6.438799e+001 8.124994e+000
      vertex   -7.640092e+001 6.465326e+001 8.124994e+000
    endloop
  endfacet
  facet normal 2.924372e-003 2.595043e-002 7.577250e-006
    outer loop
      vertex   -7.799976e+001 6.390188e+001 -8.875007e+000
      vertex   -7.797365e+001 6.389543e+001 3.124994e+000
      vertex   -7.766212e+001 6.386032e+001 3.124994e+000
    endloop
  endfacet
  facet normal 7.076862e-003 6.229832e-002 -3.515333e-006
    outer loop
      vertex   -7.797365e+001 6.389543e+001 3.124994e+000
      vertex   -7.797422e+001 6.389578e+001 8.124994e+000
      vertex   -7.766212e+001 6.386032e+001 8.124994e+000
    endloop
  endfacet
  facet normal 1.117624e-001 9.917626e-001 0.000000e+000
    outer loop
      vertex   -7.797365e+001 6.389543e+001 3.124994e+000
      vertex   -7.766212e+001 6.386032e+001 8.124994e+000
      vertex   -7.766212e+001 6.386032e+001 3.124994e+000
    endloop
  endfacet
  facet normal -1.128704e-001 9.936097e-001 0.000000e+000
    outer loop
      vertex   -7.766212e+001 6.386032e+001 8.124994e+000
      vertex   -7.735001e+001 6.389578e+001 8.124994e+000
      vertex   -7.766212e+001 6.386032e+001 3.124994e+000
    endloop
  endfacet
  facet normal -7.076808e-003 6.229784e-002 0.000000e+000
    outer loop
      vertex   -7.766212e+001 6.386032e+001 3.124994e+000
      vertex   -7.735001e+001 6.389578e+001 8.124994e+000
      vertex   -7.766212e+001 6.386032e+001 -8.875007e+000
    endloop
  endfacet
  facet normal -9.780551e-003 1.560239e-002 -4.755067e-006
    outer loop
      vertex   -7.701219e+001 6.402082e+001 -8.875007e+000
      vertex   -7.705505e+001 6.399914e+001 8.124994e+000
      vertex   -7.678977e+001 6.416543e+001 8.124994e+000
    endloop
  endfacet
  facet normal -5.667683e-001 8.238661e-001 4.072476e-004
    outer loop
      vertex   -7.673421e+001 6.421205e+001 -8.875007e+000
      vertex   -7.701219e+001 6.402082e+001 -8.875007e+000
      vertex   -7.678977e+001 6.416543e+001 8.124994e+000
    endloop
  endfacet
  facet normal -3.559389e-001 9.345050e-001 2.946538e-004
    outer loop
      vertex   -7.701219e+001 6.402082e+001 -8.875007e+000
      vertex   -7.732447e+001 6.390188e+001 -8.875007e+000
      vertex   -7.705505e+001 6.399914e+001 8.124994e+000
    endloop
  endfacet
  facet normal -6.079084e-003 1.734856e-002 -2.909314e-006
    outer loop
      vertex   -7.732447e+001 6.390188e+001 -8.875007e+000
      vertex   -7.735001e+001 6.389578e+001 8.124994e+000
      vertex   -7.705505e+001 6.399914e+001 8.124994e+000
    endloop
  endfacet
  facet normal -1.309014e-002 1.309014e-002 -6.879270e-006
    outer loop
      vertex   -7.673421e+001 6.421205e+001 -8.875007e+000
      vertex   -7.678977e+001 6.416543e+001 8.124994e+000
      vertex   -7.656721e+001 6.438799e+001 8.124994e+000
    endloop
  endfacet
  facet normal -7.489831e-001 6.625646e-001 5.007361e-004
    outer loop
      vertex   -7.650960e+001 6.446597e+001 -8.875007e+000
      vertex   -7.673421e+001 6.421205e+001 -8.875007e+000
      vertex   -7.656721e+001 6.438799e+001 8.124994e+000
    endloop
  endfacet
  facet normal 1.220975e-001 9.921135e-001 -4.336809e-019
    outer loop
      vertex   -7.799976e+001 6.390188e+001 -8.875007e+000
      vertex   -7.766212e+001 6.386032e+001 3.124994e+000
      vertex   -7.766212e+001 6.386032e+001 -8.875007e+000
    endloop
  endfacet
  facet normal -1.221464e-001 9.925109e-001 1.725887e-004
    outer loop
      vertex   -7.732447e+001 6.390188e+001 -8.875007e+000
      vertex   -7.766212e+001 6.386032e+001 -8.875007e+000
      vertex   -7.735001e+001 6.389578e+001 8.124994e+000
    endloop
  endfacet
  facet normal 1.309014e-002 -1.309014e-002 -6.891019e-006
    outer loop
      vertex   -7.859002e+001 6.630862e+001 -8.875007e+000
      vertex   -7.853446e+001 6.635522e+001 8.124994e+000
      vertex   -7.875702e+001 6.613267e+001 8.124994e+000
    endloop
  endfacet
  facet normal 7.490029e-001 -6.625422e-001 5.005666e-004
    outer loop
      vertex   -7.881464e+001 6.605469e+001 -8.875007e+000
      vertex   -7.859002e+001 6.630862e+001 -8.875007e+000
      vertex   -7.875702e+001 6.613267e+001 8.124994e+000
    endloop
  endfacet
  facet normal 8.625408e-003 2.465174e-002 -5.527528e-006
    outer loop
      vertex   -7.799976e+001 6.390188e+001 -8.875007e+000
      vertex   -7.826955e+001 6.399897e+001 3.124994e+000
      vertex   -7.797365e+001 6.389543e+001 3.124994e+000
    endloop
  endfacet
  facet normal 3.302583e-001 9.438906e-001 -2.773689e-005
    outer loop
      vertex   -7.797365e+001 6.389543e+001 3.124994e+000
      vertex   -7.826955e+001 6.399897e+001 3.124994e+000
      vertex   -7.797422e+001 6.389578e+001 8.124994e+000
    endloop
  endfacet
  facet normal 3.558387e-001 9.342421e-001 4.415325e-004
    outer loop
      vertex   -7.799976e+001 6.390188e+001 -8.875007e+000
      vertex   -7.831204e+001 6.402082e+001 -8.875007e+000
      vertex   -7.826955e+001 6.399897e+001 3.124994e+000
    endloop
  endfacet
  facet normal 2.063150e-002 5.887992e-002 -3.501096e-006
    outer loop
      vertex   -7.826955e+001 6.399897e+001 3.124994e+000
      vertex   -7.826920e+001 6.399914e+001 8.124994e+000
      vertex   -7.797422e+001 6.389578e+001 8.124994e+000
    endloop
  endfacet
  facet normal 1.560239e-002 -9.780829e-003 -8.015073e-006
    outer loop
      vertex   -7.881464e+001 6.605469e+001 -8.875007e+000
      vertex   -7.875702e+001 6.613267e+001 8.124994e+000
      vertex   -7.892331e+001 6.586740e+001 8.124994e+000
    endloop
  endfacet
  facet normal 1.846795e-002 1.846922e-002 -1.343923e-005
    outer loop
      vertex   -7.859002e+001 6.421205e+001 -8.875007e+000
      vertex   -7.875668e+001 6.438744e+001 3.124994e+000
      vertex   -7.853500e+001 6.416577e+001 3.124994e+000
    endloop
  endfacet
  facet normal 7.488431e-001 6.624407e-001 7.186191e-004
    outer loop
      vertex   -7.859002e+001 6.421205e+001 -8.875007e+000
      vertex   -7.881464e+001 6.446597e+001 -8.875007e+000
      vertex   -7.875668e+001 6.438744e+001 3.124994e+000
    endloop
  endfacet
  facet normal 5.666344e-001 8.236714e-001 5.788105e-004
    outer loop
      vertex   -7.831204e+001 6.402082e+001 -8.875007e+000
      vertex   -7.859002e+001 6.421205e+001 -8.875007e+000
      vertex   -7.853500e+001 6.416577e+001 3.124994e+000
    endloop
  endfacet
  facet normal 4.442383e-002 4.442383e-002 -1.897991e-006
    outer loop
      vertex   -7.875668e+001 6.438744e+001 3.124994e+000
      vertex   -7.875702e+001 6.438799e+001 8.124994e+000
      vertex   -7.853446e+001 6.416543e+001 8.124994e+000
    endloop
  endfacet
  facet normal 9.937115e-001 1.119699e-001 -6.716408e-005
    outer loop
      vertex   -7.902702e+001 6.494880e+001 3.124994e+000
      vertex   -7.906212e+001 6.526033e+001 3.124994e+000
      vertex   -7.902647e+001 6.494699e+001 8.124994e+000
    endloop
  endfacet
  facet normal 6.254357e-002 7.114769e-003 -0.000000e+000
    outer loop
      vertex   -7.906212e+001 6.526033e+001 3.124994e+000
      vertex   -7.906212e+001 6.526033e+001 8.124994e+000
      vertex   -7.902647e+001 6.494699e+001 8.124994e+000
    endloop
  endfacet
  facet normal 2.595645e-002 2.924733e-003 -1.875186e-005
    outer loop
      vertex   -7.905167e+001 6.509070e+001 -8.875007e+000
      vertex   -7.906212e+001 6.526033e+001 3.124994e+000
      vertex   -7.902702e+001 6.494880e+001 3.124994e+000
    endloop
  endfacet
  facet normal 4.156834e-003 -2.559576e-004 1.694066e-021
    outer loop
      vertex   -7.905167e+001 6.542995e+001 -8.875007e+000
      vertex   -7.906212e+001 6.526033e+001 8.124994e+000
      vertex   -7.906212e+001 6.526033e+001 3.124994e+000
    endloop
  endfacet
  facet normal 9.704760e-001 2.406594e-001 8.515964e-004
    outer loop
      vertex   -7.897063e+001 6.476387e+001 -8.875007e+000
      vertex   -7.905167e+001 6.509070e+001 -8.875007e+000
      vertex   -7.902702e+001 6.494880e+001 3.124994e+000
    endloop
  endfacet
  facet normal 2.465503e-002 8.626654e-003 -1.708739e-005
    outer loop
      vertex   -7.897063e+001 6.476387e+001 -8.875007e+000
      vertex   -7.902702e+001 6.494880e+001 3.124994e+000
      vertex   -7.892348e+001 6.465289e+001 3.124994e+000
    endloop
  endfacet
  facet normal 9.998997e-001 -0.000000e+000 8.702994e-004
    outer loop
      vertex   -7.905167e+001 6.509070e+001 -8.875007e+000
      vertex   -7.905167e+001 6.542995e+001 -8.875007e+000
      vertex   -7.906212e+001 6.526033e+001 3.124994e+000
    endloop
  endfacet
  facet normal 9.438894e-001 3.302615e-001 -5.637876e-005
    outer loop
      vertex   -7.892348e+001 6.465289e+001 3.124994e+000
      vertex   -7.902702e+001 6.494880e+001 3.124994e+000
      vertex   -7.892331e+001 6.465326e+001 8.124994e+000
    endloop
  endfacet
  facet normal 5.863141e-002 2.059257e-002 1.094984e-006
    outer loop
      vertex   -7.902702e+001 6.494880e+001 3.124994e+000
      vertex   -7.902647e+001 6.494699e+001 8.124994e+000
      vertex   -7.892331e+001 6.465326e+001 8.124994e+000
    endloop
  endfacet
  facet normal 1.843012e-002 -2.096555e-003 -9.595928e-006
    outer loop
      vertex   -7.905167e+001 6.542995e+001 -8.875007e+000
      vertex   -7.902647e+001 6.557367e+001 8.124994e+000
      vertex   -7.906212e+001 6.526033e+001 8.124994e+000
    endloop
  endfacet
  facet normal 1.727681e-002 -6.067974e-003 -8.606529e-006
    outer loop
      vertex   -7.897063e+001 6.575679e+001 -8.875007e+000
      vertex   -7.892331e+001 6.586740e+001 8.124994e+000
      vertex   -7.902647e+001 6.557367e+001 8.124994e+000
    endloop
  endfacet
  facet normal 9.705675e-001 -2.406764e-001 5.959176e-004
    outer loop
      vertex   -7.905167e+001 6.542995e+001 -8.875007e+000
      vertex   -7.897063e+001 6.575679e+001 -8.875007e+000
      vertex   -7.902647e+001 6.557367e+001 8.124994e+000
    endloop
  endfacet
  facet normal 8.858715e-001 -4.638767e-001 5.525068e-004
    outer loop
      vertex   -7.897063e+001 6.575679e+001 -8.875007e+000
      vertex   -7.881464e+001 6.605469e+001 -8.875007e+000
      vertex   -7.892331e+001 6.586740e+001 8.124994e+000
    endloop
  endfacet
  facet normal 8.857547e-001 4.638036e-001 8.093436e-004
    outer loop
      vertex   -7.881464e+001 6.446597e+001 -8.875007e+000
      vertex   -7.897063e+001 6.476387e+001 -8.875007e+000
      vertex   -7.892348e+001 6.465289e+001 3.124994e+000
    endloop
  endfacet
  facet normal 8.467230e-001 5.320340e-001 -1.603141e-006
    outer loop
      vertex   -7.875668e+001 6.438744e+001 3.124994e+000
      vertex   -7.892348e+001 6.465289e+001 3.124994e+000
      vertex   -7.875702e+001 6.438799e+001 8.124994e+000
    endloop
  endfacet
  facet normal 2.211647e-002 1.389677e-002 -1.586740e-005
    outer loop
      vertex   -7.881464e+001 6.446597e+001 -8.875007e+000
      vertex   -7.892348e+001 6.465289e+001 3.124994e+000
      vertex   -7.875668e+001 6.438744e+001 3.124994e+000
    endloop
  endfacet
  facet normal 5.295125e-002 3.319314e-002 -4.259326e-006
    outer loop
      vertex   -7.892348e+001 6.465289e+001 3.124994e+000
      vertex   -7.892331e+001 6.465326e+001 8.124994e+000
      vertex   -7.875702e+001 6.438799e+001 8.124994e+000
    endloop
  endfacet
  facet normal 3.319278e-002 5.294916e-002 3.971034e-008
    outer loop
      vertex   -7.853500e+001 6.416577e+001 3.124994e+000
      vertex   -7.853446e+001 6.416543e+001 8.124994e+000
      vertex   -7.826920e+001 6.399914e+001 8.124994e+000
    endloop
  endfacet
  facet normal 5.320601e-001 8.467066e-001 -6.722676e-005
    outer loop
      vertex   -7.826955e+001 6.399897e+001 3.124994e+000
      vertex   -7.853500e+001 6.416577e+001 3.124994e+000
      vertex   -7.826920e+001 6.399914e+001 8.124994e+000
    endloop
  endfacet
  facet normal 1.389692e-002 2.211519e-002 -8.928279e-006
    outer loop
      vertex   -7.831204e+001 6.402082e+001 -8.875007e+000
      vertex   -7.853500e+001 6.416577e+001 3.124994e+000
      vertex   -7.826955e+001 6.399897e+001 3.124994e+000
    endloop
  endfacet
  facet normal 7.070825e-001 7.071311e-001 -2.804863e-005
    outer loop
      vertex   -7.853500e+001 6.416577e+001 3.124994e+000
      vertex   -7.875668e+001 6.438744e+001 3.124994e+000
      vertex   -7.853446e+001 6.416543e+001 8.124994e+000
    endloop
  endfacet
  facet normal 0.000000e+000 -0.000000e+000 -9.085615e-001
    outer loop
      vertex   -8.008919e+001 6.349751e+001 3.124994e+000
      vertex   -7.978344e+001 6.313901e+001 3.124994e+000
      vertex   -8.066212e+001 6.226033e+001 3.124994e+000
    endloop
  endfacet
  facet normal 0.000000e+000 0.000000e+000 -3.444943e-001
    outer loop
      vertex   -8.066212e+001 6.226033e+001 3.124994e+000
      vertex   -7.978344e+001 6.313901e+001 3.124994e+000
      vertex   -7.942494e+001 6.283327e+001 3.124994e+000
    endloop
  endfacet
  facet normal 0.000000e+000 0.000000e+000 -2.340959e-001
    outer loop
      vertex   -8.066212e+001 6.226033e+001 3.124994e+000
      vertex   -7.942494e+001 6.283327e+001 3.124994e+000
      vertex   -7.902480e+001 6.258782e+001 3.124994e+000
    endloop
  endfacet
  facet normal 0.000000e+000 -0.000000e+000 -5.564532e-001
    outer loop
      vertex   -7.902480e+001 6.258782e+001 3.124994e+000
      vertex   -7.858830e+001 6.240702e+001 3.124994e+000
      vertex   -8.066212e+001 6.226033e+001 3.124994e+000
    endloop
  endfacet
  facet normal 0.000000e+000 0.000000e+000 -5.676368e-002
    outer loop
      vertex   -8.066212e+001 6.226033e+001 3.124994e+000
      vertex   -7.858830e+001 6.240702e+001 3.124994e+000
      vertex   -7.811781e+001 6.229550e+001 3.124994e+000
    endloop
  endfacet
  facet normal 0.000000e+000 -0.000000e+000 -3.054210e-001
    outer loop
      vertex   -8.066190e+001 6.479092e+001 3.124994e+000
      vertex   -8.051543e+001 6.433414e+001 3.124994e+000
      vertex   -8.066212e+001 6.226033e+001 3.124994e+000
    endloop
  endfacet
  facet normal 0.000000e+000 0.000000e+000 -1.264551e-001
    outer loop
      vertex   -8.066212e+001 6.226033e+001 3.124994e+000
      vertex   -8.051543e+001 6.433414e+001 3.124994e+000
      vertex   -8.033463e+001 6.389765e+001 3.124994e+000
    endloop
  endfacet
  facet normal 0.000000e+000 0.000000e+000 -2.340826e-001
    outer loop
      vertex   -8.066212e+001 6.226033e+001 3.124994e+000
      vertex   -8.033463e+001 6.389765e+001 3.124994e+000
      vertex   -8.008919e+001 6.349751e+001 3.124994e+000
    endloop
  endfacet
  facet normal 1.221381e-001 -9.925119e-001 1.727686e-004
    outer loop
      vertex   -7.799976e+001 8.618776e+000 -8.875007e+000
      vertex   -7.766212e+001 8.660327e+000 -8.875007e+000
      vertex   -7.797422e+001 8.624879e+000 8.124994e+000
    endloop
  endfacet
  facet normal -3.319335e-002 -5.295068e-002 -3.094375e-008
    outer loop
      vertex   -7.678923e+001 8.354891e+000 3.124994e+000
      vertex   -7.678977e+001 8.355227e+000 8.124994e+000
      vertex   -7.705505e+001 8.521521e+000 8.124994e+000
    endloop
  endfacet
  facet normal -1.117445e-001 -9.917647e-001 -8.673617e-019
    outer loop
      vertex   -7.735059e+001 8.625226e+000 3.124994e+000
      vertex   -7.766212e+001 8.660327e+000 8.124994e+000
      vertex   -7.766212e+001 8.660327e+000 3.124994e+000
    endloop
  endfacet
  facet normal -7.075720e-003 -6.229832e-002 -3.515464e-006
    outer loop
      vertex   -7.735059e+001 8.625226e+000 3.124994e+000
      vertex   -7.735001e+001 8.624879e+000 8.124994e+000
      vertex   -7.766212e+001 8.660327e+000 8.124994e+000
    endloop
  endfacet
  facet normal -1.593162e-002 -2.315865e-002 1.627993e-005
    outer loop
      vertex   -7.678923e+001 8.354891e+000 3.124994e+000
      vertex   -7.701219e+001 8.499838e+000 -8.875007e+000
      vertex   -7.673421e+001 8.308608e+000 -8.875007e+000
    endloop
  endfacet
  facet normal -3.296381e-001 -9.420399e-001 -2.767938e-005
    outer loop
      vertex   -7.705468e+001 8.521683e+000 3.124994e+000
      vertex   -7.735001e+001 8.624879e+000 8.124994e+000
      vertex   -7.735059e+001 8.625226e+000 3.124994e+000
    endloop
  endfacet
  facet normal -2.063131e-002 -5.887839e-002 -3.420210e-006
    outer loop
      vertex   -7.705468e+001 8.521683e+000 3.124994e+000
      vertex   -7.705505e+001 8.521521e+000 8.124994e+000
      vertex   -7.735001e+001 8.624879e+000 8.124994e+000
    endloop
  endfacet
  facet normal -5.309854e-001 -8.450639e-001 -6.629167e-005
    outer loop
      vertex   -7.678923e+001 8.354891e+000 3.124994e+000
      vertex   -7.705505e+001 8.521521e+000 8.124994e+000
      vertex   -7.705468e+001 8.521683e+000 3.124994e+000
    endloop
  endfacet
  facet normal -3.301884e-001 -9.436128e-001 -2.114158e-004
    outer loop
      vertex   -7.705468e+001 8.521683e+000 3.124994e+000
      vertex   -7.735059e+001 8.625226e+000 3.124994e+000
      vertex   -7.732447e+001 8.618776e+000 -8.875007e+000
    endloop
  endfacet
  facet normal -5.318990e-001 -8.465179e-001 -3.422758e-004
    outer loop
      vertex   -7.678923e+001 8.354891e+000 3.124994e+000
      vertex   -7.705468e+001 8.521683e+000 3.124994e+000
      vertex   -7.701219e+001 8.499838e+000 -8.875007e+000
    endloop
  endfacet
  facet normal -1.119636e-001 -9.937098e-001 2.904294e-004
    outer loop
      vertex   -7.735059e+001 8.625226e+000 3.124994e+000
      vertex   -7.766212e+001 8.660327e+000 3.124994e+000
      vertex   -7.732447e+001 8.618776e+000 -8.875007e+000
    endloop
  endfacet
  facet normal -3.461162e-003 -2.812590e-002 -0.000000e+000
    outer loop
      vertex   -7.766212e+001 8.660327e+000 3.124994e+000
      vertex   -7.766212e+001 8.660327e+000 -8.875007e+000
      vertex   -7.732447e+001 8.618776e+000 -8.875007e+000
    endloop
  endfacet
  facet normal -9.908630e-003 -2.601559e-002 1.227569e-005
    outer loop
      vertex   -7.705468e+001 8.521683e+000 3.124994e+000
      vertex   -7.732447e+001 8.618776e+000 -8.875007e+000
      vertex   -7.701219e+001 8.499838e+000 -8.875007e+000
    endloop
  endfacet
  facet normal 3.559289e-001 -9.345088e-001 2.948435e-004
    outer loop
      vertex   -7.831204e+001 8.499838e+000 -8.875007e+000
      vertex   -7.799976e+001 8.618776e+000 -8.875007e+000
      vertex   -7.826920e+001 8.521521e+000 8.124994e+000
    endloop
  endfacet
  facet normal 6.079028e-003 -1.734900e-002 -2.906149e-006
    outer loop
      vertex   -7.799976e+001 8.618776e+000 -8.875007e+000
      vertex   -7.797422e+001 8.624879e+000 8.124994e+000
      vertex   -7.826920e+001 8.521521e+000 8.124994e+000
    endloop
  endfacet
  facet normal 2.084825e-003 -1.835588e-002 0.000000e+000
    outer loop
      vertex   -7.766212e+001 8.660327e+000 -8.875007e+000
      vertex   -7.766212e+001 8.660327e+000 3.124994e+000
      vertex   -7.797422e+001 8.624879e+000 8.124994e+000
    endloop
  endfacet
  facet normal 1.126304e-001 -9.916568e-001 0.000000e+000
    outer loop
      vertex   -7.797422e+001 8.624879e+000 8.124994e+000
      vertex   -7.766212e+001 8.660327e+000 3.124994e+000
      vertex   -7.766212e+001 8.660327e+000 8.124994e+000
    endloop
  endfacet
  facet normal 9.780720e-003 -1.560195e-002 -4.751674e-006
    outer loop
      vertex   -7.831204e+001 8.499838e+000 -8.875007e+000
      vertex   -7.826920e+001 8.521521e+000 8.124994e+000
      vertex   -7.853446e+001 8.355227e+000 8.124994e+000
    endloop
  endfacet
  facet normal 5.667664e-001 -8.238674e-001 4.070726e-004
    outer loop
      vertex   -7.859002e+001 8.308608e+000 -8.875007e+000
      vertex   -7.831204e+001 8.499838e+000 -8.875007e+000
      vertex   -7.853446e+001 8.355227e+000 8.124994e+000
    endloop
  endfacet
  facet normal -3.559276e-001 9.345093e-001 2.946613e-004
    outer loop
      vertex   -7.701219e+001 6.020816e+000 -8.875007e+000
      vertex   -7.732447e+001 5.901878e+000 -8.875007e+000
      vertex   -7.705505e+001 5.999134e+000 8.124994e+000
    endloop
  endfacet
  facet normal -1.221395e-001 9.925117e-001 1.727943e-004
    outer loop
      vertex   -7.732447e+001 5.901878e+000 -8.875007e+000
      vertex   -7.766212e+001 5.860327e+000 -8.875007e+000
      vertex   -7.735001e+001 5.895775e+000 8.124994e+000
    endloop
  endfacet
  facet normal -6.079056e-003 1.734856e-002 -2.905866e-006
    outer loop
      vertex   -7.732447e+001 5.901878e+000 -8.875007e+000
      vertex   -7.735001e+001 5.895775e+000 8.124994e+000
      vertex   -7.705505e+001 5.999134e+000 8.124994e+000
    endloop
  endfacet
  facet normal -1.727711e-002 6.067974e-003 -8.605005e-006
    outer loop
      vertex   -7.635361e+001 6.763870e+000 -8.875007e+000
      vertex   -7.640092e+001 6.653252e+000 8.124994e+000
      vertex   -7.629776e+001 6.946989e+000 8.124994e+000
    endloop
  endfacet
  facet normal -9.705666e-001 2.406798e-001 5.958995e-004
    outer loop
      vertex   -7.627256e+001 7.090701e+000 -8.875007e+000
      vertex   -7.635361e+001 6.763870e+000 -8.875007e+000
      vertex   -7.629776e+001 6.946989e+000 8.124994e+000
    endloop
  endfacet
  facet normal -9.780720e-003 1.560239e-002 -4.755929e-006
    outer loop
      vertex   -7.701219e+001 6.020816e+000 -8.875007e+000
      vertex   -7.705505e+001 5.999134e+000 8.124994e+000
      vertex   -7.678977e+001 6.165427e+000 8.124994e+000
    endloop
  endfacet
  facet normal -1.560244e-002 9.780829e-003 -8.017732e-006
    outer loop
      vertex   -7.650960e+001 6.465961e+000 -8.875007e+000
      vertex   -7.656721e+001 6.387985e+000 8.124994e+000
      vertex   -7.640092e+001 6.653252e+000 8.124994e+000
    endloop
  endfacet
  facet normal -8.858792e-001 4.638621e-001 5.525730e-004
    outer loop
      vertex   -7.635361e+001 6.763870e+000 -8.875007e+000
      vertex   -7.650960e+001 6.465961e+000 -8.875007e+000
      vertex   -7.640092e+001 6.653252e+000 8.124994e+000
    endloop
  endfacet
  facet normal -1.309017e-002 1.309014e-002 -6.882666e-006
    outer loop
      vertex   -7.673421e+001 6.212046e+000 -8.875007e+000
      vertex   -7.678977e+001 6.165427e+000 8.124994e+000
      vertex   -7.656721e+001 6.387985e+000 8.124994e+000
    endloop
  endfacet
  facet normal -5.667664e-001 8.238674e-001 4.070495e-004
    outer loop
      vertex   -7.673421e+001 6.212046e+000 -8.875007e+000
      vertex   -7.701219e+001 6.020816e+000 -8.875007e+000
      vertex   -7.678977e+001 6.165427e+000 8.124994e+000
    endloop
  endfacet
  facet normal -7.489837e-001 6.625639e-001 5.005635e-004
    outer loop
      vertex   -7.650960e+001 6.465961e+000 -8.875007e+000
      vertex   -7.673421e+001 6.212046e+000 -8.875007e+000
      vertex   -7.656721e+001 6.387985e+000 8.124994e+000
    endloop
  endfacet
  facet normal -1.128525e-001 9.936118e-001 0.000000e+000
    outer loop
      vertex   -7.766212e+001 5.860327e+000 8.124994e+000
      vertex   -7.735001e+001 5.895775e+000 8.124994e+000
      vertex   -7.766212e+001 5.860327e+000 3.124994e+000
    endloop
  endfacet
  facet normal -7.075666e-003 6.229784e-002 0.000000e+000
    outer loop
      vertex   -7.766212e+001 5.860327e+000 3.124994e+000
      vertex   -7.735001e+001 5.895775e+000 8.124994e+000
      vertex   -7.766212e+001 5.860327e+000 -8.875007e+000
    endloop
  endfacet
  facet normal -5.294992e-002 -3.319314e-002 -4.102512e-006
    outer loop
      vertex   -7.640076e+001 7.867764e+000 3.124994e+000
      vertex   -7.640092e+001 7.867402e+000 8.124994e+000
      vertex   -7.656721e+001 8.132669e+000 8.124994e+000
    endloop
  endfacet
  facet normal -9.437574e-001 -3.302461e-001 -6.545268e-004
    outer loop
      vertex   -7.629722e+001 7.571856e+000 3.124994e+000
      vertex   -7.640076e+001 7.867764e+000 3.124994e+000
      vertex   -7.635361e+001 7.756784e+000 -8.875007e+000
    endloop
  endfacet
  facet normal -2.482052e-002 -1.299645e-002 2.265647e-005
    outer loop
      vertex   -7.640076e+001 7.867764e+000 3.124994e+000
      vertex   -7.650960e+001 8.054694e+000 -8.875007e+000
      vertex   -7.635361e+001 7.756784e+000 -8.875007e+000
    endloop
  endfacet
  facet normal -8.465956e-001 -5.319315e-001 -6.079994e-004
    outer loop
      vertex   -7.640076e+001 7.867764e+000 3.124994e+000
      vertex   -7.656755e+001 8.133213e+000 3.124994e+000
      vertex   -7.650960e+001 8.054694e+000 -8.875007e+000
    endloop
  endfacet
  facet normal -5.863236e-002 -2.059257e-002 1.098809e-006
    outer loop
      vertex   -7.629722e+001 7.571856e+000 3.124994e+000
      vertex   -7.629776e+001 7.573666e+000 8.124994e+000
      vertex   -7.640092e+001 7.867402e+000 8.124994e+000
    endloop
  endfacet
  facet normal -9.420334e-001 -3.296428e-001 -5.407827e-005
    outer loop
      vertex   -7.629722e+001 7.571856e+000 3.124994e+000
      vertex   -7.640092e+001 7.867402e+000 8.124994e+000
      vertex   -7.640076e+001 7.867764e+000 3.124994e+000
    endloop
  endfacet
  facet normal -8.450804e-001 -5.309795e-001 -9.899143e-007
    outer loop
      vertex   -7.640076e+001 7.867764e+000 3.124994e+000
      vertex   -7.656721e+001 8.132669e+000 8.124994e+000
      vertex   -7.656755e+001 8.133213e+000 3.124994e+000
    endloop
  endfacet
  facet normal -2.115449e-002 -1.871366e-002 2.028431e-005
    outer loop
      vertex   -7.656755e+001 8.133213e+000 3.124994e+000
      vertex   -7.673421e+001 8.308608e+000 -8.875007e+000
      vertex   -7.650960e+001 8.054694e+000 -8.875007e+000
    endloop
  endfacet
  facet normal -2.723041e-002 -6.752558e-003 2.389623e-005
    outer loop
      vertex   -7.629722e+001 7.571856e+000 3.124994e+000
      vertex   -7.635361e+001 7.756784e+000 -8.875007e+000
      vertex   -7.627256e+001 7.429954e+000 -8.875007e+000
    endloop
  endfacet
  facet normal -7.069601e-001 -7.069662e-001 -5.144546e-004
    outer loop
      vertex   -7.656755e+001 8.133213e+000 3.124994e+000
      vertex   -7.678923e+001 8.354891e+000 3.124994e+000
      vertex   -7.673421e+001 8.308608e+000 -8.875007e+000
    endloop
  endfacet
  facet normal -7.071037e-001 -7.071098e-001 -2.899650e-005
    outer loop
      vertex   -7.678923e+001 8.354891e+000 3.124994e+000
      vertex   -7.656755e+001 8.133213e+000 3.124994e+000
      vertex   -7.678977e+001 8.355227e+000 8.124994e+000
    endloop
  endfacet
  facet normal -7.057170e-001 -7.057139e-001 -2.934352e-005
    outer loop
      vertex   -7.678977e+001 8.355227e+000 8.124994e+000
      vertex   -7.656755e+001 8.133213e+000 3.124994e+000
      vertex   -7.656721e+001 8.132669e+000 8.124994e+000
    endloop
  endfacet
  facet normal -9.917409e-001 -1.117485e-001 -6.700933e-005
    outer loop
      vertex   -7.626212e+001 7.260327e+000 3.124994e+000
      vertex   -7.629776e+001 7.573666e+000 8.124994e+000
      vertex   -7.629722e+001 7.571856e+000 3.124994e+000
    endloop
  endfacet
  facet normal -9.936119e-001 -1.119594e-001 -7.177769e-004
    outer loop
      vertex   -7.626212e+001 7.260327e+000 3.124994e+000
      vertex   -7.629722e+001 7.571856e+000 3.124994e+000
      vertex   -7.627256e+001 7.429954e+000 -8.875007e+000
    endloop
  endfacet
  facet normal -2.826541e-002 0.000000e+000 2.460184e-005
    outer loop
      vertex   -7.626212e+001 7.260327e+000 3.124994e+000
      vertex   -7.627256e+001 7.429954e+000 -8.875007e+000
      vertex   -7.627256e+001 7.090701e+000 -8.875007e+000
    endloop
  endfacet
  facet normal -1.843006e-002 2.096555e-003 -9.596256e-006
    outer loop
      vertex   -7.627256e+001 7.090701e+000 -8.875007e+000
      vertex   -7.629776e+001 6.946989e+000 8.124994e+000
      vertex   -7.626212e+001 7.260327e+000 8.124994e+000
    endloop
  endfacet
  facet normal -1.413414e-002 8.702994e-004 0.000000e+000
    outer loop
      vertex   -7.626212e+001 7.260327e+000 3.124994e+000
      vertex   -7.627256e+001 7.090701e+000 -8.875007e+000
      vertex   -7.626212e+001 7.260327e+000 8.124994e+000
    endloop
  endfacet
  facet normal -6.254338e-002 -7.114769e-003 0.000000e+000
    outer loop
      vertex   -7.626212e+001 7.260327e+000 3.124994e+000
      vertex   -7.626212e+001 7.260327e+000 8.124994e+000
      vertex   -7.629776e+001 7.573666e+000 8.124994e+000
    endloop
  endfacet
  facet normal 1.389584e-002 2.211519e-002 -8.941179e-006
    outer loop
      vertex   -7.831204e+001 6.020816e+000 -8.875007e+000
      vertex   -7.853500e+001 6.165763e+000 3.124994e+000
      vertex   -7.826955e+001 5.998971e+000 3.124994e+000
    endloop
  endfacet
  facet normal 3.558275e-001 9.342463e-001 4.408747e-004
    outer loop
      vertex   -7.799976e+001 5.901878e+000 -8.875007e+000
      vertex   -7.831204e+001 6.020816e+000 -8.875007e+000
      vertex   -7.826955e+001 5.998971e+000 3.124994e+000
    endloop
  endfacet
  facet normal 1.846910e-002 1.846922e-002 -1.344011e-005
    outer loop
      vertex   -7.859002e+001 6.212046e+000 -8.875007e+000
      vertex   -7.875668e+001 6.387442e+000 3.124994e+000
      vertex   -7.853500e+001 6.165763e+000 3.124994e+000
    endloop
  endfacet
  facet normal 5.666324e-001 8.236727e-001 5.790207e-004
    outer loop
      vertex   -7.831204e+001 6.020816e+000 -8.875007e+000
      vertex   -7.859002e+001 6.212046e+000 -8.875007e+000
      vertex   -7.853500e+001 6.165763e+000 3.124994e+000
    endloop
  endfacet
  facet normal 5.320307e-001 8.467250e-001 -6.577178e-005
    outer loop
      vertex   -7.826955e+001 5.998971e+000 3.124994e+000
      vertex   -7.853500e+001 6.165763e+000 3.124994e+000
      vertex   -7.826920e+001 5.999134e+000 8.124994e+000
    endloop
  endfacet
  facet normal 3.319336e-002 5.294916e-002 -3.609591e-008
    outer loop
      vertex   -7.853500e+001 6.165763e+000 3.124994e+000
      vertex   -7.853446e+001 6.165427e+000 8.124994e+000
      vertex   -7.826920e+001 5.999134e+000 8.124994e+000
    endloop
  endfacet
  facet normal 3.302813e-001 9.438825e-001 -2.773370e-005
    outer loop
      vertex   -7.797365e+001 5.895428e+000 3.124994e+000
      vertex   -7.826955e+001 5.998971e+000 3.124994e+000
      vertex   -7.797422e+001 5.895775e+000 8.124994e+000
    endloop
  endfacet
  facet normal 8.626083e-003 2.465174e-002 -5.522140e-006
    outer loop
      vertex   -7.799976e+001 5.901878e+000 -8.875007e+000
      vertex   -7.826955e+001 5.998971e+000 3.124994e+000
      vertex   -7.797365e+001 5.895428e+000 3.124994e+000
    endloop
  endfacet
  facet normal 2.063140e-002 5.887992e-002 -3.400015e-006
    outer loop
      vertex   -7.826955e+001 5.998971e+000 3.124994e+000
      vertex   -7.826920e+001 5.999134e+000 8.124994e+000
      vertex   -7.797422e+001 5.895775e+000 8.124994e+000
    endloop
  endfacet
  facet normal 7.488437e-001 6.624400e-001 7.180324e-004
    outer loop
      vertex   -7.859002e+001 6.212046e+000 -8.875007e+000
      vertex   -7.881464e+001 6.465961e+000 -8.875007e+000
      vertex   -7.875668e+001 6.387442e+000 3.124994e+000
    endloop
  endfacet
  facet normal 7.071075e-001 7.071060e-001 -2.933407e-005
    outer loop
      vertex   -7.875702e+001 6.387985e+000 8.124994e+000
      vertex   -7.853446e+001 6.165427e+000 8.124994e+000
      vertex   -7.875668e+001 6.387442e+000 3.124994e+000
    endloop
  endfacet
  facet normal 7.057132e-001 7.057177e-001 -2.900688e-005
    outer loop
      vertex   -7.875668e+001 6.387442e+000 3.124994e+000
      vertex   -7.853446e+001 6.165427e+000 8.124994e+000
      vertex   -7.853500e+001 6.165763e+000 3.124994e+000
    endloop
  endfacet
  facet normal 5.294992e-002 3.319314e-002 -4.183307e-006
    outer loop
      vertex   -7.892348e+001 6.652890e+000 3.124994e+000
      vertex   -7.892331e+001 6.653252e+000 8.124994e+000
      vertex   -7.875702e+001 6.387985e+000 8.124994e+000
    endloop
  endfacet
  facet normal 8.467217e-001 5.320360e-001 -9.438477e-007
    outer loop
      vertex   -7.875668e+001 6.387442e+000 3.124994e+000
      vertex   -7.892348e+001 6.652890e+000 3.124994e+000
      vertex   -7.875702e+001 6.387985e+000 8.124994e+000
    endloop
  endfacet
  facet normal 2.211635e-002 1.389677e-002 -1.587897e-005
    outer loop
      vertex   -7.881464e+001 6.465961e+000 -8.875007e+000
      vertex   -7.892348e+001 6.652890e+000 3.124994e+000
      vertex   -7.875668e+001 6.387442e+000 3.124994e+000
    endloop
  endfacet
  facet normal 9.438875e-001 3.302672e-001 -5.562320e-005
    outer loop
      vertex   -7.892348e+001 6.652890e+000 3.124994e+000
      vertex   -7.902702e+001 6.948798e+000 3.124994e+000
      vertex   -7.892331e+001 6.653252e+000 8.124994e+000
    endloop
  endfacet
  facet normal 5.863246e-002 2.059257e-002 1.096835e-006
    outer loop
      vertex   -7.902702e+001 6.948798e+000 3.124994e+000
      vertex   -7.902647e+001 6.946989e+000 8.124994e+000
      vertex   -7.892331e+001 6.653252e+000 8.124994e+000
    endloop
  endfacet
  facet normal 8.857574e-001 4.637984e-001 8.091000e-004
    outer loop
      vertex   -7.881464e+001 6.465961e+000 -8.875007e+000
      vertex   -7.897063e+001 6.763870e+000 -8.875007e+000
      vertex   -7.892348e+001 6.652890e+000 3.124994e+000
    endloop
  endfacet
  facet normal 2.465455e-002 8.626654e-003 -1.708895e-005
    outer loop
      vertex   -7.897063e+001 6.763870e+000 -8.875007e+000
      vertex   -7.902702e+001 6.948798e+000 3.124994e+000
      vertex   -7.892348e+001 6.652890e+000 3.124994e+000
    endloop
  endfacet
  facet normal 9.704764e-001 2.406574e-001 8.516483e-004
    outer loop
      vertex   -7.897063e+001 6.763870e+000 -8.875007e+000
      vertex   -7.905167e+001 7.090701e+000 -8.875007e+000
      vertex   -7.902702e+001 6.948798e+000 3.124994e+000
    endloop
  endfacet
  facet normal 1.727709e-002 -6.067974e-003 -8.604927e-006
    outer loop
      vertex   -7.897063e+001 7.756784e+000 -8.875007e+000
      vertex   -7.892331e+001 7.867402e+000 8.124994e+000
      vertex   -7.902647e+001 7.573666e+000 8.124994e+000
    endloop
  endfacet
  facet normal 9.937115e-001 1.119704e-001 -6.715322e-005
    outer loop
      vertex   -7.902702e+001 6.948798e+000 3.124994e+000
      vertex   -7.906212e+001 7.260327e+000 3.124994e+000
      vertex   -7.902647e+001 6.946989e+000 8.124994e+000
    endloop
  endfacet
  facet normal 2.595633e-002 2.924733e-003 -1.875069e-005
    outer loop
      vertex   -7.905167e+001 7.090701e+000 -8.875007e+000
      vertex   -7.906212e+001 7.260327e+000 3.124994e+000
      vertex   -7.902702e+001 6.948798e+000 3.124994e+000
    endloop
  endfacet
  facet normal 6.254338e-002 7.114769e-003 -0.000000e+000
    outer loop
      vertex   -7.906212e+001 7.260327e+000 3.124994e+000
      vertex   -7.906212e+001 7.260327e+000 8.124994e+000
      vertex   -7.902647e+001 6.946989e+000 8.124994e+000
    endloop
  endfacet
  facet normal 9.998997e-001 -0.000000e+000 8.702994e-004
    outer loop
      vertex   -7.905167e+001 7.090701e+000 -8.875007e+000
      vertex   -7.905167e+001 7.429954e+000 -8.875007e+000
      vertex   -7.906212e+001 7.260327e+000 3.124994e+000
    endloop
  endfacet
  facet normal 1.843006e-002 -2.096555e-003 -9.596198e-006
    outer loop
      vertex   -7.905167e+001 7.429954e+000 -8.875007e+000
      vertex   -7.902647e+001 7.573666e+000 8.124994e+000
      vertex   -7.906212e+001 7.260327e+000 8.124994e+000
    endloop
  endfacet
  facet normal 9.705666e-001 -2.406798e-001 5.959062e-004
    outer loop
      vertex   -7.905167e+001 7.429954e+000 -8.875007e+000
      vertex   -7.897063e+001 7.756784e+000 -8.875007e+000
      vertex   -7.902647e+001 7.573666e+000 8.124994e+000
    endloop
  endfacet
  facet normal 4.156880e-003 -2.559576e-004 0.000000e+000
    outer loop
      vertex   -7.905167e+001 7.429954e+000 -8.875007e+000
      vertex   -7.906212e+001 7.260327e+000 8.124994e+000
      vertex   -7.906212e+001 7.260327e+000 3.124994e+000
    endloop
  endfacet
  facet normal 8.858795e-001 -4.638615e-001 5.525684e-004
    outer loop
      vertex   -7.897063e+001 7.756784e+000 -8.875007e+000
      vertex   -7.881464e+001 8.054694e+000 -8.875007e+000
      vertex   -7.892331e+001 7.867402e+000 8.124994e+000
    endloop
  endfacet
  facet normal 1.220906e-001 9.921143e-001 0.000000e+000
    outer loop
      vertex   -7.799976e+001 5.901878e+000 -8.875007e+000
      vertex   -7.766212e+001 5.860327e+000 3.124994e+000
      vertex   -7.766212e+001 5.860327e+000 -8.875007e+000
    endloop
  endfacet
  facet normal 2.923896e-003 2.595043e-002 7.585506e-006
    outer loop
      vertex   -7.799976e+001 5.901878e+000 -8.875007e+000
      vertex   -7.797365e+001 5.895428e+000 3.124994e+000
      vertex   -7.766212e+001 5.860327e+000 3.124994e+000
    endloop
  endfacet
  facet normal 1.117445e-001 9.917647e-001 -8.673617e-019
    outer loop
      vertex   -7.797365e+001 5.895428e+000 3.124994e+000
      vertex   -7.766212e+001 5.860327e+000 8.124994e+000
      vertex   -7.766212e+001 5.860327e+000 3.124994e+000
    endloop
  endfacet
  facet normal 7.075720e-003 6.229832e-002 -3.515464e-006
    outer loop
      vertex   -7.797365e+001 5.895428e+000 3.124994e+000
      vertex   -7.797422e+001 5.895775e+000 8.124994e+000
      vertex   -7.766212e+001 5.860327e+000 8.124994e+000
    endloop
  endfacet
  facet normal 7.489831e-001 -6.625646e-001 5.005502e-004
    outer loop
      vertex   -7.881464e+001 8.054694e+000 -8.875007e+000
      vertex   -7.859002e+001 8.308608e+000 -8.875007e+000
      vertex   -7.875702e+001 8.132669e+000 8.124994e+000
    endloop
  endfacet
  facet normal 1.309020e-002 -1.309014e-002 -6.882391e-006
    outer loop
      vertex   -7.859002e+001 8.308608e+000 -8.875007e+000
      vertex   -7.853446e+001 8.355227e+000 8.124994e+000
      vertex   -7.875702e+001 8.132669e+000 8.124994e+000
    endloop
  endfacet
  facet normal 1.560244e-002 -9.780829e-003 -8.018007e-006
    outer loop
      vertex   -7.881464e+001 8.054694e+000 -8.875007e+000
      vertex   -7.875702e+001 8.132669e+000 8.124994e+000
      vertex   -7.892331e+001 7.867402e+000 8.124994e+000
    endloop
  endfacet
  facet normal 0.000000e+000 0.000000e+000 -2.313590e-001
    outer loop
      vertex   -7.720642e+001 6.822517e+001 3.124994e+000
      vertex   -2.913154e+001 6.826010e+001 3.124994e+000
      vertex   -7.673593e+001 6.811364e+001 3.124994e+000
    endloop
  endfacet
  facet normal 0.000000e+000 0.000000e+000 -3.076623e-003
    outer loop
      vertex   -7.673593e+001 6.811364e+001 3.124994e+000
      vertex   -2.913154e+001 6.826010e+001 3.124994e+000
      vertex   -2.958831e+001 6.811364e+001 3.124994e+000
    endloop
  endfacet
  facet normal 0.000000e+000 0.000000e+000 -3.826974e-001
    outer loop
      vertex   -7.673593e+001 6.811364e+001 3.124994e+000
      vertex   -2.958831e+001 6.811364e+001 3.124994e+000
      vertex   -7.629944e+001 6.793283e+001 3.124994e+000
    endloop
  endfacet
  facet normal 0.000000e+000 0.000000e+000 -3.870762e-003
    outer loop
      vertex   -7.629944e+001 6.793283e+001 3.124994e+000
      vertex   -2.958831e+001 6.811364e+001 3.124994e+000
      vertex   -3.002479e+001 6.793283e+001 3.124994e+000
    endloop
  endfacet
  facet normal 0.000000e+000 0.000000e+000 -5.350288e-003
    outer loop
      vertex   -7.629944e+001 6.793283e+001 3.124994e+000
      vertex   -3.002479e+001 6.793283e+001 3.124994e+000
      vertex   -3.042495e+001 6.768739e+001 3.124994e+000
    endloop
  endfacet
  facet normal 0.000000e+000 0.000000e+000 -6.489091e-001
    outer loop
      vertex   -3.078344e+001 6.738165e+001 3.124994e+000
      vertex   -7.554079e+001 6.738165e+001 3.124994e+000
      vertex   -3.042495e+001 6.768739e+001 3.124994e+000
    endloop
  endfacet
  facet normal -0.000000e+000 0.000000e+000 -6.776628e-003
    outer loop
      vertex   -3.042495e+001 6.768739e+001 3.124994e+000
      vertex   -7.554079e+001 6.738165e+001 3.124994e+000
      vertex   -7.589929e+001 6.768739e+001 3.124994e+000
    endloop
  endfacet
  facet normal 0.000000e+000 0.000000e+000 -5.350288e-003
    outer loop
      vertex   -3.042495e+001 6.768739e+001 3.124994e+000
      vertex   -7.589929e+001 6.768739e+001 3.124994e+000
      vertex   -7.629944e+001 6.793283e+001 3.124994e+000
    endloop
  endfacet
  facet normal 0.000000e+000 4.559485e-004 -7.608682e-001
    outer loop
      vertex   -7.554079e+001 6.738165e+001 3.124994e+000
      vertex   -3.078344e+001 6.738165e+001 3.124994e+000
      vertex   -7.523507e+001 6.702317e+001 3.124779e+000
    endloop
  endfacet
  facet normal 3.924187e-008 -3.346725e-008 -8.064460e-003
    outer loop
      vertex   -7.523507e+001 6.702317e+001 3.124779e+000
      vertex   -3.078344e+001 6.738165e+001 3.124994e+000
      vertex   -3.108917e+001 6.702316e+001 3.124994e+000
    endloop
  endfacet
  facet normal 4.435132e-008 -2.720544e-008 -9.114485e-003
    outer loop
      vertex   -7.523507e+001 6.702317e+001 3.124779e+000
      vertex   -3.108917e+001 6.702316e+001 3.124994e+000
      vertex   -3.133463e+001 6.662301e+001 3.124994e+000
    endloop
  endfacet
  facet normal 0.000000e+000 0.000000e+000 -9.238823e-001
    outer loop
      vertex   -3.151542e+001 6.618652e+001 3.124994e+000
      vertex   -7.480881e+001 6.618652e+001 3.124994e+000
      vertex   -3.133463e+001 6.662301e+001 3.124994e+000
    endloop
  endfacet
  facet normal -0.000000e+000 0.000000e+000 -1.003977e-002
    outer loop
      vertex   -3.133463e+001 6.662301e+001 3.124994e+000
      vertex   -7.480881e+001 6.618652e+001 3.124994e+000
      vertex   -7.498961e+001 6.662301e+001 3.124994e+000
    endloop
  endfacet
  facet normal -0.000000e+000 -4.893031e-006 -9.114831e-003
    outer loop
      vertex   -3.133463e+001 6.662301e+001 3.124994e+000
      vertex   -7.498961e+001 6.662301e+001 3.124994e+000
      vertex   -7.523507e+001 6.702317e+001 3.124779e+000
    endloop
  endfacet
  facet normal -0.000000e+000 0.000000e+000 -9.724690e-001
    outer loop
      vertex   -3.151542e+001 6.618652e+001 3.124994e+000
      vertex   -3.162481e+001 6.573002e+001 3.124994e+000
      vertex   -7.480881e+001 6.618652e+001 3.124994e+000
    endloop
  endfacet
  facet normal 0.000000e+000 0.000000e+000 -9.699514e-001
    outer loop
      vertex   -7.480881e+001 6.618652e+001 3.124994e+000
      vertex   -3.162481e+001 6.573002e+001 3.124994e+000
      vertex   -7.469942e+001 6.573002e+001 3.124994e+000
    endloop
  endfacet
  facet normal 0.000000e+000 0.000000e+000 -1.091287e-002
    outer loop
      vertex   -7.469942e+001 6.573002e+001 3.124994e+000
      vertex   -3.162481e+001 6.573002e+001 3.124994e+000
      vertex   -3.166212e+001 6.526033e+001 3.124994e+000
    endloop
  endfacet
  facet normal 0.000000e+000 0.000000e+000 -9.959382e-001
    outer loop
      vertex   -7.469942e+001 6.573002e+001 3.124994e+000
      vertex   -3.166212e+001 6.526033e+001 3.124994e+000
      vertex   -7.466212e+001 6.526033e+001 3.124994e+000
    endloop
  endfacet
  facet normal 0.000000e+000 -0.000000e+000 -9.968614e-001
    outer loop
      vertex   -7.466212e+001 6.526033e+001 3.124994e+000
      vertex   -3.166212e+001 6.526033e+001 3.124994e+000
      vertex   -7.469942e+001 6.479065e+001 3.124994e+000
    endloop
  endfacet
  facet normal 0.000000e+000 0.000000e+000 -1.091269e-002
    outer loop
      vertex   -7.469942e+001 6.479065e+001 3.124994e+000
      vertex   -3.166212e+001 6.526033e+001 3.124994e+000
      vertex   -3.162481e+001 6.479065e+001 3.124994e+000
    endloop
  endfacet
  facet normal 0.000000e+000 -0.000000e+000 -9.724708e-001
    outer loop
      vertex   -7.469942e+001 6.479065e+001 3.124994e+000
      vertex   -3.162481e+001 6.479065e+001 3.124994e+000
      vertex   -7.480881e+001 6.433414e+001 3.124994e+000
    endloop
  endfacet
  facet normal 0.000000e+000 0.000000e+000 -1.057074e-002
    outer loop
      vertex   -7.480881e+001 6.433414e+001 3.124994e+000
      vertex   -3.162481e+001 6.479065e+001 3.124994e+000
      vertex   -3.151542e+001 6.433414e+001 3.124994e+000
    endloop
  endfacet
  facet normal 0.000000e+000 0.000000e+000 -1.003969e-002
    outer loop
      vertex   -7.480881e+001 6.433414e+001 3.124994e+000
      vertex   -3.151542e+001 6.433414e+001 3.124994e+000
      vertex   -3.133463e+001 6.389765e+001 3.124994e+000
    endloop
  endfacet
  facet normal 0.000000e+000 -0.000000e+000 -9.276738e-001
    outer loop
      vertex   -7.480881e+001 6.433414e+001 3.124994e+000
      vertex   -3.133463e+001 6.389765e+001 3.124994e+000
      vertex   -7.498961e+001 6.389765e+001 3.124994e+000
    endloop
  endfacet
  facet normal 0.000000e+000 0.000000e+000 -9.114574e-003
    outer loop
      vertex   -7.498961e+001 6.389765e+001 3.124994e+000
      vertex   -3.133463e+001 6.389765e+001 3.124994e+000
      vertex   -3.108918e+001 6.349750e+001 3.124994e+000
    endloop
  endfacet
  facet normal 0.000000e+000 -0.000000e+000 -8.571472e-001
    outer loop
      vertex   -7.498961e+001 6.389765e+001 3.124994e+000
      vertex   -3.108918e+001 6.349750e+001 3.124994e+000
      vertex   -7.523505e+001 6.349750e+001 3.124994e+000
    endloop
  endfacet
  facet normal 0.000000e+000 -0.000000e+000 -7.608694e-001
    outer loop
      vertex   -7.523505e+001 6.349750e+001 3.124994e+000
      vertex   -3.108918e+001 6.349750e+001 3.124994e+000
      vertex   -7.554079e+001 6.313901e+001 3.124994e+000
    endloop
  endfacet
  facet normal 0.000000e+000 0.000000e+000 -8.064462e-003
    outer loop
      vertex   -7.554079e+001 6.313901e+001 3.124994e+000
      vertex   -3.108918e+001 6.349750e+001 3.124994e+000
      vertex   -3.078344e+001 6.313901e+001 3.124994e+000
    endloop
  endfacet
  facet normal 0.000000e+000 0.000000e+000 -6.776544e-003
    outer loop
      vertex   -7.554079e+001 6.313901e+001 3.124994e+000
      vertex   -3.078344e+001 6.313901e+001 3.124994e+000
      vertex   -3.042495e+001 6.283327e+001 3.124994e+000
    endloop
  endfacet
  facet normal 0.000000e+000 0.000000e+000 -5.228637e-001
    outer loop
      vertex   -3.002479e+001 6.258782e+001 3.124994e+000
      vertex   -7.629944e+001 6.258782e+001 3.124994e+000
      vertex   -3.042495e+001 6.283327e+001 3.124994e+000
    endloop
  endfacet
  facet normal -0.000000e+000 0.000000e+000 -5.350454e-003
    outer loop
      vertex   -3.042495e+001 6.283327e+001 3.124994e+000
      vertex   -7.629944e+001 6.258782e+001 3.124994e+000
      vertex   -7.589929e+001 6.283327e+001 3.124994e+000
    endloop
  endfacet
  facet normal 0.000000e+000 0.000000e+000 -6.776544e-003
    outer loop
      vertex   -3.042495e+001 6.283327e+001 3.124994e+000
      vertex   -7.589929e+001 6.283327e+001 3.124994e+000
      vertex   -7.554079e+001 6.313901e+001 3.124994e+000
    endloop
  endfacet
  facet normal -0.000000e+000 -0.000000e+000 -3.826922e-001
    outer loop
      vertex   -3.002479e+001 6.258782e+001 3.124994e+000
      vertex   -2.958831e+001 6.240702e+001 3.124994e+000
      vertex   -7.629944e+001 6.258782e+001 3.124994e+000
    endloop
  endfacet
  facet normal 0.000000e+000 -0.000000e+000 -3.862567e-001
    outer loop
      vertex   -7.629944e+001 6.258782e+001 3.124994e+000
      vertex   -2.958831e+001 6.240702e+001 3.124994e+000
      vertex   -7.673593e+001 6.240702e+001 3.124994e+000
    endloop
  endfacet
  facet normal 0.000000e+000 -0.000000e+000 -2.307810e-001
    outer loop
      vertex   -7.673593e+001 6.240702e+001 3.124994e+000
      vertex   -2.958831e+001 6.240702e+001 3.124994e+000
      vertex   -7.721156e+001 6.229420e+001 3.124994e+000
    endloop
  endfacet
  facet normal 0.000000e+000 0.000000e+000 -2.341948e-003
    outer loop
      vertex   -7.721156e+001 6.229420e+001 3.124994e+000
      vertex   -2.958831e+001 6.240702e+001 3.124994e+000
      vertex   -2.911782e+001 6.229550e+001 3.124994e+000
    endloop
  endfacet
  facet normal 1.889011e-001 1.888997e-001 -0.000000e+000
    outer loop
      vertex   -5.776212e+001 9.868276e+000 6.124994e+000
      vertex   -5.815417e+001 1.026033e+001 8.124994e+000
      vertex   -5.776212e+001 9.868276e+000 8.124994e+000
    endloop
  endfacet
  facet normal 6.745378e-001 6.882092e-001 -2.680902e-003
    outer loop
      vertex   -5.776212e+001 9.868276e+000 6.124994e+000
      vertex   -5.816212e+001 1.026033e+001 6.124994e+000
      vertex   -5.815417e+001 1.026033e+001 8.124994e+000
    endloop
  endfacet
  facet normal 0.000000e+000 0.000000e+000 -9.085674e-001
    outer loop
      vertex   -2.689929e+001 6.283327e+001 3.124994e+000
      vertex   -2.654080e+001 6.313901e+001 3.124994e+000
      vertex   -2.566212e+001 6.226033e+001 3.124994e+000
    endloop
  endfacet
  facet normal 0.000000e+000 0.000000e+000 -3.444935e-001
    outer loop
      vertex   -2.566212e+001 6.226033e+001 3.124994e+000
      vertex   -2.654080e+001 6.313901e+001 3.124994e+000
      vertex   -2.623506e+001 6.349750e+001 3.124994e+000
    endloop
  endfacet
  facet normal 0.000000e+000 0.000000e+000 -2.340930e-001
    outer loop
      vertex   -2.566212e+001 6.226033e+001 3.124994e+000
      vertex   -2.623506e+001 6.349750e+001 3.124994e+000
      vertex   -2.598961e+001 6.389765e+001 3.124994e+000
    endloop
  endfacet
  facet normal 0.000000e+000 0.000000e+000 -5.564598e-001
    outer loop
      vertex   -2.598961e+001 6.389765e+001 3.124994e+000
      vertex   -2.580881e+001 6.433414e+001 3.124994e+000
      vertex   -2.566212e+001 6.226033e+001 3.124994e+000
    endloop
  endfacet
  facet normal 0.000000e+000 0.000000e+000 -5.676063e-002
    outer loop
      vertex   -2.566212e+001 6.226033e+001 3.124994e+000
      vertex   -2.580881e+001 6.433414e+001 3.124994e+000
      vertex   -2.569730e+001 6.480453e+001 3.124994e+000
    endloop
  endfacet
  facet normal 0.000000e+000 0.000000e+000 -2.436893e-001
    outer loop
      vertex   -2.821156e+001 6.229420e+001 3.124994e+000
      vertex   -2.773593e+001 6.240702e+001 3.124994e+000
      vertex   -2.566212e+001 6.226033e+001 3.124994e+000
    endloop
  endfacet
  facet normal 0.000000e+000 0.000000e+000 -1.264548e-001
    outer loop
      vertex   -2.566212e+001 6.226033e+001 3.124994e+000
      vertex   -2.773593e+001 6.240702e+001 3.124994e+000
      vertex   -2.729944e+001 6.258782e+001 3.124994e+000
    endloop
  endfacet
  facet normal 0.000000e+000 0.000000e+000 -2.340969e-001
    outer loop
      vertex   -2.566212e+001 6.226033e+001 3.124994e+000
      vertex   -2.729944e+001 6.258782e+001 3.124994e+000
      vertex   -2.689929e+001 6.283327e+001 3.124994e+000
    endloop
  endfacet
  facet normal 0.000000e+000 0.000000e+000 -3.826922e-001
    outer loop
      vertex   -3.002479e+001 9.932835e+000 3.124994e+000
      vertex   -7.629944e+001 9.932835e+000 3.124994e+000
      vertex   -2.958831e+001 1.011364e+001 3.124994e+000
    endloop
  endfacet
  facet normal -0.000000e+000 0.000000e+000 -3.870599e-003
    outer loop
      vertex   -2.958831e+001 1.011364e+001 3.124994e+000
      vertex   -7.629944e+001 9.932835e+000 3.124994e+000
      vertex   -7.673593e+001 1.011364e+001 3.124994e+000
    endloop
  endfacet
  facet normal 0.000000e+000 0.000000e+000 -2.307920e-001
    outer loop
      vertex   -2.958831e+001 1.011364e+001 3.124994e+000
      vertex   -7.673593e+001 1.011364e+001 3.124994e+000
      vertex   -2.911268e+001 1.022645e+001 3.124994e+000
    endloop
  endfacet
  facet normal 0.000000e+000 0.000000e+000 -2.342128e-003
    outer loop
      vertex   -2.911268e+001 1.022645e+001 3.124994e+000
      vertex   -7.673593e+001 1.011364e+001 3.124994e+000
      vertex   -7.720642e+001 1.022516e+001 3.124994e+000
    endloop
  endfacet
  facet normal -0.000000e+000 0.000000e+000 -5.228533e-001
    outer loop
      vertex   -3.002479e+001 9.932835e+000 3.124994e+000
      vertex   -3.042495e+001 9.687388e+000 3.124994e+000
      vertex   -7.629944e+001 9.932835e+000 3.124994e+000
    endloop
  endfacet
  facet normal 0.000000e+000 0.000000e+000 -5.182960e-001
    outer loop
      vertex   -7.629944e+001 9.932835e+000 3.124994e+000
      vertex   -3.042495e+001 9.687388e+000 3.124994e+000
      vertex   -7.589929e+001 9.687388e+000 3.124994e+000
    endloop
  endfacet
  facet normal 0.000000e+000 0.000000e+000 -6.489023e-001
    outer loop
      vertex   -7.589929e+001 9.687388e+000 3.124994e+000
      vertex   -3.042495e+001 9.687388e+000 3.124994e+000
      vertex   -7.554079e+001 9.381647e+000 3.124994e+000
    endloop
  endfacet
  facet normal 0.000000e+000 0.000000e+000 -6.776650e-003
    outer loop
      vertex   -7.554079e+001 9.381647e+000 3.124994e+000
      vertex   -3.042495e+001 9.687388e+000 3.124994e+000
      vertex   -3.078344e+001 9.381647e+000 3.124994e+000
    endloop
  endfacet
  facet normal 0.000000e+000 0.000000e+000 -7.608685e-001
    outer loop
      vertex   -7.554079e+001 9.381647e+000 3.124994e+000
      vertex   -3.078344e+001 9.381647e+000 3.124994e+000
      vertex   -7.523505e+001 9.023154e+000 3.124994e+000
    endloop
  endfacet
  facet normal 0.000000e+000 0.000000e+000 -8.064525e-003
    outer loop
      vertex   -7.523505e+001 9.023154e+000 3.124994e+000
      vertex   -3.078344e+001 9.381647e+000 3.124994e+000
      vertex   -3.108917e+001 9.023154e+000 3.124994e+000
    endloop
  endfacet
  facet normal 0.000000e+000 0.000000e+000 -8.524175e-001
    outer loop
      vertex   -7.523505e+001 9.023154e+000 3.124994e+000
      vertex   -3.108917e+001 9.023154e+000 3.124994e+000
      vertex   -7.498961e+001 8.623007e+000 3.124994e+000
    endloop
  endfacet
  facet normal -9.602223e-008 1.053466e-005 -9.115096e-003
    outer loop
      vertex   -7.498961e+001 8.623007e+000 3.124994e+000
      vertex   -3.108917e+001 9.023154e+000 3.124994e+000
      vertex   -3.133464e+001 8.622981e+000 3.124534e+000
    endloop
  endfacet
  facet normal -1.057698e-007 -1.053457e-005 -1.003916e-002
    outer loop
      vertex   -7.498961e+001 8.623007e+000 3.124994e+000
      vertex   -3.133464e+001 8.622981e+000 3.124534e+000
      vertex   -3.151542e+001 8.186515e+000 3.124994e+000
    endloop
  endfacet
  facet normal 0.000000e+000 0.000000e+000 -9.199905e-001
    outer loop
      vertex   -7.498961e+001 8.623007e+000 3.124994e+000
      vertex   -3.151542e+001 8.186515e+000 3.124994e+000
      vertex   -7.480881e+001 8.186515e+000 3.124994e+000
    endloop
  endfacet
  facet normal 0.000000e+000 0.000000e+000 -1.057054e-002
    outer loop
      vertex   -7.480881e+001 8.186515e+000 3.124994e+000
      vertex   -3.151542e+001 8.186515e+000 3.124994e+000
      vertex   -3.162481e+001 7.730011e+000 3.124994e+000
    endloop
  endfacet
  facet normal 0.000000e+000 0.000000e+000 -9.699521e-001
    outer loop
      vertex   -7.480881e+001 8.186515e+000 3.124994e+000
      vertex   -3.162481e+001 7.730011e+000 3.124994e+000
      vertex   -7.469942e+001 7.730011e+000 3.124994e+000
    endloop
  endfacet
  facet normal 0.000000e+000 0.000000e+000 -1.091277e-002
    outer loop
      vertex   -7.469942e+001 7.730011e+000 3.124994e+000
      vertex   -3.162481e+001 7.730011e+000 3.124994e+000
      vertex   -3.166212e+001 7.260327e+000 3.124994e+000
    endloop
  endfacet
  facet normal 0.000000e+000 0.000000e+000 -9.959382e-001
    outer loop
      vertex   -7.469942e+001 7.730011e+000 3.124994e+000
      vertex   -3.166212e+001 7.260327e+000 3.124994e+000
      vertex   -7.466212e+001 7.260327e+000 3.124994e+000
    endloop
  endfacet
  facet normal 0.000000e+000 -0.000000e+000 -9.968615e-001
    outer loop
      vertex   -7.466212e+001 7.260327e+000 3.124994e+000
      vertex   -3.166212e+001 7.260327e+000 3.124994e+000
      vertex   -7.469942e+001 6.790643e+000 3.124994e+000
    endloop
  endfacet
  facet normal 0.000000e+000 0.000000e+000 -1.091277e-002
    outer loop
      vertex   -7.469942e+001 6.790643e+000 3.124994e+000
      vertex   -3.166212e+001 7.260327e+000 3.124994e+000
      vertex   -3.162481e+001 6.790643e+000 3.124994e+000
    endloop
  endfacet
  facet normal 0.000000e+000 -0.000000e+000 -9.724697e-001
    outer loop
      vertex   -7.469942e+001 6.790643e+000 3.124994e+000
      vertex   -3.162481e+001 6.790643e+000 3.124994e+000
      vertex   -7.480881e+001 6.334139e+000 3.124994e+000
    endloop
  endfacet
  facet normal 0.000000e+000 0.000000e+000 -1.057055e-002
    outer loop
      vertex   -7.480881e+001 6.334139e+000 3.124994e+000
      vertex   -3.162481e+001 6.790643e+000 3.124994e+000
      vertex   -3.151542e+001 6.334139e+000 3.124994e+000
    endloop
  endfacet
  facet normal 0.000000e+000 0.000000e+000 -1.003976e-002
    outer loop
      vertex   -7.480881e+001 6.334139e+000 3.124994e+000
      vertex   -3.151542e+001 6.334139e+000 3.124994e+000
      vertex   -3.133463e+001 5.897647e+000 3.124994e+000
    endloop
  endfacet
  facet normal 0.000000e+000 0.000000e+000 -8.524100e-001
    outer loop
      vertex   -3.108917e+001 5.497500e+000 3.124994e+000
      vertex   -7.523505e+001 5.497500e+000 3.124994e+000
      vertex   -3.133463e+001 5.897647e+000 3.124994e+000
    endloop
  endfacet
  facet normal -0.000000e+000 0.000000e+000 -9.114497e-003
    outer loop
      vertex   -3.133463e+001 5.897647e+000 3.124994e+000
      vertex   -7.523505e+001 5.497500e+000 3.124994e+000
      vertex   -7.498961e+001 5.897647e+000 3.124994e+000
    endloop
  endfacet
  facet normal 0.000000e+000 0.000000e+000 -1.003976e-002
    outer loop
      vertex   -3.133463e+001 5.897647e+000 3.124994e+000
      vertex   -7.498961e+001 5.897647e+000 3.124994e+000
      vertex   -7.480881e+001 6.334139e+000 3.124994e+000
    endloop
  endfacet
  facet normal -0.000000e+000 -0.000000e+000 -7.608705e-001
    outer loop
      vertex   -3.108917e+001 5.497500e+000 3.124994e+000
      vertex   -3.078344e+001 5.139007e+000 3.124994e+000
      vertex   -7.523505e+001 5.497500e+000 3.124994e+000
    endloop
  endfacet
  facet normal 0.000000e+000 -0.000000e+000 -7.660769e-001
    outer loop
      vertex   -7.523505e+001 5.497500e+000 3.124994e+000
      vertex   -3.078344e+001 5.139007e+000 3.124994e+000
      vertex   -7.554079e+001 5.139007e+000 3.124994e+000
    endloop
  endfacet
  facet normal 0.000000e+000 0.000000e+000 -6.776639e-003
    outer loop
      vertex   -7.554079e+001 5.139007e+000 3.124994e+000
      vertex   -3.078344e+001 5.139007e+000 3.124994e+000
      vertex   -3.042495e+001 4.833266e+000 3.124994e+000
    endloop
  endfacet
  facet normal 0.000000e+000 -0.000000e+000 -6.540430e-001
    outer loop
      vertex   -7.554079e+001 5.139007e+000 3.124994e+000
      vertex   -3.042495e+001 4.833266e+000 3.124994e+000
      vertex   -7.589929e+001 4.833266e+000 3.124994e+000
    endloop
  endfacet
  facet normal 0.000000e+000 -0.000000e+000 -5.228642e-001
    outer loop
      vertex   -7.589929e+001 4.833266e+000 3.124994e+000
      vertex   -3.042495e+001 4.833266e+000 3.124994e+000
      vertex   -7.629944e+001 4.587820e+000 3.124994e+000
    endloop
  endfacet
  facet normal 0.000000e+000 0.000000e+000 -5.350308e-003
    outer loop
      vertex   -7.629944e+001 4.587820e+000 3.124994e+000
      vertex   -3.042495e+001 4.833266e+000 3.124994e+000
      vertex   -3.002479e+001 4.587820e+000 3.124994e+000
    endloop
  endfacet
  facet normal 0.000000e+000 0.000000e+000 -3.870609e-003
    outer loop
      vertex   -7.629944e+001 4.587820e+000 3.124994e+000
      vertex   -3.002479e+001 4.587820e+000 3.124994e+000
      vertex   -2.958831e+001 4.407018e+000 3.124994e+000
    endloop
  endfacet
  facet normal -0.000000e+000 0.000000e+000 -2.313609e-001
    outer loop
      vertex   -2.911782e+001 4.295491e+000 3.124994e+000
      vertex   -7.719270e+001 4.260551e+000 3.124994e+000
      vertex   -2.958831e+001 4.407018e+000 3.124994e+000
    endloop
  endfacet
  facet normal -0.000000e+000 0.000000e+000 -3.076743e-003
    outer loop
      vertex   -2.958831e+001 4.407018e+000 3.124994e+000
      vertex   -7.719270e+001 4.260551e+000 3.124994e+000
      vertex   -7.673593e+001 4.407018e+000 3.124994e+000
    endloop
  endfacet
  facet normal 0.000000e+000 0.000000e+000 -3.870609e-003
    outer loop
      vertex   -2.958831e+001 4.407018e+000 3.124994e+000
      vertex   -7.673593e+001 4.407018e+000 3.124994e+000
      vertex   -7.629944e+001 4.587820e+000 3.124994e+000
    endloop
  endfacet
  facet normal -0.000000e+000 0.000000e+000 -9.968610e-001
    outer loop
      vertex   -7.978344e+001 9.381647e+000 3.124994e+000
      vertex   -8.008918e+001 9.023154e+000 3.124994e+000
      vertex   -8.066212e+001 1.026033e+001 3.124994e+000
    endloop
  endfacet
  facet normal 0.000000e+000 0.000000e+000 -2.340915e-001
    outer loop
      vertex   -8.066212e+001 1.026033e+001 3.124994e+000
      vertex   -8.008918e+001 9.023154e+000 3.124994e+000
      vertex   -8.033463e+001 8.623007e+000 3.124994e+000
    endloop
  endfacet
  facet normal 0.000000e+000 0.000000e+000 -1.264553e-001
    outer loop
      vertex   -8.066212e+001 1.026033e+001 3.124994e+000
      vertex   -8.033463e+001 8.623007e+000 3.124994e+000
      vertex   -8.051543e+001 8.186515e+000 3.124994e+000
    endloop
  endfacet
  facet normal -0.000000e+000 0.000000e+000 -2.987328e-001
    outer loop
      vertex   -8.051543e+001 8.186515e+000 3.124994e+000
      vertex   -8.062693e+001 7.716122e+000 3.124994e+000
      vertex   -8.066212e+001 1.026033e+001 3.124994e+000
    endloop
  endfacet
  facet normal -0.000000e+000 0.000000e+000 -2.436970e-001
    outer loop
      vertex   -7.811267e+001 1.022645e+001 3.124994e+000
      vertex   -7.858830e+001 1.011364e+001 3.124994e+000
      vertex   -8.066212e+001 1.026033e+001 3.124994e+000
    endloop
  endfacet
  facet normal 0.000000e+000 0.000000e+000 -1.264554e-001
    outer loop
      vertex   -8.066212e+001 1.026033e+001 3.124994e+000
      vertex   -7.858830e+001 1.011364e+001 3.124994e+000
      vertex   -7.902480e+001 9.932835e+000 3.124994e+000
    endloop
  endfacet
  facet normal 0.000000e+000 0.000000e+000 -2.340917e-001
    outer loop
      vertex   -8.066212e+001 1.026033e+001 3.124994e+000
      vertex   -7.902480e+001 9.932835e+000 3.124994e+000
      vertex   -7.942494e+001 9.687388e+000 3.124994e+000
    endloop
  endfacet
  facet normal -0.000000e+000 0.000000e+000 -9.085655e-001
    outer loop
      vertex   -7.942494e+001 9.687388e+000 3.124994e+000
      vertex   -7.978344e+001 9.381647e+000 3.124994e+000
      vertex   -8.066212e+001 1.026033e+001 3.124994e+000
    endloop
  endfacet
  facet normal 0.000000e+000 0.000000e+000 -1.000000e+000
    outer loop
      vertex   -3.166212e+001 6.226033e+001 5.124994e+000
      vertex   -2.566212e+001 6.226033e+001 5.124994e+000
      vertex   -3.166212e+001 1.026033e+001 5.124994e+000
    endloop
  endfacet
  facet normal 0.000000e+000 0.000000e+000 -9.934089e-001
    outer loop
      vertex   -3.166212e+001 1.026033e+001 5.124994e+000
      vertex   -2.566212e+001 6.226033e+001 5.124994e+000
      vertex   -2.566212e+001 1.026033e+001 5.124994e+000
    endloop
  endfacet
  facet normal -5.863141e-002 -2.059447e-002 1.140405e-006
    outer loop
      vertex   -2.729722e+001 6.557186e+001 3.124994e+000
      vertex   -2.729776e+001 6.557367e+001 8.124994e+000
      vertex   -2.740093e+001 6.586740e+001 8.124994e+000
    endloop
  endfacet
  facet normal -2.723080e-002 -6.752240e-003 2.390679e-005
    outer loop
      vertex   -2.729722e+001 6.557186e+001 3.124994e+000
      vertex   -2.735361e+001 6.575679e+001 -8.875007e+000
      vertex   -2.727257e+001 6.542995e+001 -8.875007e+000
    endloop
  endfacet
  facet normal -9.917383e-001 -1.117718e-001 -6.626529e-005
    outer loop
      vertex   -2.726211e+001 6.526033e+001 3.124994e+000
      vertex   -2.729776e+001 6.557367e+001 8.124994e+000
      vertex   -2.729722e+001 6.557186e+001 3.124994e+000
    endloop
  endfacet
  facet normal -9.936092e-001 -1.119827e-001 -7.169860e-004
    outer loop
      vertex   -2.726211e+001 6.526033e+001 3.124994e+000
      vertex   -2.729722e+001 6.557186e+001 3.124994e+000
      vertex   -2.727257e+001 6.542995e+001 -8.875007e+000
    endloop
  endfacet
  facet normal -6.254357e-002 -7.115530e-003 0.000000e+000
    outer loop
      vertex   -2.726211e+001 6.526033e+001 3.124994e+000
      vertex   -2.726211e+001 6.526033e+001 8.124994e+000
      vertex   -2.729776e+001 6.557367e+001 8.124994e+000
    endloop
  endfacet
  facet normal -2.826568e-002 0.000000e+000 2.463353e-005
    outer loop
      vertex   -2.726211e+001 6.526033e+001 3.124994e+000
      vertex   -2.727257e+001 6.542995e+001 -8.875007e+000
      vertex   -2.727257e+001 6.509070e+001 -8.875007e+000
    endloop
  endfacet
  facet normal -1.727681e-002 6.068534e-003 -8.606757e-006
    outer loop
      vertex   -2.735361e+001 6.476387e+001 -8.875007e+000
      vertex   -2.740093e+001 6.465326e+001 8.124994e+000
      vertex   -2.729776e+001 6.494699e+001 8.124994e+000
    endloop
  endfacet
  facet normal -9.705688e-001 2.406711e-001 5.963066e-004
    outer loop
      vertex   -2.727257e+001 6.509070e+001 -8.875007e+000
      vertex   -2.735361e+001 6.476387e+001 -8.875007e+000
      vertex   -2.729776e+001 6.494699e+001 8.124994e+000
    endloop
  endfacet
  facet normal -1.413458e-002 8.714119e-004 0.000000e+000
    outer loop
      vertex   -2.726211e+001 6.526033e+001 3.124994e+000
      vertex   -2.727257e+001 6.509070e+001 -8.875007e+000
      vertex   -2.726211e+001 6.526033e+001 8.124994e+000
    endloop
  endfacet
  facet normal -1.843012e-002 2.096779e-003 -9.584633e-006
    outer loop
      vertex   -2.727257e+001 6.509070e+001 -8.875007e+000
      vertex   -2.729776e+001 6.494699e+001 8.124994e+000
      vertex   -2.726211e+001 6.526033e+001 8.124994e+000
    endloop
  endfacet
  facet normal -9.437624e-001 -3.302317e-001 -6.541581e-004
    outer loop
      vertex   -2.729722e+001 6.557186e+001 3.124994e+000
      vertex   -2.740076e+001 6.586777e+001 3.124994e+000
      vertex   -2.735361e+001 6.575679e+001 -8.875007e+000
    endloop
  endfacet
  facet normal -9.420384e-001 -3.296284e-001 -5.648503e-005
    outer loop
      vertex   -2.729722e+001 6.557186e+001 3.124994e+000
      vertex   -2.740093e+001 6.586740e+001 8.124994e+000
      vertex   -2.740076e+001 6.586777e+001 3.124994e+000
    endloop
  endfacet
  facet normal -5.294973e-002 -3.319238e-002 -4.248967e-006
    outer loop
      vertex   -2.740076e+001 6.586777e+001 3.124994e+000
      vertex   -2.740093e+001 6.586740e+001 8.124994e+000
      vertex   -2.756722e+001 6.613267e+001 8.124994e+000
    endloop
  endfacet
  facet normal -8.465800e-001 -5.319563e-001 -6.078352e-004
    outer loop
      vertex   -2.740076e+001 6.586777e+001 3.124994e+000
      vertex   -2.756756e+001 6.613322e+001 3.124994e+000
      vertex   -2.750960e+001 6.605469e+001 -8.875007e+000
    endloop
  endfacet
  facet normal -2.481949e-002 -1.299613e-002 2.267027e-005
    outer loop
      vertex   -2.740076e+001 6.586777e+001 3.124994e+000
      vertex   -2.750960e+001 6.605469e+001 -8.875007e+000
      vertex   -2.735361e+001 6.575679e+001 -8.875007e+000
    endloop
  endfacet
  facet normal -8.450648e-001 -5.310043e-001 -9.566024e-007
    outer loop
      vertex   -2.740076e+001 6.586777e+001 3.124994e+000
      vertex   -2.756722e+001 6.613267e+001 8.124994e+000
      vertex   -2.756756e+001 6.613322e+001 3.124994e+000
    endloop
  endfacet
  facet normal -4.442383e-002 -4.442421e-002 -1.864140e-006
    outer loop
      vertex   -2.756756e+001 6.613322e+001 3.124994e+000
      vertex   -2.756722e+001 6.613267e+001 8.124994e+000
      vertex   -2.778978e+001 6.635522e+001 8.124994e+000
    endloop
  endfacet
  facet normal -2.115576e-002 -1.871430e-002 2.028524e-005
    outer loop
      vertex   -2.756756e+001 6.613322e+001 3.124994e+000
      vertex   -2.773422e+001 6.630862e+001 -8.875007e+000
      vertex   -2.750960e+001 6.605469e+001 -8.875007e+000
    endloop
  endfacet
  facet normal -3.301711e-001 -9.436188e-001 -2.115998e-004
    outer loop
      vertex   -2.805467e+001 6.652169e+001 3.124994e+000
      vertex   -2.835058e+001 6.662523e+001 3.124994e+000
      vertex   -2.832447e+001 6.661878e+001 -8.875007e+000
    endloop
  endfacet
  facet normal -9.908947e-003 -2.601575e-002 1.228884e-005
    outer loop
      vertex   -2.805467e+001 6.652169e+001 3.124994e+000
      vertex   -2.832447e+001 6.661878e+001 -8.875007e+000
      vertex   -2.801219e+001 6.649984e+001 -8.875007e+000
    endloop
  endfacet
  facet normal -3.296207e-001 -9.420460e-001 -2.814903e-005
    outer loop
      vertex   -2.805467e+001 6.652169e+001 3.124994e+000
      vertex   -2.835001e+001 6.662488e+001 8.124994e+000
      vertex   -2.835058e+001 6.662523e+001 3.124994e+000
    endloop
  endfacet
  facet normal -3.319278e-002 -5.294802e-002 1.645787e-009
    outer loop
      vertex   -2.778923e+001 6.635488e+001 3.124994e+000
      vertex   -2.778978e+001 6.635522e+001 8.124994e+000
      vertex   -2.805504e+001 6.652151e+001 8.124994e+000
    endloop
  endfacet
  facet normal -5.319437e-001 -8.464898e-001 -3.419971e-004
    outer loop
      vertex   -2.778923e+001 6.635488e+001 3.124994e+000
      vertex   -2.805467e+001 6.652169e+001 3.124994e+000
      vertex   -2.801219e+001 6.649984e+001 -8.875007e+000
    endloop
  endfacet
  facet normal -1.593106e-002 -2.315785e-002 1.625458e-005
    outer loop
      vertex   -2.778923e+001 6.635488e+001 3.124994e+000
      vertex   -2.801219e+001 6.649984e+001 -8.875007e+000
      vertex   -2.773422e+001 6.630862e+001 -8.875007e+000
    endloop
  endfacet
  facet normal -7.069509e-001 -7.069753e-001 -5.149957e-004
    outer loop
      vertex   -2.756756e+001 6.613322e+001 3.124994e+000
      vertex   -2.778923e+001 6.635488e+001 3.124994e+000
      vertex   -2.773422e+001 6.630862e+001 -8.875007e+000
    endloop
  endfacet
  facet normal -7.057034e-001 -7.057276e-001 -2.880321e-005
    outer loop
      vertex   -2.756756e+001 6.613322e+001 3.124994e+000
      vertex   -2.778978e+001 6.635522e+001 8.124994e+000
      vertex   -2.778923e+001 6.635488e+001 3.124994e+000
    endloop
  endfacet
  facet normal -2.063226e-002 -5.887916e-002 -3.561787e-006
    outer loop
      vertex   -2.805467e+001 6.652169e+001 3.124994e+000
      vertex   -2.805504e+001 6.652151e+001 8.124994e+000
      vertex   -2.835001e+001 6.662488e+001 8.124994e+000
    endloop
  endfacet
  facet normal -5.310301e-001 -8.450359e-001 -6.814537e-005
    outer loop
      vertex   -2.778923e+001 6.635488e+001 3.124994e+000
      vertex   -2.805504e+001 6.652151e+001 8.124994e+000
      vertex   -2.805467e+001 6.652169e+001 3.124994e+000
    endloop
  endfacet
  facet normal -8.858811e-001 4.638585e-001 5.521629e-004
    outer loop
      vertex   -2.735361e+001 6.476387e+001 -8.875007e+000
      vertex   -2.750960e+001 6.446597e+001 -8.875007e+000
      vertex   -2.740093e+001 6.465326e+001 8.124994e+000
    endloop
  endfacet
  facet normal -1.560284e-002 9.780604e-003 -8.021125e-006
    outer loop
      vertex   -2.750960e+001 6.446597e+001 -8.875007e+000
      vertex   -2.756722e+001 6.438799e+001 8.124994e+000
      vertex   -2.740093e+001 6.465326e+001 8.124994e+000
    endloop
  endfacet
  facet normal -7.075339e-003 -6.229946e-002 -3.557719e-006
    outer loop
      vertex   -2.835058e+001 6.662523e+001 3.124994e+000
      vertex   -2.835001e+001 6.662488e+001 8.124994e+000
      vertex   -2.866212e+001 6.666032e+001 8.124994e+000
    endloop
  endfacet
  facet normal -1.117258e-001 -9.917668e-001 8.673617e-019
    outer loop
      vertex   -2.835058e+001 6.662523e+001 3.124994e+000
      vertex   -2.866212e+001 6.666032e+001 8.124994e+000
      vertex   -2.866212e+001 6.666032e+001 3.124994e+000
    endloop
  endfacet
  facet normal -1.119449e-001 -9.937119e-001 2.902343e-004
    outer loop
      vertex   -2.835058e+001 6.662523e+001 3.124994e+000
      vertex   -2.866212e+001 6.666032e+001 3.124994e+000
      vertex   -2.832447e+001 6.661878e+001 -8.875007e+000
    endloop
  endfacet
  facet normal -3.460447e-003 -2.812606e-002 -0.000000e+000
    outer loop
      vertex   -2.866212e+001 6.666032e+001 3.124994e+000
      vertex   -2.866212e+001 6.666032e+001 -8.875007e+000
      vertex   -2.832447e+001 6.661878e+001 -8.875007e+000
    endloop
  endfacet
  facet normal -5.667816e-001 8.238571e-001 4.072431e-004
    outer loop
      vertex   -2.773422e+001 6.421205e+001 -8.875007e+000
      vertex   -2.801219e+001 6.402082e+001 -8.875007e+000
      vertex   -2.778978e+001 6.416543e+001 8.124994e+000
    endloop
  endfacet
  facet normal -3.559369e-001 9.345057e-001 2.947793e-004
    outer loop
      vertex   -2.801219e+001 6.402082e+001 -8.875007e+000
      vertex   -2.832447e+001 6.390188e+001 -8.875007e+000
      vertex   -2.805504e+001 6.399914e+001 8.124994e+000
    endloop
  endfacet
  facet normal -6.079084e-003 1.734878e-002 -2.907870e-006
    outer loop
      vertex   -2.832447e+001 6.390188e+001 -8.875007e+000
      vertex   -2.835001e+001 6.389578e+001 8.124994e+000
      vertex   -2.805504e+001 6.399914e+001 8.124994e+000
    endloop
  endfacet
  facet normal -1.221457e-001 9.925110e-001 1.726172e-004
    outer loop
      vertex   -2.832447e+001 6.390188e+001 -8.875007e+000
      vertex   -2.866212e+001 6.386032e+001 -8.875007e+000
      vertex   -2.835001e+001 6.389578e+001 8.124994e+000
    endloop
  endfacet
  facet normal 7.076862e-003 6.229755e-002 -3.520679e-006
    outer loop
      vertex   -2.897365e+001 6.389543e+001 3.124994e+000
      vertex   -2.897422e+001 6.389578e+001 8.124994e+000
      vertex   -2.866212e+001 6.386032e+001 8.124994e+000
    endloop
  endfacet
  facet normal 1.117624e-001 9.917626e-001 0.000000e+000
    outer loop
      vertex   -2.897365e+001 6.389543e+001 3.124994e+000
      vertex   -2.866212e+001 6.386032e+001 8.124994e+000
      vertex   -2.866212e+001 6.386032e+001 3.124994e+000
    endloop
  endfacet
  facet normal 2.924372e-003 2.595043e-002 7.576786e-006
    outer loop
      vertex   -2.899977e+001 6.390188e+001 -8.875007e+000
      vertex   -2.897365e+001 6.389543e+001 3.124994e+000
      vertex   -2.866212e+001 6.386032e+001 3.124994e+000
    endloop
  endfacet
  facet normal 1.220968e-001 9.921135e-001 0.000000e+000
    outer loop
      vertex   -2.899977e+001 6.390188e+001 -8.875007e+000
      vertex   -2.866212e+001 6.386032e+001 3.124994e+000
      vertex   -2.866212e+001 6.386032e+001 -8.875007e+000
    endloop
  endfacet
  facet normal -1.128684e-001 9.936100e-001 0.000000e+000
    outer loop
      vertex   -2.866212e+001 6.386032e+001 8.124994e+000
      vertex   -2.835001e+001 6.389578e+001 8.124994e+000
      vertex   -2.866212e+001 6.386032e+001 3.124994e+000
    endloop
  endfacet
  facet normal -7.076808e-003 6.229898e-002 0.000000e+000
    outer loop
      vertex   -2.866212e+001 6.386032e+001 3.124994e+000
      vertex   -2.835001e+001 6.389578e+001 8.124994e+000
      vertex   -2.866212e+001 6.386032e+001 -8.875007e+000
    endloop
  endfacet
  facet normal -9.780551e-003 1.560161e-002 -4.752776e-006
    outer loop
      vertex   -2.801219e+001 6.402082e+001 -8.875007e+000
      vertex   -2.805504e+001 6.399914e+001 8.124994e+000
      vertex   -2.778978e+001 6.416543e+001 8.124994e+000
    endloop
  endfacet
  facet normal -7.489719e-001 6.625772e-001 5.006638e-004
    outer loop
      vertex   -2.750960e+001 6.446597e+001 -8.875007e+000
      vertex   -2.773422e+001 6.421205e+001 -8.875007e+000
      vertex   -2.756722e+001 6.438799e+001 8.124994e+000
    endloop
  endfacet
  facet normal -1.309014e-002 1.309025e-002 -6.877494e-006
    outer loop
      vertex   -2.773422e+001 6.421205e+001 -8.875007e+000
      vertex   -2.778978e+001 6.416543e+001 8.124994e+000
      vertex   -2.756722e+001 6.438799e+001 8.124994e+000
    endloop
  endfacet
  facet normal 3.302526e-001 9.438926e-001 -2.798965e-005
    outer loop
      vertex   -2.897365e+001 6.389543e+001 3.124994e+000
      vertex   -2.926956e+001 6.399897e+001 3.124994e+000
      vertex   -2.897422e+001 6.389578e+001 8.124994e+000
    endloop
  endfacet
  facet normal 9.705701e-001 -2.406658e-001 5.957145e-004
    outer loop
      vertex   -3.005167e+001 6.542995e+001 -8.875007e+000
      vertex   -2.997062e+001 6.575679e+001 -8.875007e+000
      vertex   -3.002647e+001 6.557367e+001 8.124994e+000
    endloop
  endfacet
  facet normal 3.559464e-001 -9.345021e-001 2.943314e-004
    outer loop
      vertex   -2.931204e+001 6.649984e+001 -8.875007e+000
      vertex   -2.899977e+001 6.661878e+001 -8.875007e+000
      vertex   -2.926919e+001 6.652151e+001 8.124994e+000
    endloop
  endfacet
  facet normal 1.221126e-001 -9.925150e-001 1.723772e-004
    outer loop
      vertex   -2.899977e+001 6.661878e+001 -8.875007e+000
      vertex   -2.866212e+001 6.666032e+001 -8.875007e+000
      vertex   -2.897422e+001 6.662488e+001 8.124994e+000
    endloop
  endfacet
  facet normal 9.780551e-003 -1.560206e-002 -4.759206e-006
    outer loop
      vertex   -2.931204e+001 6.649984e+001 -8.875007e+000
      vertex   -2.926919e+001 6.652151e+001 8.124994e+000
      vertex   -2.953446e+001 6.635522e+001 8.124994e+000
    endloop
  endfacet
  facet normal 5.667609e-001 -8.238713e-001 4.067372e-004
    outer loop
      vertex   -2.959001e+001 6.630862e+001 -8.875007e+000
      vertex   -2.931204e+001 6.649984e+001 -8.875007e+000
      vertex   -2.953446e+001 6.635522e+001 8.124994e+000
    endloop
  endfacet
  facet normal 6.079309e-003 -1.734878e-002 -2.915510e-006
    outer loop
      vertex   -2.899977e+001 6.661878e+001 -8.875007e+000
      vertex   -2.897422e+001 6.662488e+001 8.124994e+000
      vertex   -2.926919e+001 6.652151e+001 8.124994e+000
    endloop
  endfacet
  facet normal 2.084713e-003 -1.835566e-002 0.000000e+000
    outer loop
      vertex   -2.866212e+001 6.666032e+001 -8.875007e+000
      vertex   -2.866212e+001 6.666032e+001 3.124994e+000
      vertex   -2.897422e+001 6.662488e+001 8.124994e+000
    endloop
  endfacet
  facet normal 1.126258e-001 -9.916574e-001 8.673617e-019
    outer loop
      vertex   -2.897422e+001 6.662488e+001 8.124994e+000
      vertex   -2.866212e+001 6.666032e+001 3.124994e+000
      vertex   -2.866212e+001 6.666032e+001 8.124994e+000
    endloop
  endfacet
  facet normal 1.309014e-002 -1.309025e-002 -6.886306e-006
    outer loop
      vertex   -2.959001e+001 6.630862e+001 -8.875007e+000
      vertex   -2.953446e+001 6.635522e+001 8.124994e+000
      vertex   -2.975702e+001 6.613267e+001 8.124994e+000
    endloop
  endfacet
  facet normal 1.560239e-002 -9.780380e-003 -8.020633e-006
    outer loop
      vertex   -2.981464e+001 6.605469e+001 -8.875007e+000
      vertex   -2.975702e+001 6.613267e+001 8.124994e+000
      vertex   -2.992330e+001 6.586740e+001 8.124994e+000
    endloop
  endfacet
  facet normal 8.858739e-001 -4.638722e-001 5.519745e-004
    outer loop
      vertex   -2.997062e+001 6.575679e+001 -8.875007e+000
      vertex   -2.981464e+001 6.605469e+001 -8.875007e+000
      vertex   -2.992330e+001 6.586740e+001 8.124994e+000
    endloop
  endfacet
  facet normal 7.489861e-001 -6.625612e-001 5.005422e-004
    outer loop
      vertex   -2.981464e+001 6.605469e+001 -8.875007e+000
      vertex   -2.959001e+001 6.630862e+001 -8.875007e+000
      vertex   -2.975702e+001 6.613267e+001 8.124994e+000
    endloop
  endfacet
  facet normal 9.998997e-001 -0.000000e+000 8.709352e-004
    outer loop
      vertex   -3.005167e+001 6.509070e+001 -8.875007e+000
      vertex   -3.005167e+001 6.542995e+001 -8.875007e+000
      vertex   -3.006212e+001 6.526033e+001 3.124994e+000
    endloop
  endfacet
  facet normal 4.156834e-003 -2.561446e-004 0.000000e+000
    outer loop
      vertex   -3.005167e+001 6.542995e+001 -8.875007e+000
      vertex   -3.006212e+001 6.526033e+001 8.124994e+000
      vertex   -3.006212e+001 6.526033e+001 3.124994e+000
    endloop
  endfacet
  facet normal 1.843012e-002 -2.097116e-003 -9.593254e-006
    outer loop
      vertex   -3.005167e+001 6.542995e+001 -8.875007e+000
      vertex   -3.002647e+001 6.557367e+001 8.124994e+000
      vertex   -3.006212e+001 6.526033e+001 8.124994e+000
    endloop
  endfacet
  facet normal 1.727681e-002 -6.068198e-003 -8.614761e-006
    outer loop
      vertex   -2.997062e+001 6.575679e+001 -8.875007e+000
      vertex   -2.992330e+001 6.586740e+001 8.124994e+000
      vertex   -3.002647e+001 6.557367e+001 8.124994e+000
    endloop
  endfacet
  facet normal 6.254357e-002 7.116672e-003 -0.000000e+000
    outer loop
      vertex   -3.006212e+001 6.526033e+001 3.124994e+000
      vertex   -3.006212e+001 6.526033e+001 8.124994e+000
      vertex   -3.002647e+001 6.494699e+001 8.124994e+000
    endloop
  endfacet
  facet normal 9.937109e-001 1.119759e-001 -6.867812e-005
    outer loop
      vertex   -3.002702e+001 6.494880e+001 3.124994e+000
      vertex   -3.006212e+001 6.526033e+001 3.124994e+000
      vertex   -3.002647e+001 6.494699e+001 8.124994e+000
    endloop
  endfacet
  facet normal 5.863141e-002 2.059333e-002 1.005795e-006
    outer loop
      vertex   -3.002702e+001 6.494880e+001 3.124994e+000
      vertex   -3.002647e+001 6.494699e+001 8.124994e+000
      vertex   -2.992330e+001 6.465326e+001 8.124994e+000
    endloop
  endfacet
  facet normal 4.442383e-002 4.442421e-002 -1.881086e-006
    outer loop
      vertex   -2.975668e+001 6.438744e+001 3.124994e+000
      vertex   -2.975702e+001 6.438799e+001 8.124994e+000
      vertex   -2.953446e+001 6.416543e+001 8.124994e+000
    endloop
  endfacet
  facet normal 2.211647e-002 1.389708e-002 -1.587587e-005
    outer loop
      vertex   -2.981464e+001 6.446597e+001 -8.875007e+000
      vertex   -2.992348e+001 6.465289e+001 3.124994e+000
      vertex   -2.975668e+001 6.438744e+001 3.124994e+000
    endloop
  endfacet
  facet normal 7.488263e-001 6.624596e-001 7.184668e-004
    outer loop
      vertex   -2.959001e+001 6.421205e+001 -8.875007e+000
      vertex   -2.981464e+001 6.446597e+001 -8.875007e+000
      vertex   -2.975668e+001 6.438744e+001 3.124994e+000
    endloop
  endfacet
  facet normal 1.846795e-002 1.846858e-002 -1.342114e-005
    outer loop
      vertex   -2.959001e+001 6.421205e+001 -8.875007e+000
      vertex   -2.975668e+001 6.438744e+001 3.124994e+000
      vertex   -2.953501e+001 6.416577e+001 3.124994e+000
    endloop
  endfacet
  facet normal 8.467175e-001 5.320427e-001 -1.281470e-006
    outer loop
      vertex   -2.975668e+001 6.438744e+001 3.124994e+000
      vertex   -2.992348e+001 6.465289e+001 3.124994e+000
      vertex   -2.975702e+001 6.438799e+001 8.124994e+000
    endloop
  endfacet
  facet normal 5.295125e-002 3.319162e-002 -4.360208e-006
    outer loop
      vertex   -2.992348e+001 6.465289e+001 3.124994e+000
      vertex   -2.992330e+001 6.465326e+001 8.124994e+000
      vertex   -2.975702e+001 6.438799e+001 8.124994e+000
    endloop
  endfacet
  facet normal 7.070946e-001 7.071189e-001 -2.912973e-005
    outer loop
      vertex   -2.953501e+001 6.416577e+001 3.124994e+000
      vertex   -2.975668e+001 6.438744e+001 3.124994e+000
      vertex   -2.953446e+001 6.416543e+001 8.124994e+000
    endloop
  endfacet
  facet normal 3.319278e-002 5.294954e-002 -1.091169e-008
    outer loop
      vertex   -2.953501e+001 6.416577e+001 3.124994e+000
      vertex   -2.953446e+001 6.416543e+001 8.124994e+000
      vertex   -2.926919e+001 6.399914e+001 8.124994e+000
    endloop
  endfacet
  facet normal 8.857570e-001 4.637992e-001 8.092932e-004
    outer loop
      vertex   -2.981464e+001 6.446597e+001 -8.875007e+000
      vertex   -2.997062e+001 6.476387e+001 -8.875007e+000
      vertex   -2.992348e+001 6.465289e+001 3.124994e+000
    endloop
  endfacet
  facet normal 5.666423e-001 8.236660e-001 5.793836e-004
    outer loop
      vertex   -2.931204e+001 6.402082e+001 -8.875007e+000
      vertex   -2.959001e+001 6.421205e+001 -8.875007e+000
      vertex   -2.953501e+001 6.416577e+001 3.124994e+000
    endloop
  endfacet
  facet normal 1.389692e-002 2.211487e-002 -8.915605e-006
    outer loop
      vertex   -2.931204e+001 6.402082e+001 -8.875007e+000
      vertex   -2.953501e+001 6.416577e+001 3.124994e+000
      vertex   -2.926956e+001 6.399897e+001 3.124994e+000
    endloop
  endfacet
  facet normal 5.320656e-001 8.467031e-001 -6.864779e-005
    outer loop
      vertex   -2.926956e+001 6.399897e+001 3.124994e+000
      vertex   -2.953501e+001 6.416577e+001 3.124994e+000
      vertex   -2.926919e+001 6.399914e+001 8.124994e+000
    endloop
  endfacet
  facet normal 2.465503e-002 8.626812e-003 -1.708592e-005
    outer loop
      vertex   -2.997062e+001 6.476387e+001 -8.875007e+000
      vertex   -3.002702e+001 6.494880e+001 3.124994e+000
      vertex   -2.992348e+001 6.465289e+001 3.124994e+000
    endloop
  endfacet
  facet normal 2.595645e-002 2.924892e-003 -1.873761e-005
    outer loop
      vertex   -3.005167e+001 6.509070e+001 -8.875007e+000
      vertex   -3.006212e+001 6.526033e+001 3.124994e+000
      vertex   -3.002702e+001 6.494880e+001 3.124994e+000
    endloop
  endfacet
  facet normal 9.704786e-001 2.406487e-001 8.519274e-004
    outer loop
      vertex   -2.997062e+001 6.476387e+001 -8.875007e+000
      vertex   -3.005167e+001 6.509070e+001 -8.875007e+000
      vertex   -3.002702e+001 6.494880e+001 3.124994e+000
    endloop
  endfacet
  facet normal 9.438876e-001 3.302670e-001 -5.817942e-005
    outer loop
      vertex   -2.992348e+001 6.465289e+001 3.124994e+000
      vertex   -3.002702e+001 6.494880e+001 3.124994e+000
      vertex   -2.992330e+001 6.465326e+001 8.124994e+000
    endloop
  endfacet
  facet normal 8.625408e-003 2.465221e-002 -5.528642e-006
    outer loop
      vertex   -2.899977e+001 6.390188e+001 -8.875007e+000
      vertex   -2.926956e+001 6.399897e+001 3.124994e+000
      vertex   -2.897365e+001 6.389543e+001 3.124994e+000
    endloop
  endfacet
  facet normal 3.558463e-001 9.342391e-001 4.418397e-004
    outer loop
      vertex   -2.899977e+001 6.390188e+001 -8.875007e+000
      vertex   -2.931204e+001 6.402082e+001 -8.875007e+000
      vertex   -2.926956e+001 6.399897e+001 3.124994e+000
    endloop
  endfacet
  facet normal 2.063150e-002 5.887915e-002 -3.556162e-006
    outer loop
      vertex   -2.926956e+001 6.399897e+001 3.124994e+000
      vertex   -2.926919e+001 6.399914e+001 8.124994e+000
      vertex   -2.897422e+001 6.389578e+001 8.124994e+000
    endloop
  endfacet
  facet normal 0.000000e+000 0.000000e+000 -2.437079e-001
    outer loop
      vertex   -2.569598e+001 7.710856e+000 3.124994e+000
      vertex   -2.580881e+001 8.186515e+000 3.124994e+000
      vertex   -2.566212e+001 1.026033e+001 3.124994e+000
    endloop
  endfacet
  facet normal 0.000000e+000 0.000000e+000 -1.264535e-001
    outer loop
      vertex   -2.566212e+001 1.026033e+001 3.124994e+000
      vertex   -2.580881e+001 8.186515e+000 3.124994e+000
      vertex   -2.598961e+001 8.623007e+000 3.124994e+000
    endloop
  endfacet
  facet normal 0.000000e+000 0.000000e+000 -2.340952e-001
    outer loop
      vertex   -2.566212e+001 1.026033e+001 3.124994e+000
      vertex   -2.598961e+001 8.623007e+000 3.124994e+000
      vertex   -2.623506e+001 9.023154e+000 3.124994e+000
    endloop
  endfacet
  facet normal 0.000000e+000 0.000000e+000 -9.085677e-001
    outer loop
      vertex   -2.623506e+001 9.023154e+000 3.124994e+000
      vertex   -2.654080e+001 9.381647e+000 3.124994e+000
      vertex   -2.566212e+001 1.026033e+001 3.124994e+000
    endloop
  endfacet
  facet normal 0.000000e+000 0.000000e+000 -3.444948e-001
    outer loop
      vertex   -2.566212e+001 1.026033e+001 3.124994e+000
      vertex   -2.654080e+001 9.381647e+000 3.124994e+000
      vertex   -2.689929e+001 9.687388e+000 3.124994e+000
    endloop
  endfacet
  facet normal 0.000000e+000 0.000000e+000 -2.340927e-001
    outer loop
      vertex   -2.566212e+001 1.026033e+001 3.124994e+000
      vertex   -2.689929e+001 9.687388e+000 3.124994e+000
      vertex   -2.729944e+001 9.932835e+000 3.124994e+000
    endloop
  endfacet
  facet normal 0.000000e+000 0.000000e+000 -5.564572e-001
    outer loop
      vertex   -2.729944e+001 9.932835e+000 3.124994e+000
      vertex   -2.773593e+001 1.011364e+001 3.124994e+000
      vertex   -2.566212e+001 1.026033e+001 3.124994e+000
    endloop
  endfacet
  facet normal 0.000000e+000 0.000000e+000 -5.676717e-002
    outer loop
      vertex   -2.566212e+001 1.026033e+001 3.124994e+000
      vertex   -2.773593e+001 1.011364e+001 3.124994e+000
      vertex   -2.820642e+001 1.022516e+001 3.124994e+000
    endloop
  endfacet
  facet normal -7.069722e-001 -7.069539e-001 -5.141079e-004
    outer loop
      vertex   -2.756756e+001 8.133213e+000 3.124994e+000
      vertex   -2.778923e+001 8.354891e+000 3.124994e+000
      vertex   -2.773422e+001 8.308608e+000 -8.875007e+000
    endloop
  endfacet
  facet normal -7.057246e-001 -7.057064e-001 -2.974922e-005
    outer loop
      vertex   -2.756756e+001 8.133213e+000 3.124994e+000
      vertex   -2.778978e+001 8.355227e+000 8.124994e+000
      vertex   -2.778923e+001 8.354891e+000 3.124994e+000
    endloop
  endfacet
  facet normal -4.442402e-002 -4.442421e-002 -1.813288e-006
    outer loop
      vertex   -2.756756e+001 8.133213e+000 3.124994e+000
      vertex   -2.756722e+001 8.132669e+000 8.124994e+000
      vertex   -2.778978e+001 8.355227e+000 8.124994e+000
    endloop
  endfacet
  facet normal -2.115449e-002 -1.871430e-002 2.027502e-005
    outer loop
      vertex   -2.756756e+001 8.133213e+000 3.124994e+000
      vertex   -2.773422e+001 8.308608e+000 -8.875007e+000
      vertex   -2.750960e+001 8.054694e+000 -8.875007e+000
    endloop
  endfacet
  facet normal 7.071167e-001 7.070969e-001 -3.014518e-005
    outer loop
      vertex   -2.953501e+001 6.165763e+000 3.124994e+000
      vertex   -2.975668e+001 6.387442e+000 3.124994e+000
      vertex   -2.953446e+001 6.165427e+000 8.124994e+000
    endloop
  endfacet
  facet normal 1.846910e-002 1.846858e-002 -1.342202e-005
    outer loop
      vertex   -2.959001e+001 6.212046e+000 -8.875007e+000
      vertex   -2.975668e+001 6.387442e+000 3.124994e+000
      vertex   -2.953501e+001 6.165763e+000 3.124994e+000
    endloop
  endfacet
  facet normal 4.442393e-002 4.442421e-002 -1.826004e-006
    outer loop
      vertex   -2.975668e+001 6.387442e+000 3.124994e+000
      vertex   -2.975702e+001 6.387985e+000 8.124994e+000
      vertex   -2.953446e+001 6.165427e+000 8.124994e+000
    endloop
  endfacet
  facet normal 3.319335e-002 5.294954e-002 -8.671935e-008
    outer loop
      vertex   -2.953501e+001 6.165763e+000 3.124994e+000
      vertex   -2.953446e+001 6.165427e+000 8.124994e+000
      vertex   -2.926919e+001 5.999134e+000 8.124994e+000
    endloop
  endfacet
  facet normal 5.320362e-001 8.467216e-001 -6.719275e-005
    outer loop
      vertex   -2.926956e+001 5.998971e+000 3.124994e+000
      vertex   -2.953501e+001 6.165763e+000 3.124994e+000
      vertex   -2.926919e+001 5.999134e+000 8.124994e+000
    endloop
  endfacet
  facet normal 5.294992e-002 3.319162e-002 -4.284191e-006
    outer loop
      vertex   -2.992348e+001 6.652890e+000 3.124994e+000
      vertex   -2.992330e+001 6.653252e+000 8.124994e+000
      vertex   -2.975702e+001 6.387985e+000 8.124994e+000
    endloop
  endfacet
  facet normal 8.467162e-001 5.320448e-001 -6.221667e-007
    outer loop
      vertex   -2.975668e+001 6.387442e+000 3.124994e+000
      vertex   -2.992348e+001 6.652890e+000 3.124994e+000
      vertex   -2.975702e+001 6.387985e+000 8.124994e+000
    endloop
  endfacet
  facet normal 2.211635e-002 1.389708e-002 -1.588744e-005
    outer loop
      vertex   -2.981464e+001 6.465961e+000 -8.875007e+000
      vertex   -2.992348e+001 6.652890e+000 3.124994e+000
      vertex   -2.975668e+001 6.387442e+000 3.124994e+000
    endloop
  endfacet
  facet normal 8.857598e-001 4.637939e-001 8.090496e-004
    outer loop
      vertex   -2.981464e+001 6.465961e+000 -8.875007e+000
      vertex   -2.997062e+001 6.763870e+000 -8.875007e+000
      vertex   -2.992348e+001 6.652890e+000 3.124994e+000
    endloop
  endfacet
  facet normal 9.438856e-001 3.302726e-001 -5.742384e-005
    outer loop
      vertex   -2.992348e+001 6.652890e+000 3.124994e+000
      vertex   -3.002702e+001 6.948798e+000 3.124994e+000
      vertex   -2.992330e+001 6.653252e+000 8.124994e+000
    endloop
  endfacet
  facet normal 5.863245e-002 2.059333e-002 1.007644e-006
    outer loop
      vertex   -3.002702e+001 6.948798e+000 3.124994e+000
      vertex   -3.002647e+001 6.946989e+000 8.124994e+000
      vertex   -2.992330e+001 6.653252e+000 8.124994e+000
    endloop
  endfacet
  facet normal 9.705693e-001 -2.406691e-001 5.957032e-004
    outer loop
      vertex   -3.005167e+001 7.429954e+000 -8.875007e+000
      vertex   -2.997062e+001 7.756784e+000 -8.875007e+000
      vertex   -3.002647e+001 7.573666e+000 8.124994e+000
    endloop
  endfacet
  facet normal 8.858818e-001 -4.638571e-001 5.520359e-004
    outer loop
      vertex   -2.997062e+001 7.756784e+000 -8.875007e+000
      vertex   -2.981464e+001 8.054694e+000 -8.875007e+000
      vertex   -2.992330e+001 7.867402e+000 8.124994e+000
    endloop
  endfacet
  facet normal 1.727709e-002 -6.068198e-003 -8.613159e-006
    outer loop
      vertex   -2.997062e+001 7.756784e+000 -8.875007e+000
      vertex   -2.992330e+001 7.867402e+000 8.124994e+000
      vertex   -3.002647e+001 7.573666e+000 8.124994e+000
    endloop
  endfacet
  facet normal 1.843006e-002 -2.097116e-003 -9.593523e-006
    outer loop
      vertex   -3.005167e+001 7.429954e+000 -8.875007e+000
      vertex   -3.002647e+001 7.573666e+000 8.124994e+000
      vertex   -3.006212e+001 7.260327e+000 8.124994e+000
    endloop
  endfacet
  facet normal 4.156880e-003 -2.561446e-004 1.694066e-021
    outer loop
      vertex   -3.005167e+001 7.429954e+000 -8.875007e+000
      vertex   -3.006212e+001 7.260327e+000 8.124994e+000
      vertex   -3.006212e+001 7.260327e+000 3.124994e+000
    endloop
  endfacet
  facet normal 9.998997e-001 -0.000000e+000 8.709352e-004
    outer loop
      vertex   -3.005167e+001 7.090701e+000 -8.875007e+000
      vertex   -3.005167e+001 7.429954e+000 -8.875007e+000
      vertex   -3.006212e+001 7.260327e+000 3.124994e+000
    endloop
  endfacet
  facet normal 2.595633e-002 2.924892e-003 -1.873643e-005
    outer loop
      vertex   -3.005167e+001 7.090701e+000 -8.875007e+000
      vertex   -3.006212e+001 7.260327e+000 3.124994e+000
      vertex   -3.002702e+001 6.948798e+000 3.124994e+000
    endloop
  endfacet
  facet normal 9.704791e-001 2.406467e-001 8.519795e-004
    outer loop
      vertex   -2.997062e+001 6.763870e+000 -8.875007e+000
      vertex   -3.005167e+001 7.090701e+000 -8.875007e+000
      vertex   -3.002702e+001 6.948798e+000 3.124994e+000
    endloop
  endfacet
  facet normal 6.254338e-002 7.116672e-003 -0.000000e+000
    outer loop
      vertex   -3.006212e+001 7.260327e+000 3.124994e+000
      vertex   -3.006212e+001 7.260327e+000 8.124994e+000
      vertex   -3.002647e+001 6.946989e+000 8.124994e+000
    endloop
  endfacet
  facet normal 9.937108e-001 1.119764e-001 -6.866725e-005
    outer loop
      vertex   -3.002702e+001 6.948798e+000 3.124994e+000
      vertex   -3.006212e+001 7.260327e+000 3.124994e+000
      vertex   -3.002647e+001 6.946989e+000 8.124994e+000
    endloop
  endfacet
  facet normal 2.465455e-002 8.626812e-003 -1.708748e-005
    outer loop
      vertex   -2.997062e+001 6.763870e+000 -8.875007e+000
      vertex   -3.002702e+001 6.948798e+000 3.124994e+000
      vertex   -2.992348e+001 6.652890e+000 3.124994e+000
    endloop
  endfacet
  facet normal 1.389584e-002 2.211487e-002 -8.928505e-006
    outer loop
      vertex   -2.931204e+001 6.020816e+000 -8.875007e+000
      vertex   -2.953501e+001 6.165763e+000 3.124994e+000
      vertex   -2.926956e+001 5.998971e+000 3.124994e+000
    endloop
  endfacet
  facet normal 5.666404e-001 8.236673e-001 5.795939e-004
    outer loop
      vertex   -2.931204e+001 6.020816e+000 -8.875007e+000
      vertex   -2.959001e+001 6.212046e+000 -8.875007e+000
      vertex   -2.953501e+001 6.165763e+000 3.124994e+000
    endloop
  endfacet
  facet normal 7.488269e-001 6.624590e-001 7.178801e-004
    outer loop
      vertex   -2.959001e+001 6.212046e+000 -8.875007e+000
      vertex   -2.981464e+001 6.465961e+000 -8.875007e+000
      vertex   -2.975668e+001 6.387442e+000 3.124994e+000
    endloop
  endfacet
  facet normal 3.558351e-001 9.342434e-001 4.411819e-004
    outer loop
      vertex   -2.899977e+001 5.901878e+000 -8.875007e+000
      vertex   -2.931204e+001 6.020816e+000 -8.875007e+000
      vertex   -2.926956e+001 5.998971e+000 3.124994e+000
    endloop
  endfacet
  facet normal 2.063140e-002 5.887915e-002 -3.455082e-006
    outer loop
      vertex   -2.926956e+001 5.998971e+000 3.124994e+000
      vertex   -2.926919e+001 5.999134e+000 8.124994e+000
      vertex   -2.897422e+001 5.895775e+000 8.124994e+000
    endloop
  endfacet
  facet normal 3.302756e-001 9.438846e-001 -2.798647e-005
    outer loop
      vertex   -2.897365e+001 5.895428e+000 3.124994e+000
      vertex   -2.926956e+001 5.998971e+000 3.124994e+000
      vertex   -2.897422e+001 5.895775e+000 8.124994e+000
    endloop
  endfacet
  facet normal 8.626083e-003 2.465221e-002 -5.523255e-006
    outer loop
      vertex   -2.899977e+001 5.901878e+000 -8.875007e+000
      vertex   -2.926956e+001 5.998971e+000 3.124994e+000
      vertex   -2.897365e+001 5.895428e+000 3.124994e+000
    endloop
  endfacet
  facet normal 1.560244e-002 -9.780380e-003 -8.023567e-006
    outer loop
      vertex   -2.981464e+001 8.054694e+000 -8.875007e+000
      vertex   -2.975702e+001 8.132669e+000 8.124994e+000
      vertex   -2.992330e+001 7.867402e+000 8.124994e+000
    endloop
  endfacet
  facet normal -6.079056e-003 1.734878e-002 -2.904421e-006
    outer loop
      vertex   -2.832447e+001 5.901878e+000 -8.875007e+000
      vertex   -2.835001e+001 5.895775e+000 8.124994e+000
      vertex   -2.805504e+001 5.999134e+000 8.124994e+000
    endloop
  endfacet
  facet normal -1.221388e-001 9.925118e-001 1.728227e-004
    outer loop
      vertex   -2.832447e+001 5.901878e+000 -8.875007e+000
      vertex   -2.866212e+001 5.860327e+000 -8.875007e+000
      vertex   -2.835001e+001 5.895775e+000 8.124994e+000
    endloop
  endfacet
  facet normal -3.559257e-001 9.345100e-001 2.947868e-004
    outer loop
      vertex   -2.801219e+001 6.020816e+000 -8.875007e+000
      vertex   -2.832447e+001 5.901878e+000 -8.875007e+000
      vertex   -2.805504e+001 5.999134e+000 8.124994e+000
    endloop
  endfacet
  facet normal -1.128504e-001 9.936120e-001 0.000000e+000
    outer loop
      vertex   -2.866212e+001 5.860327e+000 8.124994e+000
      vertex   -2.835001e+001 5.895775e+000 8.124994e+000
      vertex   -2.866212e+001 5.860327e+000 3.124994e+000
    endloop
  endfacet
  facet normal -7.075666e-003 6.229898e-002 0.000000e+000
    outer loop
      vertex   -2.866212e+001 5.860327e+000 3.124994e+000
      vertex   -2.835001e+001 5.895775e+000 8.124994e+000
      vertex   -2.866212e+001 5.860327e+000 -8.875007e+000
    endloop
  endfacet
  facet normal -9.780720e-003 1.560161e-002 -4.753638e-006
    outer loop
      vertex   -2.801219e+001 6.020816e+000 -8.875007e+000
      vertex   -2.805504e+001 5.999134e+000 8.124994e+000
      vertex   -2.778978e+001 6.165427e+000 8.124994e+000
    endloop
  endfacet
  facet normal -5.667796e-001 8.238584e-001 4.070451e-004
    outer loop
      vertex   -2.773422e+001 6.212046e+000 -8.875007e+000
      vertex   -2.801219e+001 6.020816e+000 -8.875007e+000
      vertex   -2.778978e+001 6.165427e+000 8.124994e+000
    endloop
  endfacet
  facet normal -1.309017e-002 1.309025e-002 -6.880890e-006
    outer loop
      vertex   -2.773422e+001 6.212046e+000 -8.875007e+000
      vertex   -2.778978e+001 6.165427e+000 8.124994e+000
      vertex   -2.756722e+001 6.387985e+000 8.124994e+000
    endloop
  endfacet
  facet normal -7.489725e-001 6.625765e-001 5.004912e-004
    outer loop
      vertex   -2.750960e+001 6.465961e+000 -8.875007e+000
      vertex   -2.773422e+001 6.212046e+000 -8.875007e+000
      vertex   -2.756722e+001 6.387985e+000 8.124994e+000
    endloop
  endfacet
  facet normal 1.220899e-001 9.921144e-001 0.000000e+000
    outer loop
      vertex   -2.899977e+001 5.901878e+000 -8.875007e+000
      vertex   -2.866212e+001 5.860327e+000 3.124994e+000
      vertex   -2.866212e+001 5.860327e+000 -8.875007e+000
    endloop
  endfacet
  facet normal 1.117445e-001 9.917647e-001 -8.673617e-019
    outer loop
      vertex   -2.897365e+001 5.895428e+000 3.124994e+000
      vertex   -2.866212e+001 5.860327e+000 8.124994e+000
      vertex   -2.866212e+001 5.860327e+000 3.124994e+000
    endloop
  endfacet
  facet normal 2.923896e-003 2.595043e-002 7.585041e-006
    outer loop
      vertex   -2.899977e+001 5.901878e+000 -8.875007e+000
      vertex   -2.897365e+001 5.895428e+000 3.124994e+000
      vertex   -2.866212e+001 5.860327e+000 3.124994e+000
    endloop
  endfacet
  facet normal 7.075720e-003 6.229755e-002 -3.520809e-006
    outer loop
      vertex   -2.897365e+001 5.895428e+000 3.124994e+000
      vertex   -2.897422e+001 5.895775e+000 8.124994e+000
      vertex   -2.866212e+001 5.860327e+000 8.124994e+000
    endloop
  endfacet
  facet normal -1.560244e-002 9.780604e-003 -8.022263e-006
    outer loop
      vertex   -2.750960e+001 6.465961e+000 -8.875007e+000
      vertex   -2.756722e+001 6.387985e+000 8.124994e+000
      vertex   -2.740093e+001 6.653252e+000 8.124994e+000
    endloop
  endfacet
  facet normal -6.254338e-002 -7.115530e-003 0.000000e+000
    outer loop
      vertex   -2.726211e+001 7.260327e+000 3.124994e+000
      vertex   -2.726211e+001 7.260327e+000 8.124994e+000
      vertex   -2.729776e+001 7.573666e+000 8.124994e+000
    endloop
  endfacet
  facet normal -8.450639e-001 -5.310056e-001 -3.491233e-007
    outer loop
      vertex   -2.740076e+001 7.867764e+000 3.124994e+000
      vertex   -2.756722e+001 8.132669e+000 8.124994e+000
      vertex   -2.756756e+001 8.133213e+000 3.124994e+000
    endloop
  endfacet
  facet normal -8.465791e-001 -5.319577e-001 -6.082871e-004
    outer loop
      vertex   -2.740076e+001 7.867764e+000 3.124994e+000
      vertex   -2.756756e+001 8.133213e+000 3.124994e+000
      vertex   -2.750960e+001 8.054694e+000 -8.875007e+000
    endloop
  endfacet
  facet normal -5.294992e-002 -3.319238e-002 -4.223650e-006
    outer loop
      vertex   -2.740076e+001 7.867764e+000 3.124994e+000
      vertex   -2.740093e+001 7.867402e+000 8.124994e+000
      vertex   -2.756722e+001 8.132669e+000 8.124994e+000
    endloop
  endfacet
  facet normal -9.705693e-001 2.406691e-001 5.963498e-004
    outer loop
      vertex   -2.727257e+001 7.090701e+000 -8.875007e+000
      vertex   -2.735361e+001 6.763870e+000 -8.875007e+000
      vertex   -2.729776e+001 6.946989e+000 8.124994e+000
    endloop
  endfacet
  facet normal -8.858838e-001 4.638532e-001 5.523033e-004
    outer loop
      vertex   -2.735361e+001 6.763870e+000 -8.875007e+000
      vertex   -2.750960e+001 6.465961e+000 -8.875007e+000
      vertex   -2.740093e+001 6.653252e+000 8.124994e+000
    endloop
  endfacet
  facet normal -1.413414e-002 8.714119e-004 0.000000e+000
    outer loop
      vertex   -2.726211e+001 7.260327e+000 3.124994e+000
      vertex   -2.727257e+001 7.090701e+000 -8.875007e+000
      vertex   -2.726211e+001 7.260327e+000 8.124994e+000
    endloop
  endfacet
  facet normal -1.843006e-002 2.096779e-003 -9.584021e-006
    outer loop
      vertex   -2.727257e+001 7.090701e+000 -8.875007e+000
      vertex   -2.729776e+001 6.946989e+000 8.124994e+000
      vertex   -2.726211e+001 7.260327e+000 8.124994e+000
    endloop
  endfacet
  facet normal -1.727711e-002 6.068534e-003 -8.605232e-006
    outer loop
      vertex   -2.735361e+001 6.763870e+000 -8.875007e+000
      vertex   -2.740093e+001 6.653252e+000 8.124994e+000
      vertex   -2.729776e+001 6.946989e+000 8.124994e+000
    endloop
  endfacet
  facet normal -2.826541e-002 -1.084202e-019 2.463328e-005
    outer loop
      vertex   -2.726211e+001 7.260327e+000 3.124994e+000
      vertex   -2.727257e+001 7.429954e+000 -8.875007e+000
      vertex   -2.727257e+001 7.090701e+000 -8.875007e+000
    endloop
  endfacet
  facet normal -9.420390e-001 -3.296265e-001 -5.623343e-005
    outer loop
      vertex   -2.729722e+001 7.571856e+000 3.124994e+000
      vertex   -2.740093e+001 7.867402e+000 8.124994e+000
      vertex   -2.740076e+001 7.867764e+000 3.124994e+000
    endloop
  endfacet
  facet normal -9.437631e-001 -3.302298e-001 -6.540995e-004
    outer loop
      vertex   -2.729722e+001 7.571856e+000 3.124994e+000
      vertex   -2.740076e+001 7.867764e+000 3.124994e+000
      vertex   -2.735361e+001 7.756784e+000 -8.875007e+000
    endloop
  endfacet
  facet normal -2.482052e-002 -1.299613e-002 2.266931e-005
    outer loop
      vertex   -2.740076e+001 7.867764e+000 3.124994e+000
      vertex   -2.750960e+001 8.054694e+000 -8.875007e+000
      vertex   -2.735361e+001 7.756784e+000 -8.875007e+000
    endloop
  endfacet
  facet normal -5.863236e-002 -2.059447e-002 1.144231e-006
    outer loop
      vertex   -2.729722e+001 7.571856e+000 3.124994e+000
      vertex   -2.729776e+001 7.573666e+000 8.124994e+000
      vertex   -2.740093e+001 7.867402e+000 8.124994e+000
    endloop
  endfacet
  facet normal -9.917382e-001 -1.117725e-001 -6.624372e-005
    outer loop
      vertex   -2.726211e+001 7.260327e+000 3.124994e+000
      vertex   -2.729776e+001 7.573666e+000 8.124994e+000
      vertex   -2.729722e+001 7.571856e+000 3.124994e+000
    endloop
  endfacet
  facet normal -9.936092e-001 -1.119834e-001 -7.170134e-004
    outer loop
      vertex   -2.726211e+001 7.260327e+000 3.124994e+000
      vertex   -2.729722e+001 7.571856e+000 3.124994e+000
      vertex   -2.727257e+001 7.429954e+000 -8.875007e+000
    endloop
  endfacet
  facet normal -2.723041e-002 -6.752240e-003 2.390546e-005
    outer loop
      vertex   -2.729722e+001 7.571856e+000 3.124994e+000
      vertex   -2.735361e+001 7.756784e+000 -8.875007e+000
      vertex   -2.727257e+001 7.429954e+000 -8.875007e+000
    endloop
  endfacet
  facet normal 7.489663e-001 -6.625835e-001 5.005258e-004
    outer loop
      vertex   -2.981464e+001 8.054694e+000 -8.875007e+000
      vertex   -2.959001e+001 8.308608e+000 -8.875007e+000
      vertex   -2.975702e+001 8.132669e+000 8.124994e+000
    endloop
  endfacet
  facet normal 1.309020e-002 -1.309025e-002 -6.877677e-006
    outer loop
      vertex   -2.959001e+001 8.308608e+000 -8.875007e+000
      vertex   -2.953446e+001 8.355227e+000 8.124994e+000
      vertex   -2.975702e+001 8.132669e+000 8.124994e+000
    endloop
  endfacet
  facet normal 3.559365e-001 -9.345059e-001 2.947808e-004
    outer loop
      vertex   -2.931204e+001 8.499838e+000 -8.875007e+000
      vertex   -2.899977e+001 8.618776e+000 -8.875007e+000
      vertex   -2.926919e+001 8.521521e+000 8.124994e+000
    endloop
  endfacet
  facet normal 9.780720e-003 -1.560206e-002 -4.752628e-006
    outer loop
      vertex   -2.931204e+001 8.499838e+000 -8.875007e+000
      vertex   -2.926919e+001 8.521521e+000 8.124994e+000
      vertex   -2.953446e+001 8.355227e+000 8.124994e+000
    endloop
  endfacet
  facet normal 6.079028e-003 -1.734878e-002 -2.908276e-006
    outer loop
      vertex   -2.899977e+001 8.618776e+000 -8.875007e+000
      vertex   -2.897422e+001 8.624879e+000 8.124994e+000
      vertex   -2.926919e+001 8.521521e+000 8.124994e+000
    endloop
  endfacet
  facet normal 1.221374e-001 -9.925120e-001 1.727285e-004
    outer loop
      vertex   -2.899977e+001 8.618776e+000 -8.875007e+000
      vertex   -2.866212e+001 8.660327e+000 -8.875007e+000
      vertex   -2.897422e+001 8.624879e+000 8.124994e+000
    endloop
  endfacet
  facet normal 5.667744e-001 -8.238620e-001 4.072226e-004
    outer loop
      vertex   -2.959001e+001 8.308608e+000 -8.875007e+000
      vertex   -2.931204e+001 8.499838e+000 -8.875007e+000
      vertex   -2.953446e+001 8.355227e+000 8.124994e+000
    endloop
  endfacet
  facet normal 1.128538e-001 -9.936116e-001 0.000000e+000
    outer loop
      vertex   -2.866212e+001 8.660327e+000 8.124994e+000
      vertex   -2.897422e+001 8.624879e+000 8.124994e+000
      vertex   -2.866212e+001 8.660327e+000 3.124994e+000
    endloop
  endfacet
  facet normal 7.075666e-003 -6.229708e-002 0.000000e+000
    outer loop
      vertex   -2.866212e+001 8.660327e+000 3.124994e+000
      vertex   -2.897422e+001 8.624879e+000 8.124994e+000
      vertex   -2.866212e+001 8.660327e+000 -8.875007e+000
    endloop
  endfacet
  facet normal -3.319335e-002 -5.294802e-002 -6.910997e-008
    outer loop
      vertex   -2.778923e+001 8.354891e+000 3.124994e+000
      vertex   -2.778978e+001 8.355227e+000 8.124994e+000
      vertex   -2.805504e+001 8.521521e+000 8.124994e+000
    endloop
  endfacet
  facet normal -1.117438e-001 -9.917648e-001 -1.734723e-018
    outer loop
      vertex   -2.835058e+001 8.625226e+000 3.124994e+000
      vertex   -2.866212e+001 8.660327e+000 8.124994e+000
      vertex   -2.866212e+001 8.660327e+000 3.124994e+000
    endloop
  endfacet
  facet normal -7.075720e-003 -6.229946e-002 -3.510145e-006
    outer loop
      vertex   -2.835058e+001 8.625226e+000 3.124994e+000
      vertex   -2.835001e+001 8.624879e+000 8.124994e+000
      vertex   -2.866212e+001 8.660327e+000 8.124994e+000
    endloop
  endfacet
  facet normal -1.593162e-002 -2.315785e-002 1.628700e-005
    outer loop
      vertex   -2.778923e+001 8.354891e+000 3.124994e+000
      vertex   -2.801219e+001 8.499838e+000 -8.875007e+000
      vertex   -2.773422e+001 8.308608e+000 -8.875007e+000
    endloop
  endfacet
  facet normal -3.296343e-001 -9.420412e-001 -2.742842e-005
    outer loop
      vertex   -2.805467e+001 8.521683e+000 3.124994e+000
      vertex   -2.835001e+001 8.624879e+000 8.124994e+000
      vertex   -2.835058e+001 8.625226e+000 3.124994e+000
    endloop
  endfacet
  facet normal -2.063131e-002 -5.887915e-002 -3.404494e-006
    outer loop
      vertex   -2.805467e+001 8.521683e+000 3.124994e+000
      vertex   -2.805504e+001 8.521521e+000 8.124994e+000
      vertex   -2.835001e+001 8.624879e+000 8.124994e+000
    endloop
  endfacet
  facet normal -1.119629e-001 -9.937099e-001 2.904309e-004
    outer loop
      vertex   -2.835058e+001 8.625226e+000 3.124994e+000
      vertex   -2.866212e+001 8.660327e+000 3.124994e+000
      vertex   -2.832447e+001 8.618776e+000 -8.875007e+000
    endloop
  endfacet
  facet normal -3.461162e-003 -2.812606e-002 -0.000000e+000
    outer loop
      vertex   -2.866212e+001 8.660327e+000 3.124994e+000
      vertex   -2.866212e+001 8.660327e+000 -8.875007e+000
      vertex   -2.832447e+001 8.618776e+000 -8.875007e+000
    endloop
  endfacet
  facet normal -3.301846e-001 -9.436141e-001 -2.114069e-004
    outer loop
      vertex   -2.805467e+001 8.521683e+000 3.124994e+000
      vertex   -2.835058e+001 8.625226e+000 3.124994e+000
      vertex   -2.832447e+001 8.618776e+000 -8.875007e+000
    endloop
  endfacet
  facet normal -5.319045e-001 -8.465145e-001 -3.422169e-004
    outer loop
      vertex   -2.778923e+001 8.354891e+000 3.124994e+000
      vertex   -2.805467e+001 8.521683e+000 3.124994e+000
      vertex   -2.801219e+001 8.499838e+000 -8.875007e+000
    endloop
  endfacet
  facet normal -5.309910e-001 -8.450605e-001 -6.588685e-005
    outer loop
      vertex   -2.778923e+001 8.354891e+000 3.124994e+000
      vertex   -2.805504e+001 8.521521e+000 8.124994e+000
      vertex   -2.805467e+001 8.521683e+000 3.124994e+000
    endloop
  endfacet
  facet normal -9.908630e-003 -2.601575e-002 1.227756e-005
    outer loop
      vertex   -2.805467e+001 8.521683e+000 3.124994e+000
      vertex   -2.832447e+001 8.618776e+000 -8.875007e+000
      vertex   -2.801219e+001 8.499838e+000 -8.875007e+000
    endloop
  endfacet
  facet normal 8.524172e-001 -5.228623e-001 -1.135404e-005
    outer loop
      vertex   -7.523505e+001 5.497500e+000 3.124994e+000
      vertex   -7.523591e+001 5.496367e+000 -8.875007e+000
      vertex   -7.498961e+001 5.897647e+000 3.124994e+000
    endloop
  endfacet
  facet normal 3.355516e-002 -2.058225e-002 -4.492177e-007
    outer loop
      vertex   -7.498961e+001 5.897647e+000 3.124994e+000
      vertex   -7.523591e+001 5.496367e+000 -8.875007e+000
      vertex   -7.498873e+001 5.899339e+000 -8.875007e+000
    endloop
  endfacet
  facet normal -8.524172e-001 -5.228623e-001 -7.999948e-006
    outer loop
      vertex   -8.008918e+001 5.497500e+000 8.124994e+000
      vertex   -8.033463e+001 5.897647e+000 8.124994e+000
      vertex   -8.008833e+001 5.496367e+000 -8.875007e+000
    endloop
  endfacet
  facet normal -8.520912e-001 -5.226606e-001 -8.037567e-006
    outer loop
      vertex   -8.008833e+001 5.496367e+000 -8.875007e+000
      vertex   -8.033463e+001 5.897647e+000 8.124994e+000
      vertex   -8.033550e+001 5.899339e+000 -8.875007e+000
    endloop
  endfacet
  facet normal 8.524114e-001 5.228716e-001 -7.829456e-006
    outer loop
      vertex   -2.623506e+001 6.702316e+001 8.124994e+000
      vertex   -2.598961e+001 6.662301e+001 8.124994e+000
      vertex   -2.623591e+001 6.702428e+001 -8.875007e+000
    endloop
  endfacet
  facet normal 8.520898e-001 5.226628e-001 -8.096503e-006
    outer loop
      vertex   -2.623591e+001 6.702428e+001 -8.875007e+000
      vertex   -2.598961e+001 6.662301e+001 8.124994e+000
      vertex   -2.598873e+001 6.662132e+001 -8.875007e+000
    endloop
  endfacet
  facet normal 8.524137e-001 5.228680e-001 -1.105070e-005
    outer loop
      vertex   -2.598874e+001 8.621332e+000 -8.875007e+000
      vertex   -2.623591e+001 9.024287e+000 -8.875007e+000
      vertex   -2.598961e+001 8.623007e+000 3.124994e+000
    endloop
  endfacet
  facet normal 8.517566e-001 5.224687e-001 -1.091724e-005
    outer loop
      vertex   -2.598961e+001 8.623007e+000 3.124994e+000
      vertex   -2.623591e+001 9.024287e+000 -8.875007e+000
      vertex   -2.623506e+001 9.023154e+000 3.124994e+000
    endloop
  endfacet
  facet normal -8.524182e-001 5.228606e-001 -1.139083e-005
    outer loop
      vertex   -8.033550e+001 8.621315e+000 -8.875007e+000
      vertex   -8.033463e+001 8.623007e+000 3.124994e+000
      vertex   -8.008833e+001 9.024287e+000 -8.875007e+000
    endloop
  endfacet
  facet normal -3.331998e-002 2.043804e-002 -4.430060e-007
    outer loop
      vertex   -8.008833e+001 9.024287e+000 -8.875007e+000
      vertex   -8.033463e+001 8.623007e+000 3.124994e+000
      vertex   -8.008918e+001 9.023154e+000 3.124994e+000
    endloop
  endfacet
  facet normal -8.524169e-001 5.228627e-001 -7.734677e-006
    outer loop
      vertex   -8.008918e+001 6.702316e+001 8.124994e+000
      vertex   -8.008833e+001 6.702428e+001 -8.875007e+000
      vertex   -8.033463e+001 6.662301e+001 8.124994e+000
    endloop
  endfacet
  facet normal -2.369499e-002 1.453381e-002 -2.251036e-007
    outer loop
      vertex   -8.033463e+001 6.662301e+001 8.124994e+000
      vertex   -8.008833e+001 6.702428e+001 -8.875007e+000
      vertex   -8.033550e+001 6.662132e+001 -8.875007e+000
    endloop
  endfacet
  facet normal 8.523357e-001 -5.228142e-001 -1.514756e-003
    outer loop
      vertex   -2.598960e+001 5.897664e+000 8.124994e+000
      vertex   -2.623506e+001 5.497500e+000 8.124994e+000
      vertex   -2.598959e+001 5.897680e+000 8.123692e+000
    endloop
  endfacet
  facet normal 8.521538e-001 -5.226978e-001 -7.710846e-006
    outer loop
      vertex   -2.598959e+001 5.897680e+000 8.123692e+000
      vertex   -2.623506e+001 5.497500e+000 8.124994e+000
      vertex   -2.623591e+001 5.496367e+000 -8.875007e+000
    endloop
  endfacet
  facet normal 2.369697e-002 -1.453537e-002 -2.140218e-007
    outer loop
      vertex   -2.598959e+001 5.897680e+000 8.123692e+000
      vertex   -2.623591e+001 5.496367e+000 -8.875007e+000
      vertex   -2.598873e+001 5.899339e+000 -8.875007e+000
    endloop
  endfacet
  facet normal -8.524097e-001 5.228745e-001 -1.109132e-005
    outer loop
      vertex   -3.108917e+001 6.702316e+001 3.124994e+000
      vertex   -3.108833e+001 6.702428e+001 -8.875007e+000
      vertex   -3.133463e+001 6.662301e+001 3.124994e+000
    endloop
  endfacet
  facet normal -3.355496e-002 2.058241e-002 -4.517082e-007
    outer loop
      vertex   -3.133463e+001 6.662301e+001 3.124994e+000
      vertex   -3.108833e+001 6.702428e+001 -8.875007e+000
      vertex   -3.133550e+001 6.662132e+001 -8.875007e+000
    endloop
  endfacet
  facet normal -8.524119e-001 -5.228709e-001 -1.107202e-005
    outer loop
      vertex   -3.133550e+001 5.899322e+000 -8.875007e+000
      vertex   -3.108833e+001 5.496367e+000 -8.875007e+000
      vertex   -3.133463e+001 5.897647e+000 3.124994e+000
    endloop
  endfacet
  facet normal -8.517545e-001 -5.224721e-001 -1.091677e-005
    outer loop
      vertex   -3.133463e+001 5.897647e+000 3.124994e+000
      vertex   -3.108833e+001 5.496367e+000 -8.875007e+000
      vertex   -3.108917e+001 5.497500e+000 3.124994e+000
    endloop
  endfacet
  facet normal 8.524232e-001 -5.228525e-001 -1.120146e-005
    outer loop
      vertex   -2.598873e+001 6.389935e+001 -8.875007e+000
      vertex   -2.598961e+001 6.389765e+001 3.124994e+000
      vertex   -2.623591e+001 6.349636e+001 -8.875007e+000
    endloop
  endfacet
  facet normal 3.332021e-002 -2.043820e-002 -4.206225e-007
    outer loop
      vertex   -2.623591e+001 6.349636e+001 -8.875007e+000
      vertex   -2.598961e+001 6.389765e+001 3.124994e+000
      vertex   -2.623506e+001 6.349750e+001 3.124994e+000
    endloop
  endfacet
  facet normal 8.524166e-001 5.228633e-001 -1.147444e-005
    outer loop
      vertex   -7.498873e+001 6.662132e+001 -8.875007e+000
      vertex   -7.523591e+001 6.702428e+001 -8.875007e+000
      vertex   -7.498961e+001 6.662301e+001 3.124994e+000
    endloop
  endfacet
  facet normal 8.517405e-001 5.224604e-001 -1.107060e-005
    outer loop
      vertex   -7.498961e+001 6.662301e+001 3.124994e+000
      vertex   -7.523591e+001 6.702428e+001 -8.875007e+000
      vertex   -7.523507e+001 6.702317e+001 3.124779e+000
    endloop
  endfacet
  facet normal -8.524232e-001 -5.228525e-001 -1.163865e-005
    outer loop
      vertex   -8.033550e+001 6.389935e+001 -8.875007e+000
      vertex   -8.008833e+001 6.349636e+001 -8.875007e+000
      vertex   -8.033463e+001 6.389765e+001 3.124994e+000
    endloop
  endfacet
  facet normal -8.517621e-001 -5.224597e-001 -1.120181e-005
    outer loop
      vertex   -8.033463e+001 6.389765e+001 3.124994e+000
      vertex   -8.008833e+001 6.349636e+001 -8.875007e+000
      vertex   -8.008919e+001 6.349751e+001 3.124994e+000
    endloop
  endfacet
  facet normal -9.238783e-001 -3.826865e-001 1.341391e-005
    outer loop
      vertex   -8.033463e+001 6.389765e+001 3.124994e+000
      vertex   -8.051543e+001 6.433414e+001 3.124994e+000
      vertex   -8.033550e+001 6.389935e+001 -8.875007e+000
    endloop
  endfacet
  facet normal -3.903913e-002 3.031755e-003 -2.197051e-006
    outer loop
      vertex   -8.062693e+001 7.716122e+000 3.124994e+000
      vertex   -8.062524e+001 7.729137e+000 -8.875007e+000
      vertex   -8.066165e+001 7.260327e+000 -8.875007e+000
    endloop
  endfacet
  facet normal -9.963108e-001 7.691398e-002 -3.863968e-005
    outer loop
      vertex   -8.062693e+001 7.716122e+000 3.124994e+000
      vertex   -8.066165e+001 7.260327e+000 -8.875007e+000
      vertex   -8.066212e+001 7.260327e+000 3.124994e+000
    endloop
  endfacet
  facet normal -2.776727e-002 -2.213024e-003 8.017143e-007
    outer loop
      vertex   -8.062524e+001 6.791517e+000 -8.875007e+000
      vertex   -8.062448e+001 6.788103e+000 8.124994e+000
      vertex   -8.066212e+001 7.260327e+000 8.124994e+000
    endloop
  endfacet
  facet normal -2.669363e-002 -6.412542e-003 -6.483723e-007
    outer loop
      vertex   -8.051471e+001 6.332873e+000 -8.875007e+000
      vertex   -8.051543e+001 6.334139e+000 8.124994e+000
      vertex   -8.062448e+001 6.788103e+000 8.124994e+000
    endloop
  endfacet
  facet normal -9.717970e-001 -2.342060e-001 -3.423119e-006
    outer loop
      vertex   -8.051471e+001 6.332873e+000 -8.875007e+000
      vertex   -8.062448e+001 6.788103e+000 8.124994e+000
      vertex   -8.062524e+001 6.791517e+000 -8.875007e+000
    endloop
  endfacet
  facet normal -9.962334e-001 -7.736681e-002 -3.863667e-005
    outer loop
      vertex   -8.062524e+001 6.791517e+000 -8.875007e+000
      vertex   -8.066212e+001 7.260327e+000 3.124994e+000
      vertex   -8.066165e+001 7.260327e+000 -8.875007e+000
    endloop
  endfacet
  facet normal -1.147724e-002 -9.027080e-004 0.000000e+000
    outer loop
      vertex   -8.062524e+001 6.791517e+000 -8.875007e+000
      vertex   -8.066212e+001 7.260327e+000 8.124994e+000
      vertex   -8.066212e+001 7.260327e+000 3.124994e+000
    endloop
  endfacet
  facet normal -9.999044e-001 -1.382884e-002 0.000000e+000
    outer loop
      vertex   -8.066212e+001 1.026033e+001 3.124994e+000
      vertex   -8.062693e+001 7.716122e+000 3.124994e+000
      vertex   -8.066212e+001 1.026033e+001 5.124994e+000
    endloop
  endfacet
  facet normal -7.812075e-002 6.030826e-003 -9.046241e-003
    outer loop
      vertex   -8.066212e+001 1.026033e+001 5.124994e+000
      vertex   -8.062693e+001 7.716122e+000 3.124994e+000
      vertex   -8.066212e+001 7.260327e+000 3.124994e+000
    endloop
  endfacet
  facet normal -9.805807e-001 -0.000000e+000 0.000000e+000
    outer loop
      vertex   -8.066212e+001 1.026033e+001 5.124994e+000
      vertex   -8.066212e+001 7.260327e+000 3.124994e+000
      vertex   -8.066212e+001 7.260327e+000 8.124994e+000
    endloop
  endfacet
  facet normal -7.071068e-001 0.000000e+000 0.000000e+000
    outer loop
      vertex   -8.066212e+001 7.260327e+000 8.124994e+000
      vertex   -8.066212e+001 3.626033e+001 8.124994e+000
      vertex   -8.066212e+001 1.026033e+001 5.124994e+000
    endloop
  endfacet
  facet normal -1.146241e-001 0.000000e+000 0.000000e+000
    outer loop
      vertex   -8.066212e+001 1.026033e+001 5.124994e+000
      vertex   -8.066212e+001 3.626033e+001 8.124994e+000
      vertex   -8.066212e+001 6.226033e+001 5.124994e+000
    endloop
  endfacet
  facet normal -7.834973e-001 0.000000e+000 0.000000e+000
    outer loop
      vertex   -8.066212e+001 6.226033e+001 5.124994e+000
      vertex   -8.066212e+001 3.626033e+001 8.124994e+000
      vertex   -8.066212e+001 6.526033e+001 8.124994e+000
    endloop
  endfacet
  facet normal -9.805804e-001 0.000000e+000 0.000000e+000
    outer loop
      vertex   -8.066212e+001 6.226033e+001 5.124994e+000
      vertex   -8.066212e+001 6.526033e+001 8.124994e+000
      vertex   -8.066212e+001 6.526033e+001 3.124994e+000
    endloop
  endfacet
  facet normal -5.546996e-001 -2.614551e-004 -3.921833e-004
    outer loop
      vertex   -8.066212e+001 6.526033e+001 3.124994e+000
      vertex   -8.066190e+001 6.479092e+001 3.124994e+000
      vertex   -8.066212e+001 6.226033e+001 5.124994e+000
    endloop
  endfacet
  facet normal -7.845570e-001 6.859453e-005 0.000000e+000
    outer loop
      vertex   -8.066212e+001 6.226033e+001 5.124994e+000
      vertex   -8.066190e+001 6.479092e+001 3.124994e+000
      vertex   -8.066212e+001 6.226033e+001 3.124994e+000
    endloop
  endfacet
  facet normal -9.717924e-001 2.342105e-001 -2.365281e-005
    outer loop
      vertex   -8.062524e+001 6.572914e+001 -8.875007e+000
      vertex   -8.051543e+001 6.618652e+001 8.124994e+000
      vertex   -8.051471e+001 6.618777e+001 -8.875007e+000
    endloop
  endfacet
  facet normal -2.669356e-002 6.412520e-003 -8.842931e-008
    outer loop
      vertex   -8.062524e+001 6.572914e+001 -8.875007e+000
      vertex   -8.062448e+001 6.573255e+001 8.124994e+000
      vertex   -8.051543e+001 6.618652e+001 8.124994e+000
    endloop
  endfacet
  facet normal -9.962334e-001 -7.736665e-002 -3.863667e-005
    outer loop
      vertex   -8.062524e+001 6.479152e+001 -8.875007e+000
      vertex   -8.066212e+001 6.526033e+001 3.124994e+000
      vertex   -8.066165e+001 6.526033e+001 -8.875007e+000
    endloop
  endfacet
  facet normal -9.402322e-002 7.493603e-003 0.000000e+000
    outer loop
      vertex   -8.066212e+001 6.526033e+001 3.124994e+000
      vertex   -8.066212e+001 6.526033e+001 8.124994e+000
      vertex   -8.062448e+001 6.573255e+001 8.124994e+000
    endloop
  endfacet
  facet normal -2.776695e-002 2.224414e-003 -1.076879e-006
    outer loop
      vertex   -8.066165e+001 6.526033e+001 -8.875007e+000
      vertex   -8.066212e+001 6.526033e+001 3.124994e+000
      vertex   -8.062448e+001 6.573255e+001 8.124994e+000
    endloop
  endfacet
  facet normal -9.966113e-001 7.739600e-002 2.920044e-005
    outer loop
      vertex   -8.066165e+001 6.526033e+001 -8.875007e+000
      vertex   -8.062448e+001 6.573255e+001 8.124994e+000
      vertex   -8.062524e+001 6.572914e+001 -8.875007e+000
    endloop
  endfacet
  facet normal -9.999952e-001 -4.713432e-004 -3.054309e-003
    outer loop
      vertex   -8.066190e+001 6.479092e+001 3.124994e+000
      vertex   -8.066212e+001 6.526033e+001 3.124994e+000
      vertex   -8.062524e+001 6.479152e+001 -8.875007e+000
    endloop
  endfacet
  facet normal -2.566620e-002 1.063130e-002 -2.955086e-007
    outer loop
      vertex   -8.051471e+001 6.618777e+001 -8.875007e+000
      vertex   -8.051543e+001 6.618652e+001 8.124994e+000
      vertex   -8.033463e+001 6.662301e+001 8.124994e+000
    endloop
  endfacet
  facet normal -9.238047e-001 3.818609e-001 9.632968e-006
    outer loop
      vertex   -8.051471e+001 6.618777e+001 -8.875007e+000
      vertex   -8.033463e+001 6.662301e+001 8.124994e+000
      vertex   -8.033550e+001 6.662132e+001 -8.875007e+000
    endloop
  endfacet
  facet normal -9.522441e-001 -3.053378e-001 -2.449006e-005
    outer loop
      vertex   -8.051543e+001 6.433414e+001 3.124994e+000
      vertex   -8.066190e+001 6.479092e+001 3.124994e+000
      vertex   -8.051471e+001 6.433286e+001 -8.875007e+000
    endloop
  endfacet
  facet normal -3.819050e-002 -9.203784e-003 -1.171017e-004
    outer loop
      vertex   -8.066190e+001 6.479092e+001 3.124994e+000
      vertex   -8.062524e+001 6.479152e+001 -8.875007e+000
      vertex   -8.051471e+001 6.433286e+001 -8.875007e+000
    endloop
  endfacet
  facet normal -9.238034e-001 -3.818659e-001 -1.052308e-005
    outer loop
      vertex   -8.033550e+001 5.899339e+000 -8.875007e+000
      vertex   -8.051543e+001 6.334139e+000 8.124994e+000
      vertex   -8.051471e+001 6.332873e+000 -8.875007e+000
    endloop
  endfacet
  facet normal -2.566620e-002 -1.063130e-002 2.666342e-007
    outer loop
      vertex   -8.033550e+001 5.899339e+000 -8.875007e+000
      vertex   -8.033463e+001 5.897647e+000 8.124994e+000
      vertex   -8.051543e+001 6.334139e+000 8.124994e+000
    endloop
  endfacet
  facet normal -9.730358e-001 2.306517e-001 1.134469e-004
    outer loop
      vertex   -8.062693e+001 7.716122e+000 3.124994e+000
      vertex   -8.051543e+001 8.186515e+000 3.124994e+000
      vertex   -8.062524e+001 7.729137e+000 -8.875007e+000
    endloop
  endfacet
  facet normal -3.610000e-002 1.492241e-002 5.356188e-007
    outer loop
      vertex   -8.033463e+001 8.623007e+000 3.124994e+000
      vertex   -8.033550e+001 8.621315e+000 -8.875007e+000
      vertex   -8.051471e+001 8.187781e+000 -8.875007e+000
    endloop
  endfacet
  facet normal -3.819104e-002 9.204153e-003 -1.311027e-006
    outer loop
      vertex   -8.051543e+001 8.186515e+000 3.124994e+000
      vertex   -8.051471e+001 8.187781e+000 -8.875007e+000
      vertex   -8.062524e+001 7.729137e+000 -8.875007e+000
    endloop
  endfacet
  facet normal -9.238791e-001 3.826843e-001 -1.482585e-005
    outer loop
      vertex   -8.051543e+001 8.186515e+000 3.124994e+000
      vertex   -8.033463e+001 8.623007e+000 3.124994e+000
      vertex   -8.051471e+001 8.187781e+000 -8.875007e+000
    endloop
  endfacet
  facet normal -3.609871e-002 -1.492243e-002 -5.729879e-007
    outer loop
      vertex   -8.051543e+001 6.433414e+001 3.124994e+000
      vertex   -8.051471e+001 6.433286e+001 -8.875007e+000
      vertex   -8.033550e+001 6.389935e+001 -8.875007e+000
    endloop
  endfacet
  facet normal 2.107959e-002 1.797774e-002 -2.753537e-007
    outer loop
      vertex   -2.654021e+001 6.738069e+001 -8.875007e+000
      vertex   -2.654080e+001 6.738165e+001 8.124994e+000
      vertex   -2.623506e+001 6.702316e+001 8.124994e+000
    endloop
  endfacet
  facet normal 1.797780e-002 2.107964e-002 1.100299e-007
    outer loop
      vertex   -2.689977e+001 6.768789e+001 -8.875007e+000
      vertex   -2.689929e+001 6.768739e+001 8.124994e+000
      vertex   -2.654080e+001 6.738165e+001 8.124994e+000
    endloop
  endfacet
  facet normal 6.493155e-001 7.600128e-001 -2.005169e-005
    outer loop
      vertex   -2.689977e+001 6.768789e+001 -8.875007e+000
      vertex   -2.654080e+001 6.738165e+001 8.124994e+000
      vertex   -2.654021e+001 6.738069e+001 -8.875007e+000
    endloop
  endfacet
  facet normal 7.602230e-001 6.490740e-001 5.155743e-006
    outer loop
      vertex   -2.654021e+001 6.738069e+001 -8.875007e+000
      vertex   -2.623506e+001 6.702316e+001 8.124994e+000
      vertex   -2.623591e+001 6.702428e+001 -8.875007e+000
    endloop
  endfacet
  facet normal 5.218984e-001 8.525608e-001 1.032122e-005
    outer loop
      vertex   -2.729961e+001 6.793265e+001 -8.875007e+000
      vertex   -2.689929e+001 6.768739e+001 8.124994e+000
      vertex   -2.689977e+001 6.768789e+001 -8.875007e+000
    endloop
  endfacet
  facet normal 1.443245e-002 2.352939e-002 -3.943101e-007
    outer loop
      vertex   -2.729961e+001 6.793265e+001 -8.875007e+000
      vertex   -2.729944e+001 6.793283e+001 8.124994e+000
      vertex   -2.689929e+001 6.768739e+001 8.124994e+000
    endloop
  endfacet
  facet normal 6.489011e-001 7.608727e-001 5.523637e-006
    outer loop
      vertex   -7.589929e+001 6.768739e+001 3.124994e+000
      vertex   -7.554079e+001 6.738165e+001 3.124994e+000
      vertex   -7.589978e+001 6.768789e+001 -8.875007e+000
    endloop
  endfacet
  facet normal 2.038096e-002 3.329337e-002 5.677419e-007
    outer loop
      vertex   -7.589929e+001 6.768739e+001 3.124994e+000
      vertex   -7.589978e+001 6.768789e+001 -8.875007e+000
      vertex   -7.629961e+001 6.793265e+001 -8.875007e+000
    endloop
  endfacet
  facet normal 5.228627e-001 8.524169e-001 -2.032025e-005
    outer loop
      vertex   -7.629944e+001 6.793283e+001 3.124994e+000
      vertex   -7.589929e+001 6.768739e+001 3.124994e+000
      vertex   -7.629961e+001 6.793265e+001 -8.875007e+000
    endloop
  endfacet
  facet normal 2.558003e-002 2.994131e-002 -1.127244e-006
    outer loop
      vertex   -7.554079e+001 6.738165e+001 3.124994e+000
      vertex   -7.554021e+001 6.738069e+001 -8.875007e+000
      vertex   -7.589978e+001 6.768789e+001 -8.875007e+000
    endloop
  endfacet
  facet normal 7.608682e-001 6.489062e-001 -1.432192e-005
    outer loop
      vertex   -7.554079e+001 6.738165e+001 3.124994e+000
      vertex   -7.523507e+001 6.702317e+001 3.124779e+000
      vertex   -7.554021e+001 6.738069e+001 -8.875007e+000
    endloop
  endfacet
  facet normal 2.967837e-002 2.533922e-002 2.765105e-007
    outer loop
      vertex   -7.523507e+001 6.702317e+001 3.124779e+000
      vertex   -7.523591e+001 6.702428e+001 -8.875007e+000
      vertex   -7.554021e+001 6.738069e+001 -8.875007e+000
    endloop
  endfacet
  facet normal 1.507608e-002 3.632846e-002 -7.652008e-007
    outer loop
      vertex   -7.629944e+001 6.793283e+001 3.124994e+000
      vertex   -7.629961e+001 6.793265e+001 -8.875007e+000
      vertex   -7.673589e+001 6.811370e+001 -8.875007e+000
    endloop
  endfacet
  facet normal 3.826974e-001 9.238737e-001 6.158939e-006
    outer loop
      vertex   -7.673593e+001 6.811364e+001 3.124994e+000
      vertex   -7.629944e+001 6.793283e+001 3.124994e+000
      vertex   -7.673589e+001 6.811370e+001 -8.875007e+000
    endloop
  endfacet
  facet normal 3.831547e-001 9.232664e-001 -1.368444e-005
    outer loop
      vertex   -2.773588e+001 6.811370e+001 -8.875007e+000
      vertex   -2.729944e+001 6.793283e+001 8.124994e+000
      vertex   -2.729961e+001 6.793265e+001 -8.875007e+000
    endloop
  endfacet
  facet normal 1.063172e-002 2.566581e-002 1.219692e-007
    outer loop
      vertex   -2.773588e+001 6.811370e+001 -8.875007e+000
      vertex   -2.773593e+001 6.811364e+001 8.124994e+000
      vertex   -2.729944e+001 6.793283e+001 8.124994e+000
    endloop
  endfacet
  facet normal 2.331925e-001 9.720449e-001 4.144023e-006
    outer loop
      vertex   -2.818878e+001 6.822235e+001 -8.875007e+000
      vertex   -2.773593e+001 6.811364e+001 8.124994e+000
      vertex   -2.773588e+001 6.811370e+001 -8.875007e+000
    endloop
  endfacet
  facet normal -2.107960e-002 1.797787e-002 1.440108e-007
    outer loop
      vertex   -8.008833e+001 6.702428e+001 -8.875007e+000
      vertex   -8.008918e+001 6.702316e+001 8.124994e+000
      vertex   -7.978344e+001 6.738165e+001 8.124994e+000
    endloop
  endfacet
  facet normal -7.602153e-001 6.490837e-001 -1.014211e-005
    outer loop
      vertex   -8.008833e+001 6.702428e+001 -8.875007e+000
      vertex   -7.978344e+001 6.738165e+001 8.124994e+000
      vertex   -7.978403e+001 6.738069e+001 -8.875007e+000
    endloop
  endfacet
  facet normal -2.558000e-002 2.994079e-002 2.195788e-007
    outer loop
      vertex   -3.042495e+001 6.768739e+001 3.124994e+000
      vertex   -3.042446e+001 6.768789e+001 -8.875007e+000
      vertex   -3.078403e+001 6.738069e+001 -8.875007e+000
    endloop
  endfacet
  facet normal -5.228519e-001 8.524235e-001 1.457732e-005
    outer loop
      vertex   -3.042495e+001 6.768739e+001 3.124994e+000
      vertex   -3.002479e+001 6.793283e+001 3.124994e+000
      vertex   -3.042446e+001 6.768789e+001 -8.875007e+000
    endloop
  endfacet
  facet normal -6.489091e-001 7.608659e-001 -2.849438e-005
    outer loop
      vertex   -3.078344e+001 6.738165e+001 3.124994e+000
      vertex   -3.042495e+001 6.768739e+001 3.124994e+000
      vertex   -3.078403e+001 6.738069e+001 -8.875007e+000
    endloop
  endfacet
  facet normal -2.038101e-002 3.329408e-002 -7.833825e-007
    outer loop
      vertex   -3.002479e+001 6.793283e+001 3.124994e+000
      vertex   -3.002463e+001 6.793265e+001 -8.875007e+000
      vertex   -3.042446e+001 6.768789e+001 -8.875007e+000
    endloop
  endfacet
  facet normal -2.967786e-002 2.533879e-002 -5.514236e-007
    outer loop
      vertex   -3.078344e+001 6.738165e+001 3.124994e+000
      vertex   -3.078403e+001 6.738069e+001 -8.875007e+000
      vertex   -3.108833e+001 6.702428e+001 -8.875007e+000
    endloop
  endfacet
  facet normal -7.608680e-001 6.489068e-001 7.242612e-006
    outer loop
      vertex   -3.108917e+001 6.702316e+001 3.124994e+000
      vertex   -3.078344e+001 6.738165e+001 3.124994e+000
      vertex   -3.108833e+001 6.702428e+001 -8.875007e+000
    endloop
  endfacet
  facet normal 7.686415e-002 9.963149e-001 0.000000e+000
    outer loop
      vertex   -7.720642e+001 6.822517e+001 3.124994e+000
      vertex   -7.766212e+001 6.826032e+001 -8.875007e+000
      vertex   -7.766212e+001 6.826032e+001 3.124994e+000
    endloop
  endfacet
  facet normal -1.797779e-002 2.107996e-002 -5.613015e-007
    outer loop
      vertex   -7.978403e+001 6.738069e+001 -8.875007e+000
      vertex   -7.978344e+001 6.738165e+001 8.124994e+000
      vertex   -7.942494e+001 6.768739e+001 8.124994e+000
    endloop
  endfacet
  facet normal -6.493112e-001 7.600158e-001 3.861877e-006
    outer loop
      vertex   -7.978403e+001 6.738069e+001 -8.875007e+000
      vertex   -7.942494e+001 6.768739e+001 8.124994e+000
      vertex   -7.942445e+001 6.768789e+001 -8.875007e+000
    endloop
  endfacet
  facet normal -1.443247e-002 2.352909e-002 2.823960e-007
    outer loop
      vertex   -7.942445e+001 6.768789e+001 -8.875007e+000
      vertex   -7.942494e+001 6.768739e+001 8.124994e+000
      vertex   -7.902480e+001 6.793283e+001 8.124994e+000
    endloop
  endfacet
  facet normal -6.413005e-003 2.669371e-002 1.159851e-007
    outer loop
      vertex   -7.858836e+001 6.811370e+001 -8.875007e+000
      vertex   -7.858830e+001 6.811364e+001 8.124994e+000
      vertex   -7.813434e+001 6.822270e+001 8.124994e+000
    endloop
  endfacet
  facet normal -2.331902e-001 9.720435e-001 -4.787772e-006
    outer loop
      vertex   -7.858836e+001 6.811370e+001 -8.875007e+000
      vertex   -7.813434e+001 6.822270e+001 8.124994e+000
      vertex   -7.813545e+001 6.822235e+001 -8.875007e+000
    endloop
  endfacet
  facet normal -1.063172e-002 2.566615e-002 -3.814183e-007
    outer loop
      vertex   -7.902463e+001 6.793265e+001 -8.875007e+000
      vertex   -7.902480e+001 6.793283e+001 8.124994e+000
      vertex   -7.858830e+001 6.811364e+001 8.124994e+000
    endloop
  endfacet
  facet normal -3.831562e-001 9.232658e-001 4.518496e-006
    outer loop
      vertex   -7.902463e+001 6.793265e+001 -8.875007e+000
      vertex   -7.858830e+001 6.811364e+001 8.124994e+000
      vertex   -7.858836e+001 6.811370e+001 -8.875007e+000
    endloop
  endfacet
  facet normal -2.212110e-003 2.776690e-002 -4.282824e-007
    outer loop
      vertex   -7.813545e+001 6.822235e+001 -8.875007e+000
      vertex   -7.813434e+001 6.822270e+001 8.124994e+000
      vertex   -7.766212e+001 6.826032e+001 8.124994e+000
    endloop
  endfacet
  facet normal -7.996426e-002 9.967977e-001 0.000000e+000
    outer loop
      vertex   -7.766212e+001 6.826032e+001 -8.875007e+000
      vertex   -7.813545e+001 6.822235e+001 -8.875007e+000
      vertex   -7.766212e+001 6.826032e+001 3.124994e+000
    endloop
  endfacet
  facet normal -3.161817e-003 3.941375e-002 0.000000e+000
    outer loop
      vertex   -7.766212e+001 6.826032e+001 3.124994e+000
      vertex   -7.813545e+001 6.822235e+001 -8.875007e+000
      vertex   -7.766212e+001 6.826032e+001 8.124994e+000
    endloop
  endfacet
  facet normal -5.219045e-001 8.525585e-001 -1.433577e-005
    outer loop
      vertex   -7.942445e+001 6.768789e+001 -8.875007e+000
      vertex   -7.902480e+001 6.793283e+001 8.124994e+000
      vertex   -7.902463e+001 6.793265e+001 -8.875007e+000
    endloop
  endfacet
  facet normal 2.306517e-001 9.730352e-001 1.106174e-004
    outer loop
      vertex   -7.720642e+001 6.822517e+001 3.124994e+000
      vertex   -7.673593e+001 6.811364e+001 3.124994e+000
      vertex   -7.718879e+001 6.822235e+001 -8.875007e+000
    endloop
  endfacet
  facet normal 3.161995e-003 3.941534e-002 -4.601091e-006
    outer loop
      vertex   -7.720642e+001 6.822517e+001 3.124994e+000
      vertex   -7.718879e+001 6.822235e+001 -8.875007e+000
      vertex   -7.766212e+001 6.826032e+001 -8.875007e+000
    endloop
  endfacet
  facet normal 7.691988e-002 9.970373e-001 -0.000000e+000
    outer loop
      vertex   -7.766212e+001 6.826032e+001 3.124994e+000
      vertex   -7.766212e+001 6.826032e+001 8.124994e+000
      vertex   -7.720642e+001 6.822517e+001 3.124994e+000
    endloop
  endfacet
  facet normal -7.236615e-004 9.958478e-001 -7.068009e-003
    outer loop
      vertex   -7.720642e+001 6.822517e+001 3.124994e+000
      vertex   -7.766212e+001 6.826032e+001 8.124994e+000
      vertex   -2.913154e+001 6.826010e+001 3.124994e+000
    endloop
  endfacet
  facet normal 0.000000e+000 9.999590e-001 -4.424867e-005
    outer loop
      vertex   -2.913154e+001 6.826010e+001 3.124994e+000
      vertex   -7.766212e+001 6.826032e+001 8.124994e+000
      vertex   -2.866212e+001 6.826032e+001 8.124994e+000
    endloop
  endfacet
  facet normal -4.692665e-004 9.956217e-001 0.000000e+000
    outer loop
      vertex   -2.913154e+001 6.826010e+001 3.124994e+000
      vertex   -2.866212e+001 6.826032e+001 8.124994e+000
      vertex   -2.866212e+001 6.826032e+001 3.124994e+000
    endloop
  endfacet
  facet normal 7.993291e-002 9.964110e-001 -1.536858e-005
    outer loop
      vertex   -2.866212e+001 6.826032e+001 -8.875007e+000
      vertex   -2.818989e+001 6.822270e+001 8.124994e+000
      vertex   -2.818878e+001 6.822235e+001 -8.875007e+000
    endloop
  endfacet
  facet normal -7.990236e-002 9.960182e-001 -4.336809e-019
    outer loop
      vertex   -2.913545e+001 6.822235e+001 -8.875007e+000
      vertex   -2.866212e+001 6.826032e+001 3.124994e+000
      vertex   -2.866212e+001 6.826032e+001 -8.875007e+000
    endloop
  endfacet
  facet normal -9.046912e-003 3.771183e-002 -1.156880e-004
    outer loop
      vertex   -2.913154e+001 6.826010e+001 3.124994e+000
      vertex   -2.913545e+001 6.822235e+001 -8.875007e+000
      vertex   -2.958835e+001 6.811370e+001 -8.875007e+000
    endloop
  endfacet
  facet normal -3.053349e-001 9.522451e-001 6.056660e-006
    outer loop
      vertex   -2.958831e+001 6.811364e+001 3.124994e+000
      vertex   -2.913154e+001 6.826010e+001 3.124994e+000
      vertex   -2.958835e+001 6.811370e+001 -8.875007e+000
    endloop
  endfacet
  facet normal 7.941397e-002 9.968417e-001 0.000000e+000
    outer loop
      vertex   -2.866212e+001 6.826032e+001 8.124994e+000
      vertex   -2.818989e+001 6.822270e+001 8.124994e+000
      vertex   -2.866212e+001 6.826032e+001 3.124994e+000
    endloop
  endfacet
  facet normal 7.490564e-003 9.402511e-002 0.000000e+000
    outer loop
      vertex   -2.866212e+001 6.826032e+001 3.124994e+000
      vertex   -2.818989e+001 6.822270e+001 8.124994e+000
      vertex   -2.866212e+001 6.826032e+001 -8.875007e+000
    endloop
  endfacet
  facet normal -4.713277e-004 9.999949e-001 -3.145684e-003
    outer loop
      vertex   -2.913154e+001 6.826010e+001 3.124994e+000
      vertex   -2.866212e+001 6.826032e+001 3.124994e+000
      vertex   -2.913545e+001 6.822235e+001 -8.875007e+000
    endloop
  endfacet
  facet normal 9.047372e-003 3.771358e-002 2.263342e-007
    outer loop
      vertex   -7.673593e+001 6.811364e+001 3.124994e+000
      vertex   -7.673589e+001 6.811370e+001 -8.875007e+000
      vertex   -7.718879e+001 6.822235e+001 -8.875007e+000
    endloop
  endfacet
  facet normal -3.827060e-001 9.238702e-001 -1.926764e-005
    outer loop
      vertex   -3.002479e+001 6.793283e+001 3.124994e+000
      vertex   -2.958831e+001 6.811364e+001 3.124994e+000
      vertex   -3.002463e+001 6.793265e+001 -8.875007e+000
    endloop
  endfacet
  facet normal -1.507609e-002 3.632784e-002 2.446799e-007
    outer loop
      vertex   -2.958831e+001 6.811364e+001 3.124994e+000
      vertex   -2.958835e+001 6.811370e+001 -8.875007e+000
      vertex   -3.002463e+001 6.793265e+001 -8.875007e+000
    endloop
  endfacet
  facet normal 6.413017e-003 2.669343e-002 -1.337434e-007
    outer loop
      vertex   -2.818878e+001 6.822235e+001 -8.875007e+000
      vertex   -2.818989e+001 6.822270e+001 8.124994e+000
      vertex   -2.773593e+001 6.811364e+001 8.124994e+000
    endloop
  endfacet
  facet normal 9.238771e-001 -3.826893e-001 -1.472873e-005
    outer loop
      vertex   -2.580881e+001 6.433414e+001 3.124994e+000
      vertex   -2.598961e+001 6.389765e+001 3.124994e+000
      vertex   -2.580953e+001 6.433286e+001 -8.875007e+000
    endloop
  endfacet
  facet normal 9.730328e-001 -2.306644e-001 1.134703e-004
    outer loop
      vertex   -2.569730e+001 6.480453e+001 3.124994e+000
      vertex   -2.580881e+001 6.433414e+001 3.124994e+000
      vertex   -2.569898e+001 6.479152e+001 -8.875007e+000
    endloop
  endfacet
  facet normal 3.819203e-002 -9.204947e-003 -1.311221e-006
    outer loop
      vertex   -2.580881e+001 6.433414e+001 3.124994e+000
      vertex   -2.580953e+001 6.433286e+001 -8.875007e+000
      vertex   -2.569898e+001 6.479152e+001 -8.875007e+000
    endloop
  endfacet
  facet normal 3.609866e-002 -1.492194e-002 5.446910e-007
    outer loop
      vertex   -2.598961e+001 6.389765e+001 3.124994e+000
      vertex   -2.598873e+001 6.389935e+001 -8.875007e+000
      vertex   -2.580953e+001 6.433286e+001 -8.875007e+000
    endloop
  endfacet
  facet normal 3.903925e-002 -3.031755e-003 -2.196947e-006
    outer loop
      vertex   -2.569730e+001 6.480453e+001 3.124994e+000
      vertex   -2.569898e+001 6.479152e+001 -8.875007e+000
      vertex   -2.566258e+001 6.526033e+001 -8.875007e+000
    endloop
  endfacet
  facet normal 9.963115e-001 -7.690553e-002 -3.832298e-005
    outer loop
      vertex   -2.569730e+001 6.480453e+001 3.124994e+000
      vertex   -2.566258e+001 6.526033e+001 -8.875007e+000
      vertex   -2.566212e+001 6.526033e+001 3.124994e+000
    endloop
  endfacet
  facet normal 3.610149e-002 1.492243e-002 -5.883795e-007
    outer loop
      vertex   -2.580881e+001 8.186515e+000 3.124994e+000
      vertex   -2.580953e+001 8.187781e+000 -8.875007e+000
      vertex   -2.598874e+001 8.621332e+000 -8.875007e+000
    endloop
  endfacet
  facet normal 9.238820e-001 3.826774e-001 1.370482e-005
    outer loop
      vertex   -2.598961e+001 8.623007e+000 3.124994e+000
      vertex   -2.580881e+001 8.186515e+000 3.124994e+000
      vertex   -2.598874e+001 8.621332e+000 -8.875007e+000
    endloop
  endfacet
  facet normal 9.729999e-001 2.308057e-001 -3.394539e-005
    outer loop
      vertex   -2.580881e+001 8.186515e+000 3.124994e+000
      vertex   -2.569598e+001 7.710856e+000 3.124994e+000
      vertex   -2.580953e+001 8.187781e+000 -8.875007e+000
    endloop
  endfacet
  facet normal 3.818846e-002 9.204327e-003 4.455496e-006
    outer loop
      vertex   -2.569598e+001 7.710856e+000 3.124994e+000
      vertex   -2.569898e+001 7.729137e+000 -8.875007e+000
      vertex   -2.580953e+001 8.187781e+000 -8.875007e+000
    endloop
  endfacet
  facet normal 9.971860e-001 7.495138e-002 -1.356144e-004
    outer loop
      vertex   -2.569598e+001 7.710856e+000 3.124994e+000
      vertex   -2.566212e+001 7.260327e+000 3.124994e+000
      vertex   -2.569898e+001 7.729137e+000 -8.875007e+000
    endloop
  endfacet
  facet normal 9.238070e-001 -3.818556e-001 9.690708e-006
    outer loop
      vertex   -2.580953e+001 6.332873e+000 -8.875007e+000
      vertex   -2.598959e+001 5.897680e+000 8.123692e+000
      vertex   -2.598873e+001 5.899339e+000 -8.875007e+000
    endloop
  endfacet
  facet normal 2.566617e-002 -1.063110e-002 -2.936305e-007
    outer loop
      vertex   -2.580953e+001 6.332873e+000 -8.875007e+000
      vertex   -2.580881e+001 6.334139e+000 8.124994e+000
      vertex   -2.598959e+001 5.897680e+000 8.123692e+000
    endloop
  endfacet
  facet normal 9.238252e-001 -3.826565e-001 6.482008e-004
    outer loop
      vertex   -2.598959e+001 5.897680e+000 8.123692e+000
      vertex   -2.580881e+001 6.334139e+000 8.124994e+000
      vertex   -2.598960e+001 5.897664e+000 8.124994e+000
    endloop
  endfacet
  facet normal 9.717891e-001 -2.342243e-001 -2.365556e-005
    outer loop
      vertex   -2.569898e+001 6.791517e+000 -8.875007e+000
      vertex   -2.580881e+001 6.334139e+000 8.124994e+000
      vertex   -2.580953e+001 6.332873e+000 -8.875007e+000
    endloop
  endfacet
  facet normal 2.669353e-002 -6.412969e-003 -8.995960e-008
    outer loop
      vertex   -2.569898e+001 6.791517e+000 -8.875007e+000
      vertex   -2.569975e+001 6.788103e+000 8.124994e+000
      vertex   -2.580881e+001 6.334139e+000 8.124994e+000
    endloop
  endfacet
  facet normal 9.402379e-002 -7.492843e-003 0.000000e+000
    outer loop
      vertex   -2.566212e+001 7.260327e+000 3.124994e+000
      vertex   -2.566212e+001 7.260327e+000 8.124994e+000
      vertex   -2.569975e+001 6.788103e+000 8.124994e+000
    endloop
  endfacet
  facet normal 9.966113e-001 -7.739615e-002 2.918304e-005
    outer loop
      vertex   -2.566258e+001 7.260327e+000 -8.875007e+000
      vertex   -2.569975e+001 6.788103e+000 8.124994e+000
      vertex   -2.569898e+001 6.791517e+000 -8.875007e+000
    endloop
  endfacet
  facet normal 2.776712e-002 -2.224096e-003 -1.068058e-006
    outer loop
      vertex   -2.566258e+001 7.260327e+000 -8.875007e+000
      vertex   -2.566212e+001 7.260327e+000 3.124994e+000
      vertex   -2.569975e+001 6.788103e+000 8.124994e+000
    endloop
  endfacet
  facet normal 9.962334e-001 7.736689e-002 -3.831998e-005
    outer loop
      vertex   -2.569898e+001 7.729137e+000 -8.875007e+000
      vertex   -2.566212e+001 7.260327e+000 3.124994e+000
      vertex   -2.566258e+001 7.260327e+000 -8.875007e+000
    endloop
  endfacet
  facet normal 8.320506e-001 0.000000e+000 -0.000000e+000
    outer loop
      vertex   -2.566212e+001 6.526033e+001 3.124994e+000
      vertex   -2.566212e+001 6.526033e+001 8.124994e+000
      vertex   -2.566212e+001 6.226033e+001 5.124994e+000
    endloop
  endfacet
  facet normal 7.834973e-001 0.000000e+000 -0.000000e+000
    outer loop
      vertex   -2.566212e+001 6.226033e+001 5.124994e+000
      vertex   -2.566212e+001 6.526033e+001 8.124994e+000
      vertex   -2.566212e+001 3.626033e+001 8.124994e+000
    endloop
  endfacet
  facet normal 1.146241e-001 0.000000e+000 0.000000e+000
    outer loop
      vertex   -2.566212e+001 6.226033e+001 5.124994e+000
      vertex   -2.566212e+001 3.626033e+001 8.124994e+000
      vertex   -2.566212e+001 1.026033e+001 5.124994e+000
    endloop
  endfacet
  facet normal 7.834978e-001 0.000000e+000 -0.000000e+000
    outer loop
      vertex   -2.566212e+001 1.026033e+001 5.124994e+000
      vertex   -2.566212e+001 3.626033e+001 8.124994e+000
      vertex   -2.566212e+001 7.260327e+000 8.124994e+000
    endloop
  endfacet
  facet normal 9.805807e-001 0.000000e+000 0.000000e+000
    outer loop
      vertex   -2.566212e+001 1.026033e+001 5.124994e+000
      vertex   -2.566212e+001 7.260327e+000 8.124994e+000
      vertex   -2.566212e+001 7.260327e+000 3.124994e+000
    endloop
  endfacet
  facet normal 5.531399e-001 4.157559e-002 -6.236339e-002
    outer loop
      vertex   -2.566212e+001 7.260327e+000 3.124994e+000
      vertex   -2.569598e+001 7.710856e+000 3.124994e+000
      vertex   -2.566212e+001 1.026033e+001 5.124994e+000
    endloop
  endfacet
  facet normal 7.867483e-001 -1.044990e-002 0.000000e+000
    outer loop
      vertex   -2.566212e+001 1.026033e+001 5.124994e+000
      vertex   -2.569598e+001 7.710856e+000 3.124994e+000
      vertex   -2.566212e+001 1.026033e+001 3.124994e+000
    endloop
  endfacet
  facet normal 9.999044e-001 1.382732e-002 -0.000000e+000
    outer loop
      vertex   -2.566212e+001 6.226033e+001 3.124994e+000
      vertex   -2.569730e+001 6.480453e+001 3.124994e+000
      vertex   -2.566212e+001 6.226033e+001 5.124994e+000
    endloop
  endfacet
  facet normal 7.812078e-002 -6.030163e-003 -9.045257e-003
    outer loop
      vertex   -2.566212e+001 6.226033e+001 5.124994e+000
      vertex   -2.569730e+001 6.480453e+001 3.124994e+000
      vertex   -2.566212e+001 6.526033e+001 3.124994e+000
    endloop
  endfacet
  facet normal 1.147726e-002 9.026146e-004 0.000000e+000
    outer loop
      vertex   -2.569898e+001 6.572914e+001 -8.875007e+000
      vertex   -2.566212e+001 6.526033e+001 8.124994e+000
      vertex   -2.566212e+001 6.526033e+001 3.124994e+000
    endloop
  endfacet
  facet normal 9.962334e-001 7.736665e-002 -3.831998e-005
    outer loop
      vertex   -2.569898e+001 6.572914e+001 -8.875007e+000
      vertex   -2.566212e+001 6.526033e+001 3.124994e+000
      vertex   -2.566258e+001 6.526033e+001 -8.875007e+000
    endloop
  endfacet
  facet normal 2.776711e-002 2.212800e-003 8.022483e-007
    outer loop
      vertex   -2.569898e+001 6.572914e+001 -8.875007e+000
      vertex   -2.569975e+001 6.573255e+001 8.124994e+000
      vertex   -2.566212e+001 6.526033e+001 8.124994e+000
    endloop
  endfacet
  facet normal 9.717911e-001 2.342304e-001 -3.375721e-006
    outer loop
      vertex   -2.580953e+001 6.618777e+001 -8.875007e+000
      vertex   -2.569975e+001 6.573255e+001 8.124994e+000
      vertex   -2.569898e+001 6.572914e+001 -8.875007e+000
    endloop
  endfacet
  facet normal 2.669365e-002 6.412991e-003 -6.542131e-007
    outer loop
      vertex   -2.580953e+001 6.618777e+001 -8.875007e+000
      vertex   -2.580881e+001 6.618652e+001 8.124994e+000
      vertex   -2.569975e+001 6.573255e+001 8.124994e+000
    endloop
  endfacet
  facet normal 9.238097e-001 3.818508e-001 -1.079949e-005
    outer loop
      vertex   -2.598873e+001 6.662132e+001 -8.875007e+000
      vertex   -2.580881e+001 6.618652e+001 8.124994e+000
      vertex   -2.580953e+001 6.618777e+001 -8.875007e+000
    endloop
  endfacet
  facet normal 2.566622e-002 1.063108e-002 2.654652e-007
    outer loop
      vertex   -2.598873e+001 6.662132e+001 -8.875007e+000
      vertex   -2.598961e+001 6.662301e+001 8.124994e+000
      vertex   -2.580881e+001 6.618652e+001 8.124994e+000
    endloop
  endfacet
  facet normal 2.331921e-001 -9.720430e-001 -4.374258e-006
    outer loop
      vertex   -2.773588e+001 4.406955e+000 -8.875007e+000
      vertex   -2.818989e+001 4.297963e+000 8.124994e+000
      vertex   -2.818878e+001 4.298305e+000 -8.875007e+000
    endloop
  endfacet
  facet normal 2.213036e-003 -2.776746e-002 -4.144283e-007
    outer loop
      vertex   -2.818878e+001 4.298305e+000 -8.875007e+000
      vertex   -2.818989e+001 4.297963e+000 8.124994e+000
      vertex   -2.866212e+001 4.260327e+000 8.124994e+000
    endloop
  endfacet
  facet normal 6.412584e-003 -2.669338e-002 1.168190e-007
    outer loop
      vertex   -2.773588e+001 4.406955e+000 -8.875007e+000
      vertex   -2.773593e+001 4.407018e+000 8.124994e+000
      vertex   -2.818989e+001 4.297963e+000 8.124994e+000
    endloop
  endfacet
  facet normal 3.831651e-001 -9.232621e-001 4.493128e-006
    outer loop
      vertex   -2.729961e+001 4.588014e+000 -8.875007e+000
      vertex   -2.773593e+001 4.407018e+000 8.124994e+000
      vertex   -2.773588e+001 4.406955e+000 -8.875007e+000
    endloop
  endfacet
  facet normal -6.412596e-003 -2.669376e-002 -1.166737e-007
    outer loop
      vertex   -7.813545e+001 4.298305e+000 -8.875007e+000
      vertex   -7.813434e+001 4.297963e+000 8.124994e+000
      vertex   -7.858830e+001 4.407018e+000 8.124994e+000
    endloop
  endfacet
  facet normal -7.602165e-001 -6.490816e-001 5.046333e-006
    outer loop
      vertex   -7.978403e+001 5.139967e+000 -8.875007e+000
      vertex   -8.008918e+001 5.497500e+000 8.124994e+000
      vertex   -8.008833e+001 5.496367e+000 -8.875007e+000
    endloop
  endfacet
  facet normal -6.493104e-001 -7.600172e-001 -2.047495e-005
    outer loop
      vertex   -7.942445e+001 4.832770e+000 -8.875007e+000
      vertex   -7.978344e+001 5.139007e+000 8.124994e+000
      vertex   -7.978403e+001 5.139967e+000 -8.875007e+000
    endloop
  endfacet
  facet normal -1.797783e-002 -2.107998e-002 9.856159e-008
    outer loop
      vertex   -7.942445e+001 4.832770e+000 -8.875007e+000
      vertex   -7.942494e+001 4.833266e+000 8.124994e+000
      vertex   -7.978344e+001 5.139007e+000 8.124994e+000
    endloop
  endfacet
  facet normal -5.219002e-001 -8.525597e-001 9.879963e-006
    outer loop
      vertex   -7.902463e+001 4.588014e+000 -8.875007e+000
      vertex   -7.942494e+001 4.833266e+000 8.124994e+000
      vertex   -7.942445e+001 4.832770e+000 -8.875007e+000
    endloop
  endfacet
  facet normal -3.831665e-001 -9.232615e-001 -1.432312e-005
    outer loop
      vertex   -7.858836e+001 4.406955e+000 -8.875007e+000
      vertex   -7.902480e+001 4.587820e+000 8.124994e+000
      vertex   -7.902463e+001 4.588014e+000 -8.875007e+000
    endloop
  endfacet
  facet normal -1.063130e-002 -2.566615e-002 1.284273e-007
    outer loop
      vertex   -7.858836e+001 4.406955e+000 -8.875007e+000
      vertex   -7.858830e+001 4.407018e+000 8.124994e+000
      vertex   -7.902480e+001 4.587820e+000 8.124994e+000
    endloop
  endfacet
  facet normal -1.443251e-002 -2.352906e-002 -4.111057e-007
    outer loop
      vertex   -7.902463e+001 4.588014e+000 -8.875007e+000
      vertex   -7.902480e+001 4.587820e+000 8.124994e+000
      vertex   -7.942494e+001 4.833266e+000 8.124994e+000
    endloop
  endfacet
  facet normal -2.107976e-002 -1.797786e-002 -2.866398e-007
    outer loop
      vertex   -7.978403e+001 5.139967e+000 -8.875007e+000
      vertex   -7.978344e+001 5.139007e+000 8.124994e+000
      vertex   -8.008918e+001 5.497500e+000 8.124994e+000
    endloop
  endfacet
  facet normal -2.306535e-001 -9.730348e-001 1.106995e-004
    outer loop
      vertex   -2.911782e+001 4.295491e+000 3.124994e+000
      vertex   -2.958831e+001 4.407018e+000 3.124994e+000
      vertex   -2.913545e+001 4.298305e+000 -8.875007e+000
    endloop
  endfacet
  facet normal -3.826931e-001 -9.238756e-001 6.366605e-006
    outer loop
      vertex   -2.958831e+001 4.407018e+000 3.124994e+000
      vertex   -3.002479e+001 4.587820e+000 3.124994e+000
      vertex   -2.958835e+001 4.406955e+000 -8.875007e+000
    endloop
  endfacet
  facet normal -3.162551e-003 -3.941566e-002 -4.596153e-006
    outer loop
      vertex   -2.911782e+001 4.295491e+000 3.124994e+000
      vertex   -2.913545e+001 4.298305e+000 -8.875007e+000
      vertex   -2.866212e+001 4.260327e+000 -8.875007e+000
    endloop
  endfacet
  facet normal -9.047372e-003 -3.771374e-002 2.337675e-007
    outer loop
      vertex   -2.958831e+001 4.407018e+000 3.124994e+000
      vertex   -2.958835e+001 4.406955e+000 -8.875007e+000
      vertex   -2.913545e+001 4.298305e+000 -8.875007e+000
    endloop
  endfacet
  facet normal -7.688081e-002 -9.963136e-001 -4.336809e-019
    outer loop
      vertex   -2.911782e+001 4.295491e+000 3.124994e+000
      vertex   -2.866212e+001 4.260327e+000 -8.875007e+000
      vertex   -2.866212e+001 4.260327e+000 3.124994e+000
    endloop
  endfacet
  facet normal -1.507656e-002 -3.632783e-002 -7.912101e-007
    outer loop
      vertex   -3.002479e+001 4.587820e+000 3.124994e+000
      vertex   -3.002463e+001 4.588014e+000 -8.875007e+000
      vertex   -2.958835e+001 4.406955e+000 -8.875007e+000
    endloop
  endfacet
  facet normal -2.967724e-002 -2.533877e-002 2.932319e-007
    outer loop
      vertex   -3.108917e+001 5.497500e+000 3.124994e+000
      vertex   -3.108833e+001 5.496367e+000 -8.875007e+000
      vertex   -3.078403e+001 5.139967e+000 -8.875007e+000
    endloop
  endfacet
  facet normal -2.557995e-002 -2.994083e-002 -1.134545e-006
    outer loop
      vertex   -3.078344e+001 5.139007e+000 3.124994e+000
      vertex   -3.078403e+001 5.139967e+000 -8.875007e+000
      vertex   -3.042446e+001 4.832770e+000 -8.875007e+000
    endloop
  endfacet
  facet normal -2.038076e-002 -3.329400e-002 5.498483e-007
    outer loop
      vertex   -3.042495e+001 4.833266e+000 3.124994e+000
      vertex   -3.042446e+001 4.832770e+000 -8.875007e+000
      vertex   -3.002463e+001 4.588014e+000 -8.875007e+000
    endloop
  endfacet
  facet normal -7.608705e-001 -6.489038e-001 -1.441494e-005
    outer loop
      vertex   -3.078344e+001 5.139007e+000 3.124994e+000
      vertex   -3.108917e+001 5.497500e+000 3.124994e+000
      vertex   -3.078403e+001 5.139967e+000 -8.875007e+000
    endloop
  endfacet
  facet normal -5.228533e-001 -8.524227e-001 -2.084995e-005
    outer loop
      vertex   -3.002479e+001 4.587820e+000 3.124994e+000
      vertex   -3.042495e+001 4.833266e+000 3.124994e+000
      vertex   -3.002463e+001 4.588014e+000 -8.875007e+000
    endloop
  endfacet
  facet normal -6.489097e-001 -7.608654e-001 5.142377e-006
    outer loop
      vertex   -3.042495e+001 4.833266e+000 3.124994e+000
      vertex   -3.078344e+001 5.139007e+000 3.124994e+000
      vertex   -3.042446e+001 4.832770e+000 -8.875007e+000
    endloop
  endfacet
  facet normal 2.233139e-003 -2.783251e-002 0.000000e+000
    outer loop
      vertex   -2.866212e+001 4.260327e+000 8.124994e+000
      vertex   -2.866212e+001 4.260327e+000 3.124994e+000
      vertex   -2.818878e+001 4.298305e+000 -8.875007e+000
    endloop
  endfacet
  facet normal 7.991536e-002 -9.960171e-001 4.336809e-019
    outer loop
      vertex   -2.818878e+001 4.298305e+000 -8.875007e+000
      vertex   -2.866212e+001 4.260327e+000 3.124994e+000
      vertex   -2.866212e+001 4.260327e+000 -8.875007e+000
    endloop
  endfacet
  facet normal 7.991696e-002 -9.960170e-001 4.336809e-019
    outer loop
      vertex   -7.718879e+001 4.298305e+000 -8.875007e+000
      vertex   -7.766212e+001 4.260327e+000 3.124994e+000
      vertex   -7.766212e+001 4.260327e+000 -8.875007e+000
    endloop
  endfacet
  facet normal -7.944857e-002 -9.968390e-001 -0.000000e+000
    outer loop
      vertex   -7.766212e+001 4.260327e+000 8.124994e+000
      vertex   -7.813434e+001 4.297963e+000 8.124994e+000
      vertex   -7.766212e+001 4.260327e+000 3.124994e+000
    endloop
  endfacet
  facet normal -7.493698e-003 -9.402322e-002 -0.000000e+000
    outer loop
      vertex   -7.766212e+001 4.260327e+000 3.124994e+000
      vertex   -7.813434e+001 4.297963e+000 8.124994e+000
      vertex   -7.766212e+001 4.260327e+000 -8.875007e+000
    endloop
  endfacet
  facet normal 4.774302e-004 -9.999949e-001 -3.146000e-003
    outer loop
      vertex   -7.719270e+001 4.260551e+000 3.124994e+000
      vertex   -7.766212e+001 4.260327e+000 3.124994e+000
      vertex   -7.718879e+001 4.298305e+000 -8.875007e+000
    endloop
  endfacet
  facet normal 9.046912e-003 -3.771167e-002 -1.156967e-004
    outer loop
      vertex   -7.719270e+001 4.260551e+000 3.124994e+000
      vertex   -7.718879e+001 4.298305e+000 -8.875007e+000
      vertex   -7.673589e+001 4.406955e+000 -8.875007e+000
    endloop
  endfacet
  facet normal -7.997822e-002 -9.967966e-001 -1.480647e-005
    outer loop
      vertex   -7.813545e+001 4.298305e+000 -8.875007e+000
      vertex   -7.766212e+001 4.260327e+000 -8.875007e+000
      vertex   -7.813434e+001 4.297963e+000 8.124994e+000
    endloop
  endfacet
  facet normal 3.053434e-001 -9.522423e-001 6.159502e-006
    outer loop
      vertex   -7.673593e+001 4.407018e+000 3.124994e+000
      vertex   -7.719270e+001 4.260551e+000 3.124994e+000
      vertex   -7.673589e+001 4.406955e+000 -8.875007e+000
    endloop
  endfacet
  facet normal 2.038081e-002 -3.329344e-002 -8.235166e-007
    outer loop
      vertex   -7.629944e+001 4.587820e+000 3.124994e+000
      vertex   -7.629961e+001 4.588014e+000 -8.875007e+000
      vertex   -7.589978e+001 4.832770e+000 -8.875007e+000
    endloop
  endfacet
  facet normal 5.228642e-001 -8.524160e-001 1.395145e-005
    outer loop
      vertex   -7.589929e+001 4.833266e+000 3.124994e+000
      vertex   -7.629944e+001 4.587820e+000 3.124994e+000
      vertex   -7.589978e+001 4.832770e+000 -8.875007e+000
    endloop
  endfacet
  facet normal 1.507656e-002 -3.632847e-002 2.480629e-007
    outer loop
      vertex   -7.673593e+001 4.407018e+000 3.124994e+000
      vertex   -7.673589e+001 4.406955e+000 -8.875007e+000
      vertex   -7.629961e+001 4.588014e+000 -8.875007e+000
    endloop
  endfacet
  facet normal 3.826845e-001 -9.238791e-001 -2.029434e-005
    outer loop
      vertex   -7.629944e+001 4.587820e+000 3.124994e+000
      vertex   -7.673593e+001 4.407018e+000 3.124994e+000
      vertex   -7.629961e+001 4.588014e+000 -8.875007e+000
    endloop
  endfacet
  facet normal 2.557992e-002 -2.994127e-002 1.965000e-007
    outer loop
      vertex   -7.589929e+001 4.833266e+000 3.124994e+000
      vertex   -7.589978e+001 4.832770e+000 -8.875007e+000
      vertex   -7.554021e+001 5.139967e+000 -8.875007e+000
    endloop
  endfacet
  facet normal 6.489017e-001 -7.608722e-001 -2.909457e-005
    outer loop
      vertex   -7.554079e+001 5.139007e+000 3.124994e+000
      vertex   -7.589929e+001 4.833266e+000 3.124994e+000
      vertex   -7.554021e+001 5.139967e+000 -8.875007e+000
    endloop
  endfacet
  facet normal 7.608685e-001 -6.489061e-001 7.060197e-006
    outer loop
      vertex   -7.523505e+001 5.497500e+000 3.124994e+000
      vertex   -7.554079e+001 5.139007e+000 3.124994e+000
      vertex   -7.523591e+001 5.496367e+000 -8.875007e+000
    endloop
  endfacet
  facet normal 2.967731e-002 -2.533879e-002 -5.739745e-007
    outer loop
      vertex   -7.554079e+001 5.139007e+000 3.124994e+000
      vertex   -7.554021e+001 5.139967e+000 -8.875007e+000
      vertex   -7.523591e+001 5.496367e+000 -8.875007e+000
    endloop
  endfacet
  facet normal -2.331907e-001 -9.720454e-001 4.331570e-006
    outer loop
      vertex   -7.813545e+001 4.298305e+000 -8.875007e+000
      vertex   -7.858830e+001 4.407018e+000 8.124994e+000
      vertex   -7.858836e+001 4.406955e+000 -8.875007e+000
    endloop
  endfacet
  facet normal 1.063130e-002 -2.566581e-002 -3.967756e-007
    outer loop
      vertex   -2.729961e+001 4.588014e+000 -8.875007e+000
      vertex   -2.729944e+001 4.587820e+000 8.124994e+000
      vertex   -2.773593e+001 4.407018e+000 8.124994e+000
    endloop
  endfacet
  facet normal 5.218954e-001 -8.525640e-001 -1.482720e-005
    outer loop
      vertex   -2.689977e+001 4.832770e+000 -8.875007e+000
      vertex   -2.729944e+001 4.587820e+000 8.124994e+000
      vertex   -2.729961e+001 4.588014e+000 -8.875007e+000
    endloop
  endfacet
  facet normal 1.443253e-002 -2.352942e-002 2.734639e-007
    outer loop
      vertex   -2.689977e+001 4.832770e+000 -8.875007e+000
      vertex   -2.689929e+001 4.833266e+000 8.124994e+000
      vertex   -2.729944e+001 4.587820e+000 8.124994e+000
    endloop
  endfacet
  facet normal 6.493140e-001 -7.600133e-001 3.593491e-006
    outer loop
      vertex   -2.654021e+001 5.139967e+000 -8.875007e+000
      vertex   -2.689929e+001 4.833266e+000 8.124994e+000
      vertex   -2.689977e+001 4.832770e+000 -8.875007e+000
    endloop
  endfacet
  facet normal 1.797782e-002 -2.107963e-002 -5.649340e-007
    outer loop
      vertex   -2.654021e+001 5.139967e+000 -8.875007e+000
      vertex   -2.654080e+001 5.139007e+000 8.124994e+000
      vertex   -2.689929e+001 4.833266e+000 8.124994e+000
    endloop
  endfacet
  facet normal 7.602169e-001 -6.490819e-001 -1.020804e-005
    outer loop
      vertex   -2.623591e+001 5.496367e+000 -8.875007e+000
      vertex   -2.654080e+001 5.139007e+000 8.124994e+000
      vertex   -2.654021e+001 5.139967e+000 -8.875007e+000
    endloop
  endfacet
  facet normal 2.107977e-002 -1.797775e-002 1.456640e-007
    outer loop
      vertex   -2.623591e+001 5.496367e+000 -8.875007e+000
      vertex   -2.623506e+001 5.497500e+000 8.124994e+000
      vertex   -2.654080e+001 5.139007e+000 8.124994e+000
    endloop
  endfacet
  facet normal -1.000000e+000 0.000000e+000 0.000000e+000
    outer loop
      vertex   -3.166212e+001 1.026033e+001 8.124994e+000
      vertex   -3.166212e+001 6.226033e+001 8.124994e+000
      vertex   -3.166212e+001 1.026033e+001 5.124994e+000
    endloop
  endfacet
  facet normal -5.759655e-002 0.000000e+000 0.000000e+000
    outer loop
      vertex   -3.166212e+001 1.026033e+001 5.124994e+000
      vertex   -3.166212e+001 6.226033e+001 8.124994e+000
      vertex   -3.166212e+001 6.226033e+001 5.124994e+000
    endloop
  endfacet
  facet normal 0.000000e+000 1.000000e+000 0.000000e+000
    outer loop
      vertex   -5.126105e+001 9.868276e+000 8.124994e+000
      vertex   -5.126105e+001 9.868276e+000 6.124994e+000
      vertex   -5.776212e+001 9.868276e+000 8.124994e+000
    endloop
  endfacet
  facet normal 0.000000e+000 9.557927e-001 0.000000e+000
    outer loop
      vertex   -5.776212e+001 9.868276e+000 8.124994e+000
      vertex   -5.126105e+001 9.868276e+000 6.124994e+000
      vertex   -5.776212e+001 9.868276e+000 6.124994e+000
    endloop
  endfacet
  facet normal -1.381933e-002 9.999045e-001 0.000000e+000
    outer loop
      vertex   -2.566212e+001 1.026033e+001 3.124994e+000
      vertex   -2.820642e+001 1.022516e+001 3.124994e+000
      vertex   -2.566212e+001 1.026033e+001 5.124994e+000
    endloop
  endfacet
  facet normal 6.026763e-003 7.810307e-002 -9.040151e-003
    outer loop
      vertex   -2.566212e+001 1.026033e+001 5.124994e+000
      vertex   -2.820642e+001 1.022516e+001 3.124994e+000
      vertex   -2.866212e+001 1.026033e+001 3.124994e+000
    endloop
  endfacet
  facet normal 0.000000e+000 5.546999e-001 0.000000e+000
    outer loop
      vertex   -2.566212e+001 1.026033e+001 5.124994e+000
      vertex   -2.866212e+001 1.026033e+001 3.124994e+000
      vertex   -3.166212e+001 1.026033e+001 5.124994e+000
    endloop
  endfacet
  facet normal -5.798559e-003 7.712606e-002 -8.697845e-003
    outer loop
      vertex   -3.166212e+001 1.026033e+001 5.124994e+000
      vertex   -2.866212e+001 1.026033e+001 3.124994e+000
      vertex   -2.911268e+001 1.022645e+001 3.124994e+000
    endloop
  endfacet
  facet normal -1.745594e-005 6.511109e-001 -1.105028e-002
    outer loop
      vertex   -3.166212e+001 1.026033e+001 5.124994e+000
      vertex   -2.911268e+001 1.022645e+001 3.124994e+000
      vertex   -7.720642e+001 1.022516e+001 3.124994e+000
    endloop
  endfacet
  facet normal 4.267668e-002 5.530560e-001 -6.401476e-002
    outer loop
      vertex   -7.766212e+001 1.026033e+001 3.124994e+000
      vertex   -7.466212e+001 1.026033e+001 5.124994e+000
      vertex   -7.720642e+001 1.022516e+001 3.124994e+000
    endloop
  endfacet
  facet normal 5.635104e-004 4.880999e-001 -9.298383e-003
    outer loop
      vertex   -7.720642e+001 1.022516e+001 3.124994e+000
      vertex   -7.466212e+001 1.026033e+001 5.124994e+000
      vertex   -5.816212e+001 1.026033e+001 6.124994e+000
    endloop
  endfacet
  facet normal 5.681834e-009 4.111543e-002 -4.819621e-004
    outer loop
      vertex   -7.720642e+001 1.022516e+001 3.124994e+000
      vertex   -5.816212e+001 1.026033e+001 6.124994e+000
      vertex   -5.126105e+001 1.026033e+001 6.124994e+000
    endloop
  endfacet
  facet normal 8.816721e-008 5.547001e-001 1.322508e-007
    outer loop
      vertex   -7.466212e+001 1.026033e+001 5.124994e+000
      vertex   -7.766212e+001 1.026033e+001 3.124994e+000
      vertex   -8.066212e+001 1.026033e+001 5.124994e+000
    endloop
  endfacet
  facet normal -5.798554e-003 7.712469e-002 -8.697831e-003
    outer loop
      vertex   -8.066212e+001 1.026033e+001 5.124994e+000
      vertex   -7.766212e+001 1.026033e+001 3.124994e+000
      vertex   -7.811267e+001 1.022645e+001 3.124994e+000
    endloop
  endfacet
  facet normal 1.045349e-002 7.867454e-001 0.000000e+000
    outer loop
      vertex   -8.066212e+001 1.026033e+001 5.124994e+000
      vertex   -7.811267e+001 1.022645e+001 3.124994e+000
      vertex   -8.066212e+001 1.026033e+001 3.124994e+000
    endloop
  endfacet
  facet normal -7.692346e-008 9.981685e-001 3.173092e-007
    outer loop
      vertex   -7.466212e+001 1.026033e+001 5.124994e+000
      vertex   -7.466212e+001 1.026033e+001 8.124994e+000
      vertex   -5.816212e+001 1.026033e+001 6.124994e+000
    endloop
  endfacet
  facet normal -5.737801e-008 9.932042e-001 4.738248e-007
    outer loop
      vertex   -5.816212e+001 1.026033e+001 6.124994e+000
      vertex   -7.466212e+001 1.026033e+001 8.124994e+000
      vertex   -5.815417e+001 1.026033e+001 8.124994e+000
    endloop
  endfacet
  facet normal -0.000000e+000 1.000000e+000 0.000000e+000
    outer loop
      vertex   -5.126105e+001 1.026033e+001 8.124994e+000
      vertex   -3.166212e+001 1.026033e+001 8.124994e+000
      vertex   -5.126105e+001 1.026033e+001 6.124994e+000
    endloop
  endfacet
  facet normal -4.933456e-009 1.520810e-001 4.834523e-008
    outer loop
      vertex   -5.126105e+001 1.026033e+001 6.124994e+000
      vertex   -3.166212e+001 1.026033e+001 8.124994e+000
      vertex   -3.166212e+001 1.026033e+001 5.124994e+000
    endloop
  endfacet
  facet normal -6.860872e-005 1.653326e-001 -1.344499e-003
    outer loop
      vertex   -5.126105e+001 1.026033e+001 6.124994e+000
      vertex   -3.166212e+001 1.026033e+001 5.124994e+000
      vertex   -7.720642e+001 1.022516e+001 3.124994e+000
    endloop
  endfacet
  facet normal 1.382231e-002 -9.999045e-001 0.000000e+000
    outer loop
      vertex   -8.066212e+001 6.226033e+001 3.124994e+000
      vertex   -7.811781e+001 6.229550e+001 3.124994e+000
      vertex   -8.066212e+001 6.226033e+001 5.124994e+000
    endloop
  endfacet
  facet normal -6.028067e-003 -7.810204e-002 -9.042102e-003
    outer loop
      vertex   -8.066212e+001 6.226033e+001 5.124994e+000
      vertex   -7.811781e+001 6.229550e+001 3.124994e+000
      vertex   -7.766212e+001 6.226033e+001 3.124994e+000
    endloop
  endfacet
  facet normal 0.000000e+000 -5.547001e-001 0.000000e+000
    outer loop
      vertex   -8.066212e+001 6.226033e+001 5.124994e+000
      vertex   -7.766212e+001 6.226033e+001 3.124994e+000
      vertex   -7.466212e+001 6.226033e+001 5.124994e+000
    endloop
  endfacet
  facet normal 5.799206e-003 -7.712468e-002 -8.698811e-003
    outer loop
      vertex   -7.466212e+001 6.226033e+001 5.124994e+000
      vertex   -7.766212e+001 6.226033e+001 3.124994e+000
      vertex   -7.721156e+001 6.229420e+001 3.124994e+000
    endloop
  endfacet
  facet normal 1.750756e-005 -6.511101e-001 -1.105158e-002
    outer loop
      vertex   -7.466212e+001 6.226033e+001 5.124994e+000
      vertex   -7.721156e+001 6.229420e+001 3.124994e+000
      vertex   -2.911782e+001 6.229550e+001 3.124994e+000
    endloop
  endfacet
  facet normal 0.000000e+000 -4.387099e-002 -7.715045e-004
    outer loop
      vertex   -7.466212e+001 6.226033e+001 5.124994e+000
      vertex   -2.911782e+001 6.229550e+001 3.124994e+000
      vertex   -3.166212e+001 6.226033e+001 5.124994e+000
    endloop
  endfacet
  facet normal -6.028068e-003 -7.810270e-002 -9.042108e-003
    outer loop
      vertex   -3.166212e+001 6.226033e+001 5.124994e+000
      vertex   -2.911782e+001 6.229550e+001 3.124994e+000
      vertex   -2.866212e+001 6.226033e+001 3.124994e+000
    endloop
  endfacet
  facet normal 0.000000e+000 -5.546999e-001 0.000000e+000
    outer loop
      vertex   -3.166212e+001 6.226033e+001 5.124994e+000
      vertex   -2.866212e+001 6.226033e+001 3.124994e+000
      vertex   -2.566212e+001 6.226033e+001 5.124994e+000
    endloop
  endfacet
  facet normal 5.799207e-003 -7.712533e-002 -8.698816e-003
    outer loop
      vertex   -2.566212e+001 6.226033e+001 5.124994e+000
      vertex   -2.866212e+001 6.226033e+001 3.124994e+000
      vertex   -2.821156e+001 6.229420e+001 3.124994e+000
    endloop
  endfacet
  facet normal -1.045467e-002 -7.867451e-001 -0.000000e+000
    outer loop
      vertex   -2.566212e+001 6.226033e+001 5.124994e+000
      vertex   -2.821156e+001 6.229420e+001 3.124994e+000
      vertex   -2.566212e+001 6.226033e+001 3.124994e+000
    endloop
  endfacet
  facet normal 0.000000e+000 -1.000000e+000 0.000000e+000
    outer loop
      vertex   -3.166212e+001 6.226033e+001 5.124994e+000
      vertex   -3.166212e+001 6.226033e+001 8.124994e+000
      vertex   -7.466212e+001 6.226033e+001 5.124994e+000
    endloop
  endfacet
  facet normal 0.000000e+000 -9.975751e-001 0.000000e+000
    outer loop
      vertex   -7.466212e+001 6.226033e+001 5.124994e+000
      vertex   -3.166212e+001 6.226033e+001 8.124994e+000
      vertex   -7.466212e+001 6.226033e+001 8.124994e+000
    endloop
  endfacet
  facet normal 0.000000e+000 0.000000e+000 -1.000000e+000
    outer loop
      vertex   -8.066212e+001 6.226033e+001 5.124994e+000
      vertex   -7.466212e+001 6.226033e+001 5.124994e+000
      vertex   -8.066212e+001 1.026033e+001 5.124994e+000
    endloop
  endfacet
  facet normal 0.000000e+000 0.000000e+000 -9.934090e-001
    outer loop
      vertex   -8.066212e+001 1.026033e+001 5.124994e+000
      vertex   -7.466212e+001 6.226033e+001 5.124994e+000
      vertex   -7.466212e+001 1.026033e+001 5.124994e+000
    endloop
  endfacet
  facet normal 1.000000e+000 -0.000000e+000 0.000000e+000
    outer loop
      vertex   -7.466212e+001 1.026033e+001 8.124994e+000
      vertex   -7.466212e+001 1.026033e+001 5.124994e+000
      vertex   -7.466212e+001 6.226033e+001 8.124994e+000
    endloop
  endfacet
  facet normal 9.983400e-001 0.000000e+000 0.000000e+000
    outer loop
      vertex   -7.466212e+001 6.226033e+001 8.124994e+000
      vertex   -7.466212e+001 1.026033e+001 5.124994e+000
      vertex   -7.466212e+001 6.226033e+001 5.124994e+000
    endloop
  endfacet
endsolid
