solid ascii
  facet normal -9.982437e-001 5.924127e-002 0.000000e+000
    outer loop
      vertex   2.908008e+000 1.845255e+001 -5.000004e-001
      vertex   2.908008e+000 1.845255e+001 2.500000e+000
      vertex   2.919098e+000 1.863942e+001 -5.000004e-001
    endloop
  endfacet
  facet normal -6.216991e-002 3.689504e-003 0.000000e+000
    outer loop
      vertex   2.919098e+000 1.863942e+001 -5.000004e-001
      vertex   2.908008e+000 1.845255e+001 2.500000e+000
      vertex   2.919098e+000 1.863942e+001 2.500000e+000
    endloop
  endfacet
  facet normal -9.982436e-001 -5.924187e-002 0.000000e+000
    outer loop
      vertex   2.919098e+000 1.863942e+001 -5.000004e-001
      vertex   2.919098e+000 1.863942e+001 2.500000e+000
      vertex   2.908008e+000 1.882629e+001 -5.000004e-001
    endloop
  endfacet
  facet normal -6.216927e-002 -3.689504e-003 0.000000e+000
    outer loop
      vertex   2.908008e+000 1.882629e+001 -5.000004e-001
      vertex   2.919098e+000 1.863942e+001 2.500000e+000
      vertex   2.908008e+000 1.882629e+001 2.500000e+000
    endloop
  endfacet
  facet normal -9.842308e-001 -1.768890e-001 0.000000e+000
    outer loop
      vertex   2.908008e+000 1.882629e+001 -5.000004e-001
      vertex   2.908008e+000 1.882629e+001 2.500000e+000
      vertex   2.874894e+000 1.901054e+001 -5.000004e-001
    endloop
  endfacet
  facet normal -6.129740e-002 -1.101656e-002 0.000000e+000
    outer loop
      vertex   2.874894e+000 1.901054e+001 -5.000004e-001
      vertex   2.908008e+000 1.882629e+001 2.500000e+000
      vertex   2.874894e+000 1.901054e+001 2.500000e+000
    endloop
  endfacet
  facet normal -9.564006e-001 -2.920582e-001 0.000000e+000
    outer loop
      vertex   2.874894e+000 1.901054e+001 -5.000004e-001
      vertex   2.874894e+000 1.901054e+001 2.500000e+000
      vertex   2.820221e+000 1.918958e+001 -5.000004e-001
    endloop
  endfacet
  facet normal -5.956318e-002 -1.818894e-002 0.000000e+000
    outer loop
      vertex   2.820221e+000 1.918958e+001 -5.000004e-001
      vertex   2.874894e+000 1.901054e+001 2.500000e+000
      vertex   2.820221e+000 1.918958e+001 2.500000e+000
    endloop
  endfacet
  facet normal -9.151459e-001 -4.031228e-001 0.000000e+000
    outer loop
      vertex   2.820221e+000 1.918958e+001 -5.000004e-001
      vertex   2.820221e+000 1.918958e+001 2.500000e+000
      vertex   2.744756e+000 1.936090e+001 -5.000004e-001
    endloop
  endfacet
  facet normal -5.699453e-002 -2.510616e-002 0.000000e+000
    outer loop
      vertex   2.744756e+000 1.936090e+001 -5.000004e-001
      vertex   2.820221e+000 1.918958e+001 2.500000e+000
      vertex   2.744756e+000 1.936090e+001 2.500000e+000
    endloop
  endfacet
  facet normal -8.610442e-001 -5.085300e-001 0.000000e+000
    outer loop
      vertex   2.744756e+000 1.936090e+001 -5.000004e-001
      vertex   2.744756e+000 1.936090e+001 2.500000e+000
      vertex   2.649559e+000 1.952208e+001 -5.000004e-001
    endloop
  endfacet
  facet normal -5.362507e-002 -3.167080e-002 0.000000e+000
    outer loop
      vertex   2.649559e+000 1.952208e+001 -5.000004e-001
      vertex   2.744756e+000 1.936090e+001 2.500000e+000
      vertex   2.649559e+000 1.952208e+001 2.500000e+000
    endloop
  endfacet
  facet normal -7.948529e-001 -6.068023e-001 0.000000e+000
    outer loop
      vertex   2.649559e+000 1.952208e+001 -5.000004e-001
      vertex   2.649559e+000 1.952208e+001 2.500000e+000
      vertex   2.535966e+000 1.967088e+001 -5.000004e-001
    endloop
  endfacet
  facet normal -4.950241e-002 -3.779086e-002 0.000000e+000
    outer loop
      vertex   2.535966e+000 1.967088e+001 -5.000004e-001
      vertex   2.649559e+000 1.952208e+001 2.500000e+000
      vertex   2.535966e+000 1.967088e+001 2.500000e+000
    endloop
  endfacet
  facet normal -7.175065e-001 -6.965519e-001 0.000000e+000
    outer loop
      vertex   2.535966e+000 1.967088e+001 -5.000004e-001
      vertex   2.535966e+000 1.967088e+001 2.500000e+000
      vertex   2.405571e+000 1.980520e+001 -5.000004e-001
    endloop
  endfacet
  facet normal -4.468555e-002 -4.338052e-002 0.000000e+000
    outer loop
      vertex   2.405571e+000 1.980520e+001 -5.000004e-001
      vertex   2.535966e+000 1.967088e+001 2.500000e+000
      vertex   2.405571e+000 1.980520e+001 2.500000e+000
    endloop
  endfacet
  facet normal -6.300931e-001 -7.765196e-001 0.000000e+000
    outer loop
      vertex   2.405571e+000 1.980520e+001 -5.000004e-001
      vertex   2.405571e+000 1.980520e+001 2.500000e+000
      vertex   2.260206e+000 1.992315e+001 -5.000004e-001
    endloop
  endfacet
  facet normal -3.924176e-002 -4.836110e-002 0.000000e+000
    outer loop
      vertex   2.260206e+000 1.992315e+001 -5.000004e-001
      vertex   2.405571e+000 1.980520e+001 2.500000e+000
      vertex   2.260206e+000 1.992315e+001 2.500000e+000
    endloop
  endfacet
  facet normal -5.338220e-001 -8.455968e-001 0.000000e+000
    outer loop
      vertex   2.260206e+000 1.992315e+001 -5.000004e-001
      vertex   2.260206e+000 1.992315e+001 2.500000e+000
      vertex   2.101909e+000 2.002308e+001 -5.000004e-001
    endloop
  endfacet
  facet normal -3.324591e-002 -5.266294e-002 0.000000e+000
    outer loop
      vertex   2.101909e+000 2.002308e+001 -5.000004e-001
      vertex   2.260206e+000 1.992315e+001 2.500000e+000
      vertex   2.101909e+000 2.002308e+001 2.500000e+000
    endloop
  endfacet
  facet normal -4.300607e-001 -9.028000e-001 0.000000e+000
    outer loop
      vertex   2.101909e+000 2.002308e+001 -5.000004e-001
      vertex   2.101909e+000 2.002308e+001 2.500000e+000
      vertex   1.932905e+000 2.010359e+001 -5.000004e-001
    endloop
  endfacet
  facet normal -2.678367e-002 -5.622530e-002 0.000000e+000
    outer loop
      vertex   1.932905e+000 2.010359e+001 -5.000004e-001
      vertex   2.101909e+000 2.002308e+001 2.500000e+000
      vertex   1.932905e+000 2.010359e+001 2.500000e+000
    endloop
  endfacet
  facet normal -3.202744e-001 -9.473248e-001 0.000000e+000
    outer loop
      vertex   1.932905e+000 2.010359e+001 -5.000004e-001
      vertex   1.932905e+000 2.010359e+001 2.500000e+000
      vertex   1.755566e+000 2.016355e+001 -5.000004e-001
    endloop
  endfacet
  facet normal -1.994640e-002 -5.899855e-002 0.000000e+000
    outer loop
      vertex   1.755566e+000 2.016355e+001 -5.000004e-001
      vertex   1.932905e+000 2.010359e+001 2.500000e+000
      vertex   1.755566e+000 2.016355e+001 2.500000e+000
    endloop
  endfacet
  facet normal -2.059770e-001 -9.785568e-001 0.000000e+000
    outer loop
      vertex   1.755566e+000 2.016355e+001 -5.000004e-001
      vertex   1.755566e+000 2.016355e+001 2.500000e+000
      vertex   1.572379e+000 2.020210e+001 -5.000004e-001
    endloop
  endfacet
  facet normal -1.282804e-002 -6.094352e-002 0.000000e+000
    outer loop
      vertex   1.572379e+000 2.020210e+001 -5.000004e-001
      vertex   1.755566e+000 2.016355e+001 2.500000e+000
      vertex   1.572379e+000 2.020210e+001 2.500000e+000
    endloop
  endfacet
  facet normal -8.879549e-002 -9.960499e-001 0.000000e+000
    outer loop
      vertex   1.572379e+000 2.020210e+001 -5.000004e-001
      vertex   1.572379e+000 2.020210e+001 2.500000e+000
      vertex   1.385918e+000 2.021873e+001 -5.000004e-001
    endloop
  endfacet
  facet normal -5.530092e-003 -6.203296e-002 0.000000e+000
    outer loop
      vertex   1.385918e+000 2.021873e+001 -5.000004e-001
      vertex   1.572379e+000 2.020210e+001 2.500000e+000
      vertex   1.385918e+000 2.021873e+001 2.500000e+000
    endloop
  endfacet
  facet normal 2.962906e-002 -9.995610e-001 0.000000e+000
    outer loop
      vertex   1.385918e+000 2.021873e+001 -5.000004e-001
      vertex   1.385918e+000 2.021873e+001 2.500000e+000
      vertex   1.198800e+000 2.021318e+001 -5.000004e-001
    endloop
  endfacet
  facet normal 1.845268e-003 -6.225165e-002 0.000000e+000
    outer loop
      vertex   1.198800e+000 2.021318e+001 -5.000004e-001
      vertex   1.385918e+000 2.021873e+001 2.500000e+000
      vertex   1.198800e+000 2.021318e+001 2.500000e+000
    endloop
  endfacet
  facet normal 1.476460e-001 -9.890403e-001 0.000000e+000
    outer loop
      vertex   1.198800e+000 2.021318e+001 -5.000004e-001
      vertex   1.198800e+000 2.021318e+001 2.500000e+000
      vertex   1.013652e+000 2.018554e+001 -5.000004e-001
    endloop
  endfacet
  facet normal 9.195245e-003 -6.159643e-002 0.000000e+000
    outer loop
      vertex   1.013652e+000 2.018554e+001 -5.000004e-001
      vertex   1.198800e+000 2.021318e+001 2.500000e+000
      vertex   1.013652e+000 2.018554e+001 2.500000e+000
    endloop
  endfacet
  facet normal 2.635941e-001 -9.646337e-001 0.000000e+000
    outer loop
      vertex   1.013652e+000 2.018554e+001 -5.000004e-001
      vertex   1.013652e+000 2.018554e+001 2.500000e+000
      vertex   8.330715e-001 2.013620e+001 -5.000004e-001
    endloop
  endfacet
  facet normal 1.641641e-002 -6.007653e-002 0.000000e+000
    outer loop
      vertex   8.330715e-001 2.013620e+001 -5.000004e-001
      vertex   1.013652e+000 2.018554e+001 2.500000e+000
      vertex   8.330715e-001 2.013620e+001 2.500000e+000
    endloop
  endfacet
  facet normal 3.758247e-001 -9.266908e-001 0.000000e+000
    outer loop
      vertex   8.330715e-001 2.013620e+001 -5.000004e-001
      vertex   8.330715e-001 2.013620e+001 2.500000e+000
      vertex   6.595948e-001 2.006584e+001 -5.000004e-001
    endloop
  endfacet
  facet normal 2.340596e-002 -5.771331e-002 0.000000e+000
    outer loop
      vertex   6.595948e-001 2.006584e+001 -5.000004e-001
      vertex   8.330715e-001 2.013620e+001 2.500000e+000
      vertex   6.595948e-001 2.006584e+001 2.500000e+000
    endloop
  endfacet
  facet normal 4.827957e-001 -8.757330e-001 0.000000e+000
    outer loop
      vertex   6.595948e-001 2.006584e+001 -5.000004e-001
      vertex   6.595948e-001 2.006584e+001 2.500000e+000
      vertex   4.956569e-001 1.997546e+001 -5.000004e-001
    endloop
  endfacet
  facet normal 3.006809e-002 -5.453989e-002 0.000000e+000
    outer loop
      vertex   4.956569e-001 1.997546e+001 -5.000004e-001
      vertex   6.595948e-001 2.006584e+001 2.500000e+000
      vertex   4.956569e-001 1.997546e+001 2.500000e+000
    endloop
  endfacet
  facet normal 5.829752e-001 -8.124899e-001 0.000000e+000
    outer loop
      vertex   4.956569e-001 1.997546e+001 -5.000004e-001
      vertex   4.956569e-001 1.997546e+001 2.500000e+000
      vertex   3.435590e-001 1.986633e+001 -5.000004e-001
    endloop
  endfacet
  facet normal 3.630697e-002 -5.060087e-002 0.000000e+000
    outer loop
      vertex   3.435590e-001 1.986633e+001 -5.000004e-001
      vertex   4.956569e-001 1.997546e+001 2.500000e+000
      vertex   3.435590e-001 1.986633e+001 2.500000e+000
    endloop
  endfacet
  facet normal 6.749858e-001 -7.378308e-001 0.000000e+000
    outer loop
      vertex   3.435590e-001 1.986633e+001 -5.000004e-001
      vertex   3.435590e-001 1.986633e+001 2.500000e+000
      vertex   2.054363e-001 1.973997e+001 -5.000004e-001
    endloop
  endfacet
  facet normal 4.203758e-002 -4.595152e-002 0.000000e+000
    outer loop
      vertex   2.054363e-001 1.973997e+001 -5.000004e-001
      vertex   3.435590e-001 1.986633e+001 2.500000e+000
      vertex   2.054363e-001 1.973997e+001 2.500000e+000
    endloop
  endfacet
  facet normal 7.575095e-001 -6.528241e-001 0.000000e+000
    outer loop
      vertex   2.054363e-001 1.973997e+001 -5.000004e-001
      vertex   2.054363e-001 1.973997e+001 2.500000e+000
      vertex   8.322780e-002 1.959817e+001 -5.000004e-001
    endloop
  endfacet
  facet normal 4.717679e-002 -4.065711e-002 0.000000e+000
    outer loop
      vertex   8.322780e-002 1.959817e+001 -5.000004e-001
      vertex   2.054363e-001 1.973997e+001 2.500000e+000
      vertex   8.322780e-002 1.959817e+001 2.500000e+000
    endloop
  endfacet
  facet normal 8.294069e-001 -5.586450e-001 0.000000e+000
    outer loop
      vertex   8.322780e-002 1.959817e+001 -5.000004e-001
      vertex   8.322780e-002 1.959817e+001 2.500000e+000
      vertex   -2.135109e-002 1.944290e+001 -5.000004e-001
    endloop
  endfacet
  facet normal 5.165480e-002 -3.479196e-002 0.000000e+000
    outer loop
      vertex   -2.135109e-002 1.944290e+001 -5.000004e-001
      vertex   8.322780e-002 1.959817e+001 2.500000e+000
      vertex   -2.135109e-002 1.944290e+001 2.500000e+000
    endloop
  endfacet
  facet normal 8.896569e-001 -4.566296e-001 0.000000e+000
    outer loop
      vertex   -2.135109e-002 1.944290e+001 -5.000004e-001
      vertex   -2.135109e-002 1.944290e+001 2.500000e+000
      vertex   -1.068323e-001 1.927636e+001 -5.000004e-001
    endloop
  endfacet
  facet normal 5.540689e-002 -2.843841e-002 0.000000e+000
    outer loop
      vertex   -1.068323e-001 1.927636e+001 -5.000004e-001
      vertex   -2.135109e-002 1.944290e+001 2.500000e+000
      vertex   -1.068323e-001 1.927636e+001 2.500000e+000
    endloop
  endfacet
  facet normal 9.374198e-001 -3.482012e-001 0.000000e+000
    outer loop
      vertex   -1.068323e-001 1.927636e+001 -5.000004e-001
      vertex   -1.068323e-001 1.927636e+001 2.500000e+000
      vertex   -1.720157e-001 1.910087e+001 -5.000004e-001
    endloop
  endfacet
  facet normal 5.838165e-002 -2.168565e-002 0.000000e+000
    outer loop
      vertex   -1.720157e-001 1.910087e+001 -5.000004e-001
      vertex   -1.068323e-001 1.927636e+001 2.500000e+000
      vertex   -1.720157e-001 1.910087e+001 2.500000e+000
    endloop
  endfacet
  facet normal 9.720229e-001 -2.348862e-001 0.000000e+000
    outer loop
      vertex   -1.720157e-001 1.910087e+001 -5.000004e-001
      vertex   -1.720157e-001 1.910087e+001 2.500000e+000
      vertex   -2.159865e-001 1.891891e+001 -5.000004e-001
    endloop
  endfacet
  facet normal 6.053658e-002 -1.462847e-002 0.000000e+000
    outer loop
      vertex   -2.159865e-001 1.891891e+001 -5.000004e-001
      vertex   -1.720157e-001 1.910087e+001 2.500000e+000
      vertex   -2.159865e-001 1.891891e+001 2.500000e+000
    endloop
  endfacet
  facet normal 9.929811e-001 -1.182731e-001 0.000000e+000
    outer loop
      vertex   -2.159865e-001 1.891891e+001 -5.000004e-001
      vertex   -2.159865e-001 1.891891e+001 2.500000e+000
      vertex   -2.381273e-001 1.873302e+001 -5.000004e-001
    endloop
  endfacet
  facet normal 6.184185e-002 -7.365930e-003 0.000000e+000
    outer loop
      vertex   -2.381273e-001 1.873302e+001 -5.000004e-001
      vertex   -2.159865e-001 1.891891e+001 2.500000e+000
      vertex   -2.381273e-001 1.873302e+001 2.500000e+000
    endloop
  endfacet
  facet normal 1.000000e+000 0.000000e+000 -0.000000e+000
    outer loop
      vertex   -2.381273e-001 1.873302e+001 -5.000004e-001
      vertex   -2.381273e-001 1.873302e+001 2.500000e+000
      vertex   -2.381273e-001 1.854582e+001 -5.000004e-001
    endloop
  endfacet
  facet normal 6.227905e-002 0.000000e+000 0.000000e+000
    outer loop
      vertex   -2.381273e-001 1.854582e+001 -5.000004e-001
      vertex   -2.381273e-001 1.873302e+001 2.500000e+000
      vertex   -2.381273e-001 1.854582e+001 2.500000e+000
    endloop
  endfacet
  facet normal 9.929811e-001 1.182731e-001 -0.000000e+000
    outer loop
      vertex   -2.381273e-001 1.854582e+001 -5.000004e-001
      vertex   -2.381273e-001 1.854582e+001 2.500000e+000
      vertex   -2.159865e-001 1.835993e+001 -5.000004e-001
    endloop
  endfacet
  facet normal 6.184185e-002 7.365930e-003 -0.000000e+000
    outer loop
      vertex   -2.159865e-001 1.835993e+001 -5.000004e-001
      vertex   -2.381273e-001 1.854582e+001 2.500000e+000
      vertex   -2.159865e-001 1.835993e+001 2.500000e+000
    endloop
  endfacet
  facet normal 9.720229e-001 2.348862e-001 -0.000000e+000
    outer loop
      vertex   -2.159865e-001 1.835993e+001 -5.000004e-001
      vertex   -2.159865e-001 1.835993e+001 2.500000e+000
      vertex   -1.720157e-001 1.817797e+001 -5.000004e-001
    endloop
  endfacet
  facet normal 6.053658e-002 1.462847e-002 -0.000000e+000
    outer loop
      vertex   -1.720157e-001 1.817797e+001 -5.000004e-001
      vertex   -2.159865e-001 1.835993e+001 2.500000e+000
      vertex   -1.720157e-001 1.817797e+001 2.500000e+000
    endloop
  endfacet
  facet normal 9.374198e-001 3.482012e-001 -0.000000e+000
    outer loop
      vertex   -1.720157e-001 1.817797e+001 -5.000004e-001
      vertex   -1.720157e-001 1.817797e+001 2.500000e+000
      vertex   -1.068323e-001 1.800249e+001 -5.000004e-001
    endloop
  endfacet
  facet normal 5.838165e-002 2.168565e-002 -0.000000e+000
    outer loop
      vertex   -1.068323e-001 1.800249e+001 -5.000004e-001
      vertex   -1.720157e-001 1.817797e+001 2.500000e+000
      vertex   -1.068323e-001 1.800249e+001 2.500000e+000
    endloop
  endfacet
  facet normal 8.896569e-001 4.566296e-001 -0.000000e+000
    outer loop
      vertex   -1.068323e-001 1.800249e+001 -5.000004e-001
      vertex   -1.068323e-001 1.800249e+001 2.500000e+000
      vertex   -2.135109e-002 1.783594e+001 -5.000004e-001
    endloop
  endfacet
  facet normal 5.540689e-002 2.843841e-002 -0.000000e+000
    outer loop
      vertex   -2.135109e-002 1.783594e+001 -5.000004e-001
      vertex   -1.068323e-001 1.800249e+001 2.500000e+000
      vertex   -2.135109e-002 1.783594e+001 2.500000e+000
    endloop
  endfacet
  facet normal 8.294038e-001 5.586497e-001 -0.000000e+000
    outer loop
      vertex   -2.135109e-002 1.783594e+001 -5.000004e-001
      vertex   -2.135109e-002 1.783594e+001 2.500000e+000
      vertex   8.322780e-002 1.768068e+001 -5.000004e-001
    endloop
  endfacet
  facet normal 5.165417e-002 3.479196e-002 -0.000000e+000
    outer loop
      vertex   8.322780e-002 1.768068e+001 -5.000004e-001
      vertex   -2.135109e-002 1.783594e+001 2.500000e+000
      vertex   8.322780e-002 1.768068e+001 2.500000e+000
    endloop
  endfacet
  facet normal 7.575139e-001 6.528190e-001 -0.000000e+000
    outer loop
      vertex   8.322780e-002 1.768068e+001 -5.000004e-001
      vertex   8.322780e-002 1.768068e+001 2.500000e+000
      vertex   2.054363e-001 1.753887e+001 -5.000004e-001
    endloop
  endfacet
  facet normal 4.717742e-002 4.065710e-002 -0.000000e+000
    outer loop
      vertex   2.054363e-001 1.753887e+001 -5.000004e-001
      vertex   8.322780e-002 1.768068e+001 2.500000e+000
      vertex   2.054363e-001 1.753887e+001 2.500000e+000
    endloop
  endfacet
  facet normal 6.749802e-001 7.378358e-001 -0.000000e+000
    outer loop
      vertex   2.054363e-001 1.753887e+001 -5.000004e-001
      vertex   2.054363e-001 1.753887e+001 2.500000e+000
      vertex   3.435590e-001 1.741251e+001 -5.000004e-001
    endloop
  endfacet
  facet normal 4.203695e-002 4.595152e-002 -0.000000e+000
    outer loop
      vertex   3.435590e-001 1.741251e+001 -5.000004e-001
      vertex   2.054363e-001 1.753887e+001 2.500000e+000
      vertex   3.435590e-001 1.741251e+001 2.500000e+000
    endloop
  endfacet
  facet normal 5.829819e-001 8.124851e-001 -0.000000e+000
    outer loop
      vertex   3.435590e-001 1.741251e+001 -5.000004e-001
      vertex   3.435590e-001 1.741251e+001 2.500000e+000
      vertex   4.956569e-001 1.730338e+001 -5.000004e-001
    endloop
  endfacet
  facet normal 3.630761e-002 5.060086e-002 -0.000000e+000
    outer loop
      vertex   4.956569e-001 1.730338e+001 -5.000004e-001
      vertex   3.435590e-001 1.741251e+001 2.500000e+000
      vertex   4.956569e-001 1.730338e+001 2.500000e+000
    endloop
  endfacet
  facet normal 4.827878e-001 8.757374e-001 -0.000000e+000
    outer loop
      vertex   4.956569e-001 1.730338e+001 -5.000004e-001
      vertex   4.956569e-001 1.730338e+001 2.500000e+000
      vertex   6.595948e-001 1.721300e+001 -5.000004e-001
    endloop
  endfacet
  facet normal 3.006746e-002 5.453989e-002 -0.000000e+000
    outer loop
      vertex   6.595948e-001 1.721300e+001 -5.000004e-001
      vertex   4.956569e-001 1.730338e+001 2.500000e+000
      vertex   6.595948e-001 1.721300e+001 2.500000e+000
    endloop
  endfacet
  facet normal 3.758335e-001 9.266872e-001 -0.000000e+000
    outer loop
      vertex   6.595948e-001 1.721300e+001 -5.000004e-001
      vertex   6.595948e-001 1.721300e+001 2.500000e+000
      vertex   8.330715e-001 1.714264e+001 -5.000004e-001
    endloop
  endfacet
  facet normal 2.340660e-002 5.771331e-002 -0.000000e+000
    outer loop
      vertex   8.330715e-001 1.714264e+001 -5.000004e-001
      vertex   6.595948e-001 1.721300e+001 2.500000e+000
      vertex   8.330715e-001 1.714264e+001 2.500000e+000
    endloop
  endfacet
  facet normal 2.635846e-001 9.646363e-001 -0.000000e+000
    outer loop
      vertex   8.330715e-001 1.714264e+001 -5.000004e-001
      vertex   8.330715e-001 1.714264e+001 2.500000e+000
      vertex   1.013652e+000 1.709330e+001 -5.000004e-001
    endloop
  endfacet
  facet normal 1.641577e-002 6.007653e-002 -0.000000e+000
    outer loop
      vertex   1.013652e+000 1.709330e+001 -5.000004e-001
      vertex   8.330715e-001 1.714264e+001 2.500000e+000
      vertex   1.013652e+000 1.709330e+001 2.500000e+000
    endloop
  endfacet
  facet normal 1.476460e-001 9.890403e-001 -0.000000e+000
    outer loop
      vertex   1.013652e+000 1.709330e+001 -5.000004e-001
      vertex   1.013652e+000 1.709330e+001 2.500000e+000
      vertex   1.198800e+000 1.706566e+001 -5.000004e-001
    endloop
  endfacet
  facet normal 9.195245e-003 6.159643e-002 -0.000000e+000
    outer loop
      vertex   1.198800e+000 1.706566e+001 -5.000004e-001
      vertex   1.013652e+000 1.709330e+001 2.500000e+000
      vertex   1.198800e+000 1.706566e+001 2.500000e+000
    endloop
  endfacet
  facet normal 2.962906e-002 9.995610e-001 -0.000000e+000
    outer loop
      vertex   1.198800e+000 1.706566e+001 -5.000004e-001
      vertex   1.198800e+000 1.706566e+001 2.500000e+000
      vertex   1.385918e+000 1.706012e+001 -5.000004e-001
    endloop
  endfacet
  facet normal 1.845268e-003 6.225165e-002 -0.000000e+000
    outer loop
      vertex   1.385918e+000 1.706012e+001 -5.000004e-001
      vertex   1.198800e+000 1.706566e+001 2.500000e+000
      vertex   1.385918e+000 1.706012e+001 2.500000e+000
    endloop
  endfacet
  facet normal -8.879549e-002 9.960499e-001 0.000000e+000
    outer loop
      vertex   1.385918e+000 1.706012e+001 -5.000004e-001
      vertex   1.385918e+000 1.706012e+001 2.500000e+000
      vertex   1.572379e+000 1.707674e+001 -5.000004e-001
    endloop
  endfacet
  facet normal -5.530092e-003 6.203296e-002 0.000000e+000
    outer loop
      vertex   1.572379e+000 1.707674e+001 -5.000004e-001
      vertex   1.385918e+000 1.706012e+001 2.500000e+000
      vertex   1.572379e+000 1.707674e+001 2.500000e+000
    endloop
  endfacet
  facet normal -2.059770e-001 9.785568e-001 0.000000e+000
    outer loop
      vertex   1.572379e+000 1.707674e+001 -5.000004e-001
      vertex   1.572379e+000 1.707674e+001 2.500000e+000
      vertex   1.755566e+000 1.711530e+001 -5.000004e-001
    endloop
  endfacet
  facet normal -1.282804e-002 6.094352e-002 0.000000e+000
    outer loop
      vertex   1.755566e+000 1.711530e+001 -5.000004e-001
      vertex   1.572379e+000 1.707674e+001 2.500000e+000
      vertex   1.755566e+000 1.711530e+001 2.500000e+000
    endloop
  endfacet
  facet normal -3.202652e-001 9.473279e-001 0.000000e+000
    outer loop
      vertex   1.755566e+000 1.711530e+001 -5.000004e-001
      vertex   1.755566e+000 1.711530e+001 2.500000e+000
      vertex   1.932905e+000 1.717525e+001 -5.000004e-001
    endloop
  endfacet
  facet normal -1.994577e-002 5.899855e-002 0.000000e+000
    outer loop
      vertex   1.932905e+000 1.717525e+001 -5.000004e-001
      vertex   1.755566e+000 1.711530e+001 2.500000e+000
      vertex   1.932905e+000 1.717525e+001 2.500000e+000
    endloop
  endfacet
  facet normal -4.300690e-001 9.027960e-001 0.000000e+000
    outer loop
      vertex   1.932905e+000 1.717525e+001 -5.000004e-001
      vertex   1.932905e+000 1.717525e+001 2.500000e+000
      vertex   2.101909e+000 1.725576e+001 -5.000004e-001
    endloop
  endfacet
  facet normal -2.678430e-002 5.622530e-002 0.000000e+000
    outer loop
      vertex   2.101909e+000 1.725576e+001 -5.000004e-001
      vertex   1.932905e+000 1.717525e+001 2.500000e+000
      vertex   2.101909e+000 1.725576e+001 2.500000e+000
    endloop
  endfacet
  facet normal -5.338220e-001 8.455968e-001 0.000000e+000
    outer loop
      vertex   2.101909e+000 1.725576e+001 -5.000004e-001
      vertex   2.101909e+000 1.725576e+001 2.500000e+000
      vertex   2.260206e+000 1.735569e+001 -5.000004e-001
    endloop
  endfacet
  facet normal -3.324591e-002 5.266294e-002 0.000000e+000
    outer loop
      vertex   2.260206e+000 1.735569e+001 -5.000004e-001
      vertex   2.101909e+000 1.725576e+001 2.500000e+000
      vertex   2.260206e+000 1.735569e+001 2.500000e+000
    endloop
  endfacet
  facet normal -6.300870e-001 7.765245e-001 0.000000e+000
    outer loop
      vertex   2.260206e+000 1.735569e+001 -5.000004e-001
      vertex   2.260206e+000 1.735569e+001 2.500000e+000
      vertex   2.405571e+000 1.747364e+001 -5.000004e-001
    endloop
  endfacet
  facet normal -3.924112e-002 4.836110e-002 0.000000e+000
    outer loop
      vertex   2.405571e+000 1.747364e+001 -5.000004e-001
      vertex   2.260206e+000 1.735569e+001 2.500000e+000
      vertex   2.405571e+000 1.747364e+001 2.500000e+000
    endloop
  endfacet
  facet normal -7.175065e-001 6.965519e-001 0.000000e+000
    outer loop
      vertex   2.405571e+000 1.747364e+001 -5.000004e-001
      vertex   2.405571e+000 1.747364e+001 2.500000e+000
      vertex   2.535966e+000 1.760796e+001 -5.000004e-001
    endloop
  endfacet
  facet normal -4.468555e-002 4.338052e-002 0.000000e+000
    outer loop
      vertex   2.535966e+000 1.760796e+001 -5.000004e-001
      vertex   2.405571e+000 1.747364e+001 2.500000e+000
      vertex   2.535966e+000 1.760796e+001 2.500000e+000
    endloop
  endfacet
  facet normal -7.948566e-001 6.067973e-001 0.000000e+000
    outer loop
      vertex   2.535966e+000 1.760796e+001 -5.000004e-001
      vertex   2.535966e+000 1.760796e+001 2.500000e+000
      vertex   2.649559e+000 1.775676e+001 -5.000004e-001
    endloop
  endfacet
  facet normal -4.950305e-002 3.779086e-002 0.000000e+000
    outer loop
      vertex   2.649559e+000 1.775676e+001 -5.000004e-001
      vertex   2.535966e+000 1.760796e+001 2.500000e+000
      vertex   2.649559e+000 1.775676e+001 2.500000e+000
    endloop
  endfacet
  facet normal -8.610442e-001 5.085300e-001 0.000000e+000
    outer loop
      vertex   2.649559e+000 1.775676e+001 -5.000004e-001
      vertex   2.649559e+000 1.775676e+001 2.500000e+000
      vertex   2.744756e+000 1.791795e+001 -5.000004e-001
    endloop
  endfacet
  facet normal -5.362507e-002 3.167080e-002 0.000000e+000
    outer loop
      vertex   2.744756e+000 1.791795e+001 -5.000004e-001
      vertex   2.649559e+000 1.775676e+001 2.500000e+000
      vertex   2.744756e+000 1.791795e+001 2.500000e+000
    endloop
  endfacet
  facet normal -9.151442e-001 4.031266e-001 0.000000e+000
    outer loop
      vertex   2.744756e+000 1.791795e+001 -5.000004e-001
      vertex   2.744756e+000 1.791795e+001 2.500000e+000
      vertex   2.820221e+000 1.808926e+001 -5.000004e-001
    endloop
  endfacet
  facet normal -5.699389e-002 2.510616e-002 0.000000e+000
    outer loop
      vertex   2.820221e+000 1.808926e+001 -5.000004e-001
      vertex   2.744756e+000 1.791795e+001 2.500000e+000
      vertex   2.820221e+000 1.808926e+001 2.500000e+000
    endloop
  endfacet
  facet normal -9.564014e-001 2.920553e-001 0.000000e+000
    outer loop
      vertex   2.820221e+000 1.808926e+001 -5.000004e-001
      vertex   2.820221e+000 1.808926e+001 2.500000e+000
      vertex   2.874894e+000 1.826830e+001 -5.000004e-001
    endloop
  endfacet
  facet normal -5.956382e-002 1.818894e-002 0.000000e+000
    outer loop
      vertex   2.874894e+000 1.826830e+001 -5.000004e-001
      vertex   2.820221e+000 1.808926e+001 2.500000e+000
      vertex   2.874894e+000 1.826830e+001 2.500000e+000
    endloop
  endfacet
  facet normal -9.842305e-001 1.768908e-001 0.000000e+000
    outer loop
      vertex   2.874894e+000 1.826830e+001 -5.000004e-001
      vertex   2.874894e+000 1.826830e+001 2.500000e+000
      vertex   2.908008e+000 1.845255e+001 -5.000004e-001
    endloop
  endfacet
  facet normal -6.129677e-002 1.101656e-002 0.000000e+000
    outer loop
      vertex   2.908008e+000 1.845255e+001 -5.000004e-001
      vertex   2.874894e+000 1.826830e+001 2.500000e+000
      vertex   2.908008e+000 1.845255e+001 2.500000e+000
    endloop
  endfacet
  facet normal -9.982436e-001 -5.924187e-002 -0.000000e+000
    outer loop
      vertex   2.908008e+000 1.882629e+001 5.500000e+000
      vertex   2.908008e+000 1.882629e+001 2.500000e+000
      vertex   2.919098e+000 1.863942e+001 5.500000e+000
    endloop
  endfacet
  facet normal -6.216928e-002 -3.689504e-003 -0.000000e+000
    outer loop
      vertex   2.919098e+000 1.863942e+001 5.500000e+000
      vertex   2.908008e+000 1.882629e+001 2.500000e+000
      vertex   2.919098e+000 1.863942e+001 2.500000e+000
    endloop
  endfacet
  facet normal -9.982437e-001 5.924127e-002 0.000000e+000
    outer loop
      vertex   2.919098e+000 1.863942e+001 5.500000e+000
      vertex   2.919098e+000 1.863942e+001 2.500000e+000
      vertex   2.908008e+000 1.845255e+001 5.500000e+000
    endloop
  endfacet
  facet normal -6.216991e-002 3.689504e-003 0.000000e+000
    outer loop
      vertex   2.908008e+000 1.845255e+001 5.500000e+000
      vertex   2.919098e+000 1.863942e+001 2.500000e+000
      vertex   2.908008e+000 1.845255e+001 2.500000e+000
    endloop
  endfacet
  facet normal -9.842305e-001 1.768908e-001 0.000000e+000
    outer loop
      vertex   2.908008e+000 1.845255e+001 5.500000e+000
      vertex   2.908008e+000 1.845255e+001 2.500000e+000
      vertex   2.874894e+000 1.826830e+001 5.500000e+000
    endloop
  endfacet
  facet normal -6.129677e-002 1.101656e-002 0.000000e+000
    outer loop
      vertex   2.874894e+000 1.826830e+001 5.500000e+000
      vertex   2.908008e+000 1.845255e+001 2.500000e+000
      vertex   2.874894e+000 1.826830e+001 2.500000e+000
    endloop
  endfacet
  facet normal -9.564014e-001 2.920553e-001 0.000000e+000
    outer loop
      vertex   2.874894e+000 1.826830e+001 5.500000e+000
      vertex   2.874894e+000 1.826830e+001 2.500000e+000
      vertex   2.820221e+000 1.808926e+001 5.500000e+000
    endloop
  endfacet
  facet normal -5.956382e-002 1.818894e-002 0.000000e+000
    outer loop
      vertex   2.820221e+000 1.808926e+001 5.500000e+000
      vertex   2.874894e+000 1.826830e+001 2.500000e+000
      vertex   2.820221e+000 1.808926e+001 2.500000e+000
    endloop
  endfacet
  facet normal -9.151442e-001 4.031266e-001 0.000000e+000
    outer loop
      vertex   2.820221e+000 1.808926e+001 5.500000e+000
      vertex   2.820221e+000 1.808926e+001 2.500000e+000
      vertex   2.744756e+000 1.791795e+001 5.500000e+000
    endloop
  endfacet
  facet normal -5.699390e-002 2.510616e-002 0.000000e+000
    outer loop
      vertex   2.744756e+000 1.791795e+001 5.500000e+000
      vertex   2.820221e+000 1.808926e+001 2.500000e+000
      vertex   2.744756e+000 1.791795e+001 2.500000e+000
    endloop
  endfacet
  facet normal -8.610442e-001 5.085300e-001 0.000000e+000
    outer loop
      vertex   2.744756e+000 1.791795e+001 5.500000e+000
      vertex   2.744756e+000 1.791795e+001 2.500000e+000
      vertex   2.649559e+000 1.775676e+001 5.500000e+000
    endloop
  endfacet
  facet normal -5.362508e-002 3.167080e-002 0.000000e+000
    outer loop
      vertex   2.649559e+000 1.775676e+001 5.500000e+000
      vertex   2.744756e+000 1.791795e+001 2.500000e+000
      vertex   2.649559e+000 1.775676e+001 2.500000e+000
    endloop
  endfacet
  facet normal -7.948566e-001 6.067973e-001 0.000000e+000
    outer loop
      vertex   2.649559e+000 1.775676e+001 5.500000e+000
      vertex   2.649559e+000 1.775676e+001 2.500000e+000
      vertex   2.535966e+000 1.760796e+001 5.500000e+000
    endloop
  endfacet
  facet normal -4.950305e-002 3.779086e-002 0.000000e+000
    outer loop
      vertex   2.535966e+000 1.760796e+001 5.500000e+000
      vertex   2.649559e+000 1.775676e+001 2.500000e+000
      vertex   2.535966e+000 1.760796e+001 2.500000e+000
    endloop
  endfacet
  facet normal -7.175065e-001 6.965519e-001 0.000000e+000
    outer loop
      vertex   2.535966e+000 1.760796e+001 5.500000e+000
      vertex   2.535966e+000 1.760796e+001 2.500000e+000
      vertex   2.405571e+000 1.747364e+001 5.500000e+000
    endloop
  endfacet
  facet normal -4.468556e-002 4.338053e-002 0.000000e+000
    outer loop
      vertex   2.405571e+000 1.747364e+001 5.500000e+000
      vertex   2.535966e+000 1.760796e+001 2.500000e+000
      vertex   2.405571e+000 1.747364e+001 2.500000e+000
    endloop
  endfacet
  facet normal -6.300870e-001 7.765245e-001 0.000000e+000
    outer loop
      vertex   2.405571e+000 1.747364e+001 5.500000e+000
      vertex   2.405571e+000 1.747364e+001 2.500000e+000
      vertex   2.260206e+000 1.735569e+001 5.500000e+000
    endloop
  endfacet
  facet normal -3.924113e-002 4.836110e-002 0.000000e+000
    outer loop
      vertex   2.260206e+000 1.735569e+001 5.500000e+000
      vertex   2.405571e+000 1.747364e+001 2.500000e+000
      vertex   2.260206e+000 1.735569e+001 2.500000e+000
    endloop
  endfacet
  facet normal -5.338220e-001 8.455968e-001 0.000000e+000
    outer loop
      vertex   2.260206e+000 1.735569e+001 5.500000e+000
      vertex   2.260206e+000 1.735569e+001 2.500000e+000
      vertex   2.101909e+000 1.725576e+001 5.500000e+000
    endloop
  endfacet
  facet normal -3.324591e-002 5.266294e-002 0.000000e+000
    outer loop
      vertex   2.101909e+000 1.725576e+001 5.500000e+000
      vertex   2.260206e+000 1.735569e+001 2.500000e+000
      vertex   2.101909e+000 1.725576e+001 2.500000e+000
    endloop
  endfacet
  facet normal -4.300690e-001 9.027960e-001 0.000000e+000
    outer loop
      vertex   2.101909e+000 1.725576e+001 5.500000e+000
      vertex   2.101909e+000 1.725576e+001 2.500000e+000
      vertex   1.932905e+000 1.717525e+001 5.500000e+000
    endloop
  endfacet
  facet normal -2.678430e-002 5.622530e-002 0.000000e+000
    outer loop
      vertex   1.932905e+000 1.717525e+001 5.500000e+000
      vertex   2.101909e+000 1.725576e+001 2.500000e+000
      vertex   1.932905e+000 1.717525e+001 2.500000e+000
    endloop
  endfacet
  facet normal -3.202652e-001 9.473279e-001 0.000000e+000
    outer loop
      vertex   1.932905e+000 1.717525e+001 5.500000e+000
      vertex   1.932905e+000 1.717525e+001 2.500000e+000
      vertex   1.755566e+000 1.711530e+001 5.500000e+000
    endloop
  endfacet
  facet normal -1.994577e-002 5.899856e-002 0.000000e+000
    outer loop
      vertex   1.755566e+000 1.711530e+001 5.500000e+000
      vertex   1.932905e+000 1.717525e+001 2.500000e+000
      vertex   1.755566e+000 1.711530e+001 2.500000e+000
    endloop
  endfacet
  facet normal -2.059770e-001 9.785568e-001 0.000000e+000
    outer loop
      vertex   1.755566e+000 1.711530e+001 5.500000e+000
      vertex   1.755566e+000 1.711530e+001 2.500000e+000
      vertex   1.572379e+000 1.707674e+001 5.500000e+000
    endloop
  endfacet
  facet normal -1.282804e-002 6.094353e-002 0.000000e+000
    outer loop
      vertex   1.572379e+000 1.707674e+001 5.500000e+000
      vertex   1.755566e+000 1.711530e+001 2.500000e+000
      vertex   1.572379e+000 1.707674e+001 2.500000e+000
    endloop
  endfacet
  facet normal -8.879549e-002 9.960499e-001 0.000000e+000
    outer loop
      vertex   1.572379e+000 1.707674e+001 5.500000e+000
      vertex   1.572379e+000 1.707674e+001 2.500000e+000
      vertex   1.385918e+000 1.706012e+001 5.500000e+000
    endloop
  endfacet
  facet normal -5.530092e-003 6.203297e-002 0.000000e+000
    outer loop
      vertex   1.385918e+000 1.706012e+001 5.500000e+000
      vertex   1.572379e+000 1.707674e+001 2.500000e+000
      vertex   1.385918e+000 1.706012e+001 2.500000e+000
    endloop
  endfacet
  facet normal 2.962906e-002 9.995610e-001 0.000000e+000
    outer loop
      vertex   1.385918e+000 1.706012e+001 5.500000e+000
      vertex   1.385918e+000 1.706012e+001 2.500000e+000
      vertex   1.198800e+000 1.706566e+001 5.500000e+000
    endloop
  endfacet
  facet normal 1.845268e-003 6.225165e-002 0.000000e+000
    outer loop
      vertex   1.198800e+000 1.706566e+001 5.500000e+000
      vertex   1.385918e+000 1.706012e+001 2.500000e+000
      vertex   1.198800e+000 1.706566e+001 2.500000e+000
    endloop
  endfacet
  facet normal 1.476460e-001 9.890403e-001 0.000000e+000
    outer loop
      vertex   1.198800e+000 1.706566e+001 5.500000e+000
      vertex   1.198800e+000 1.706566e+001 2.500000e+000
      vertex   1.013652e+000 1.709330e+001 5.500000e+000
    endloop
  endfacet
  facet normal 9.195246e-003 6.159644e-002 0.000000e+000
    outer loop
      vertex   1.013652e+000 1.709330e+001 5.500000e+000
      vertex   1.198800e+000 1.706566e+001 2.500000e+000
      vertex   1.013652e+000 1.709330e+001 2.500000e+000
    endloop
  endfacet
  facet normal 2.635846e-001 9.646363e-001 0.000000e+000
    outer loop
      vertex   1.013652e+000 1.709330e+001 5.500000e+000
      vertex   1.013652e+000 1.709330e+001 2.500000e+000
      vertex   8.330715e-001 1.714264e+001 5.500000e+000
    endloop
  endfacet
  facet normal 1.641578e-002 6.007653e-002 0.000000e+000
    outer loop
      vertex   8.330715e-001 1.714264e+001 5.500000e+000
      vertex   1.013652e+000 1.709330e+001 2.500000e+000
      vertex   8.330715e-001 1.714264e+001 2.500000e+000
    endloop
  endfacet
  facet normal 3.758335e-001 9.266872e-001 0.000000e+000
    outer loop
      vertex   8.330715e-001 1.714264e+001 5.500000e+000
      vertex   8.330715e-001 1.714264e+001 2.500000e+000
      vertex   6.595948e-001 1.721300e+001 5.500000e+000
    endloop
  endfacet
  facet normal 2.340660e-002 5.771332e-002 0.000000e+000
    outer loop
      vertex   6.595948e-001 1.721300e+001 5.500000e+000
      vertex   8.330715e-001 1.714264e+001 2.500000e+000
      vertex   6.595948e-001 1.721300e+001 2.500000e+000
    endloop
  endfacet
  facet normal 4.827878e-001 8.757374e-001 0.000000e+000
    outer loop
      vertex   6.595948e-001 1.721300e+001 5.500000e+000
      vertex   6.595948e-001 1.721300e+001 2.500000e+000
      vertex   4.956569e-001 1.730338e+001 5.500000e+000
    endloop
  endfacet
  facet normal 3.006746e-002 5.453989e-002 0.000000e+000
    outer loop
      vertex   4.956569e-001 1.730338e+001 5.500000e+000
      vertex   6.595948e-001 1.721300e+001 2.500000e+000
      vertex   4.956569e-001 1.730338e+001 2.500000e+000
    endloop
  endfacet
  facet normal 5.829819e-001 8.124851e-001 0.000000e+000
    outer loop
      vertex   4.956569e-001 1.730338e+001 5.500000e+000
      vertex   4.956569e-001 1.730338e+001 2.500000e+000
      vertex   3.435590e-001 1.741251e+001 5.500000e+000
    endloop
  endfacet
  facet normal 3.630761e-002 5.060087e-002 0.000000e+000
    outer loop
      vertex   3.435590e-001 1.741251e+001 5.500000e+000
      vertex   4.956569e-001 1.730338e+001 2.500000e+000
      vertex   3.435590e-001 1.741251e+001 2.500000e+000
    endloop
  endfacet
  facet normal 6.749802e-001 7.378358e-001 0.000000e+000
    outer loop
      vertex   3.435590e-001 1.741251e+001 5.500000e+000
      vertex   3.435590e-001 1.741251e+001 2.500000e+000
      vertex   2.054363e-001 1.753887e+001 5.500000e+000
    endloop
  endfacet
  facet normal 4.203695e-002 4.595152e-002 0.000000e+000
    outer loop
      vertex   2.054363e-001 1.753887e+001 5.500000e+000
      vertex   3.435590e-001 1.741251e+001 2.500000e+000
      vertex   2.054363e-001 1.753887e+001 2.500000e+000
    endloop
  endfacet
  facet normal 7.575139e-001 6.528190e-001 0.000000e+000
    outer loop
      vertex   2.054363e-001 1.753887e+001 5.500000e+000
      vertex   2.054363e-001 1.753887e+001 2.500000e+000
      vertex   8.322780e-002 1.768068e+001 5.500000e+000
    endloop
  endfacet
  facet normal 4.717743e-002 4.065711e-002 0.000000e+000
    outer loop
      vertex   8.322780e-002 1.768068e+001 5.500000e+000
      vertex   2.054363e-001 1.753887e+001 2.500000e+000
      vertex   8.322780e-002 1.768068e+001 2.500000e+000
    endloop
  endfacet
  facet normal 8.294038e-001 5.586497e-001 0.000000e+000
    outer loop
      vertex   8.322780e-002 1.768068e+001 5.500000e+000
      vertex   8.322780e-002 1.768068e+001 2.500000e+000
      vertex   -2.135109e-002 1.783594e+001 5.500000e+000
    endloop
  endfacet
  facet normal 5.165417e-002 3.479197e-002 0.000000e+000
    outer loop
      vertex   -2.135109e-002 1.783594e+001 5.500000e+000
      vertex   8.322780e-002 1.768068e+001 2.500000e+000
      vertex   -2.135109e-002 1.783594e+001 2.500000e+000
    endloop
  endfacet
  facet normal 8.896569e-001 4.566296e-001 0.000000e+000
    outer loop
      vertex   -2.135109e-002 1.783594e+001 5.500000e+000
      vertex   -2.135109e-002 1.783594e+001 2.500000e+000
      vertex   -1.068323e-001 1.800249e+001 5.500000e+000
    endloop
  endfacet
  facet normal 5.540689e-002 2.843841e-002 0.000000e+000
    outer loop
      vertex   -1.068323e-001 1.800249e+001 5.500000e+000
      vertex   -2.135109e-002 1.783594e+001 2.500000e+000
      vertex   -1.068323e-001 1.800249e+001 2.500000e+000
    endloop
  endfacet
  facet normal 9.374198e-001 3.482012e-001 0.000000e+000
    outer loop
      vertex   -1.068323e-001 1.800249e+001 5.500000e+000
      vertex   -1.068323e-001 1.800249e+001 2.500000e+000
      vertex   -1.720157e-001 1.817797e+001 5.500000e+000
    endloop
  endfacet
  facet normal 5.838165e-002 2.168565e-002 0.000000e+000
    outer loop
      vertex   -1.720157e-001 1.817797e+001 5.500000e+000
      vertex   -1.068323e-001 1.800249e+001 2.500000e+000
      vertex   -1.720157e-001 1.817797e+001 2.500000e+000
    endloop
  endfacet
  facet normal 9.720229e-001 2.348862e-001 0.000000e+000
    outer loop
      vertex   -1.720157e-001 1.817797e+001 5.500000e+000
      vertex   -1.720157e-001 1.817797e+001 2.500000e+000
      vertex   -2.159865e-001 1.835993e+001 5.500000e+000
    endloop
  endfacet
  facet normal 6.053658e-002 1.462847e-002 0.000000e+000
    outer loop
      vertex   -2.159865e-001 1.835993e+001 5.500000e+000
      vertex   -1.720157e-001 1.817797e+001 2.500000e+000
      vertex   -2.159865e-001 1.835993e+001 2.500000e+000
    endloop
  endfacet
  facet normal 9.929811e-001 1.182731e-001 0.000000e+000
    outer loop
      vertex   -2.159865e-001 1.835993e+001 5.500000e+000
      vertex   -2.159865e-001 1.835993e+001 2.500000e+000
      vertex   -2.381273e-001 1.854582e+001 5.500000e+000
    endloop
  endfacet
  facet normal 6.184185e-002 7.365931e-003 0.000000e+000
    outer loop
      vertex   -2.381273e-001 1.854582e+001 5.500000e+000
      vertex   -2.159865e-001 1.835993e+001 2.500000e+000
      vertex   -2.381273e-001 1.854582e+001 2.500000e+000
    endloop
  endfacet
  facet normal 1.000000e+000 -0.000000e+000 0.000000e+000
    outer loop
      vertex   -2.381273e-001 1.854582e+001 5.500000e+000
      vertex   -2.381273e-001 1.854582e+001 2.500000e+000
      vertex   -2.381273e-001 1.873302e+001 5.500000e+000
    endloop
  endfacet
  facet normal 6.227905e-002 0.000000e+000 0.000000e+000
    outer loop
      vertex   -2.381273e-001 1.873302e+001 5.500000e+000
      vertex   -2.381273e-001 1.854582e+001 2.500000e+000
      vertex   -2.381273e-001 1.873302e+001 2.500000e+000
    endloop
  endfacet
  facet normal 9.929811e-001 -1.182731e-001 0.000000e+000
    outer loop
      vertex   -2.381273e-001 1.873302e+001 5.500000e+000
      vertex   -2.381273e-001 1.873302e+001 2.500000e+000
      vertex   -2.159865e-001 1.891891e+001 5.500000e+000
    endloop
  endfacet
  facet normal 6.184185e-002 -7.365931e-003 0.000000e+000
    outer loop
      vertex   -2.159865e-001 1.891891e+001 5.500000e+000
      vertex   -2.381273e-001 1.873302e+001 2.500000e+000
      vertex   -2.159865e-001 1.891891e+001 2.500000e+000
    endloop
  endfacet
  facet normal 9.720229e-001 -2.348862e-001 0.000000e+000
    outer loop
      vertex   -2.159865e-001 1.891891e+001 5.500000e+000
      vertex   -2.159865e-001 1.891891e+001 2.500000e+000
      vertex   -1.720157e-001 1.910087e+001 5.500000e+000
    endloop
  endfacet
  facet normal 6.053658e-002 -1.462847e-002 0.000000e+000
    outer loop
      vertex   -1.720157e-001 1.910087e+001 5.500000e+000
      vertex   -2.159865e-001 1.891891e+001 2.500000e+000
      vertex   -1.720157e-001 1.910087e+001 2.500000e+000
    endloop
  endfacet
  facet normal 9.374198e-001 -3.482012e-001 0.000000e+000
    outer loop
      vertex   -1.720157e-001 1.910087e+001 5.500000e+000
      vertex   -1.720157e-001 1.910087e+001 2.500000e+000
      vertex   -1.068323e-001 1.927636e+001 5.500000e+000
    endloop
  endfacet
  facet normal 5.838165e-002 -2.168565e-002 0.000000e+000
    outer loop
      vertex   -1.068323e-001 1.927636e+001 5.500000e+000
      vertex   -1.720157e-001 1.910087e+001 2.500000e+000
      vertex   -1.068323e-001 1.927636e+001 2.500000e+000
    endloop
  endfacet
  facet normal 8.896569e-001 -4.566296e-001 0.000000e+000
    outer loop
      vertex   -1.068323e-001 1.927636e+001 5.500000e+000
      vertex   -1.068323e-001 1.927636e+001 2.500000e+000
      vertex   -2.135109e-002 1.944290e+001 5.500000e+000
    endloop
  endfacet
  facet normal 5.540689e-002 -2.843841e-002 0.000000e+000
    outer loop
      vertex   -2.135109e-002 1.944290e+001 5.500000e+000
      vertex   -1.068323e-001 1.927636e+001 2.500000e+000
      vertex   -2.135109e-002 1.944290e+001 2.500000e+000
    endloop
  endfacet
  facet normal 8.294069e-001 -5.586450e-001 0.000000e+000
    outer loop
      vertex   -2.135109e-002 1.944290e+001 5.500000e+000
      vertex   -2.135109e-002 1.944290e+001 2.500000e+000
      vertex   8.322780e-002 1.959817e+001 5.500000e+000
    endloop
  endfacet
  facet normal 5.165480e-002 -3.479196e-002 0.000000e+000
    outer loop
      vertex   8.322780e-002 1.959817e+001 5.500000e+000
      vertex   -2.135109e-002 1.944290e+001 2.500000e+000
      vertex   8.322780e-002 1.959817e+001 2.500000e+000
    endloop
  endfacet
  facet normal 7.575095e-001 -6.528241e-001 0.000000e+000
    outer loop
      vertex   8.322780e-002 1.959817e+001 5.500000e+000
      vertex   8.322780e-002 1.959817e+001 2.500000e+000
      vertex   2.054363e-001 1.973997e+001 5.500000e+000
    endloop
  endfacet
  facet normal 4.717680e-002 -4.065711e-002 0.000000e+000
    outer loop
      vertex   2.054363e-001 1.973997e+001 5.500000e+000
      vertex   8.322780e-002 1.959817e+001 2.500000e+000
      vertex   2.054363e-001 1.973997e+001 2.500000e+000
    endloop
  endfacet
  facet normal 6.749858e-001 -7.378308e-001 0.000000e+000
    outer loop
      vertex   2.054363e-001 1.973997e+001 5.500000e+000
      vertex   2.054363e-001 1.973997e+001 2.500000e+000
      vertex   3.435590e-001 1.986633e+001 5.500000e+000
    endloop
  endfacet
  facet normal 4.203758e-002 -4.595152e-002 0.000000e+000
    outer loop
      vertex   3.435590e-001 1.986633e+001 5.500000e+000
      vertex   2.054363e-001 1.973997e+001 2.500000e+000
      vertex   3.435590e-001 1.986633e+001 2.500000e+000
    endloop
  endfacet
  facet normal 5.829752e-001 -8.124899e-001 0.000000e+000
    outer loop
      vertex   3.435590e-001 1.986633e+001 5.500000e+000
      vertex   3.435590e-001 1.986633e+001 2.500000e+000
      vertex   4.956569e-001 1.997546e+001 5.500000e+000
    endloop
  endfacet
  facet normal 3.630697e-002 -5.060087e-002 0.000000e+000
    outer loop
      vertex   4.956569e-001 1.997546e+001 5.500000e+000
      vertex   3.435590e-001 1.986633e+001 2.500000e+000
      vertex   4.956569e-001 1.997546e+001 2.500000e+000
    endloop
  endfacet
  facet normal 4.827957e-001 -8.757330e-001 0.000000e+000
    outer loop
      vertex   4.956569e-001 1.997546e+001 5.500000e+000
      vertex   4.956569e-001 1.997546e+001 2.500000e+000
      vertex   6.595948e-001 2.006584e+001 5.500000e+000
    endloop
  endfacet
  facet normal 3.006809e-002 -5.453989e-002 0.000000e+000
    outer loop
      vertex   6.595948e-001 2.006584e+001 5.500000e+000
      vertex   4.956569e-001 1.997546e+001 2.500000e+000
      vertex   6.595948e-001 2.006584e+001 2.500000e+000
    endloop
  endfacet
  facet normal 3.758247e-001 -9.266908e-001 0.000000e+000
    outer loop
      vertex   6.595948e-001 2.006584e+001 5.500000e+000
      vertex   6.595948e-001 2.006584e+001 2.500000e+000
      vertex   8.330715e-001 2.013620e+001 5.500000e+000
    endloop
  endfacet
  facet normal 2.340597e-002 -5.771332e-002 0.000000e+000
    outer loop
      vertex   8.330715e-001 2.013620e+001 5.500000e+000
      vertex   6.595948e-001 2.006584e+001 2.500000e+000
      vertex   8.330715e-001 2.013620e+001 2.500000e+000
    endloop
  endfacet
  facet normal 2.635941e-001 -9.646337e-001 0.000000e+000
    outer loop
      vertex   8.330715e-001 2.013620e+001 5.500000e+000
      vertex   8.330715e-001 2.013620e+001 2.500000e+000
      vertex   1.013652e+000 2.018554e+001 5.500000e+000
    endloop
  endfacet
  facet normal 1.641641e-002 -6.007653e-002 0.000000e+000
    outer loop
      vertex   1.013652e+000 2.018554e+001 5.500000e+000
      vertex   8.330715e-001 2.013620e+001 2.500000e+000
      vertex   1.013652e+000 2.018554e+001 2.500000e+000
    endloop
  endfacet
  facet normal 1.476460e-001 -9.890403e-001 0.000000e+000
    outer loop
      vertex   1.013652e+000 2.018554e+001 5.500000e+000
      vertex   1.013652e+000 2.018554e+001 2.500000e+000
      vertex   1.198800e+000 2.021318e+001 5.500000e+000
    endloop
  endfacet
  facet normal 9.195246e-003 -6.159644e-002 0.000000e+000
    outer loop
      vertex   1.198800e+000 2.021318e+001 5.500000e+000
      vertex   1.013652e+000 2.018554e+001 2.500000e+000
      vertex   1.198800e+000 2.021318e+001 2.500000e+000
    endloop
  endfacet
  facet normal 2.962906e-002 -9.995610e-001 0.000000e+000
    outer loop
      vertex   1.198800e+000 2.021318e+001 5.500000e+000
      vertex   1.198800e+000 2.021318e+001 2.500000e+000
      vertex   1.385918e+000 2.021873e+001 5.500000e+000
    endloop
  endfacet
  facet normal 1.845268e-003 -6.225165e-002 0.000000e+000
    outer loop
      vertex   1.385918e+000 2.021873e+001 5.500000e+000
      vertex   1.198800e+000 2.021318e+001 2.500000e+000
      vertex   1.385918e+000 2.021873e+001 2.500000e+000
    endloop
  endfacet
  facet normal -8.879549e-002 -9.960499e-001 -0.000000e+000
    outer loop
      vertex   1.385918e+000 2.021873e+001 5.500000e+000
      vertex   1.385918e+000 2.021873e+001 2.500000e+000
      vertex   1.572379e+000 2.020210e+001 5.500000e+000
    endloop
  endfacet
  facet normal -5.530092e-003 -6.203297e-002 -0.000000e+000
    outer loop
      vertex   1.572379e+000 2.020210e+001 5.500000e+000
      vertex   1.385918e+000 2.021873e+001 2.500000e+000
      vertex   1.572379e+000 2.020210e+001 2.500000e+000
    endloop
  endfacet
  facet normal -2.059770e-001 -9.785568e-001 -0.000000e+000
    outer loop
      vertex   1.572379e+000 2.020210e+001 5.500000e+000
      vertex   1.572379e+000 2.020210e+001 2.500000e+000
      vertex   1.755566e+000 2.016355e+001 5.500000e+000
    endloop
  endfacet
  facet normal -1.282804e-002 -6.094353e-002 -0.000000e+000
    outer loop
      vertex   1.755566e+000 2.016355e+001 5.500000e+000
      vertex   1.572379e+000 2.020210e+001 2.500000e+000
      vertex   1.755566e+000 2.016355e+001 2.500000e+000
    endloop
  endfacet
  facet normal -3.202744e-001 -9.473248e-001 -0.000000e+000
    outer loop
      vertex   1.755566e+000 2.016355e+001 5.500000e+000
      vertex   1.755566e+000 2.016355e+001 2.500000e+000
      vertex   1.932905e+000 2.010359e+001 5.500000e+000
    endloop
  endfacet
  facet normal -1.994640e-002 -5.899855e-002 -0.000000e+000
    outer loop
      vertex   1.932905e+000 2.010359e+001 5.500000e+000
      vertex   1.755566e+000 2.016355e+001 2.500000e+000
      vertex   1.932905e+000 2.010359e+001 2.500000e+000
    endloop
  endfacet
  facet normal -4.300607e-001 -9.028000e-001 -0.000000e+000
    outer loop
      vertex   1.932905e+000 2.010359e+001 5.500000e+000
      vertex   1.932905e+000 2.010359e+001 2.500000e+000
      vertex   2.101909e+000 2.002308e+001 5.500000e+000
    endloop
  endfacet
  facet normal -2.678367e-002 -5.622530e-002 -0.000000e+000
    outer loop
      vertex   2.101909e+000 2.002308e+001 5.500000e+000
      vertex   1.932905e+000 2.010359e+001 2.500000e+000
      vertex   2.101909e+000 2.002308e+001 2.500000e+000
    endloop
  endfacet
  facet normal -5.338220e-001 -8.455968e-001 -0.000000e+000
    outer loop
      vertex   2.101909e+000 2.002308e+001 5.500000e+000
      vertex   2.101909e+000 2.002308e+001 2.500000e+000
      vertex   2.260206e+000 1.992315e+001 5.500000e+000
    endloop
  endfacet
  facet normal -3.324591e-002 -5.266294e-002 -0.000000e+000
    outer loop
      vertex   2.260206e+000 1.992315e+001 5.500000e+000
      vertex   2.101909e+000 2.002308e+001 2.500000e+000
      vertex   2.260206e+000 1.992315e+001 2.500000e+000
    endloop
  endfacet
  facet normal -6.300931e-001 -7.765196e-001 -0.000000e+000
    outer loop
      vertex   2.260206e+000 1.992315e+001 5.500000e+000
      vertex   2.260206e+000 1.992315e+001 2.500000e+000
      vertex   2.405571e+000 1.980520e+001 5.500000e+000
    endloop
  endfacet
  facet normal -3.924176e-002 -4.836110e-002 -0.000000e+000
    outer loop
      vertex   2.405571e+000 1.980520e+001 5.500000e+000
      vertex   2.260206e+000 1.992315e+001 2.500000e+000
      vertex   2.405571e+000 1.980520e+001 2.500000e+000
    endloop
  endfacet
  facet normal -7.175065e-001 -6.965519e-001 -0.000000e+000
    outer loop
      vertex   2.405571e+000 1.980520e+001 5.500000e+000
      vertex   2.405571e+000 1.980520e+001 2.500000e+000
      vertex   2.535966e+000 1.967088e+001 5.500000e+000
    endloop
  endfacet
  facet normal -4.468556e-002 -4.338053e-002 -0.000000e+000
    outer loop
      vertex   2.535966e+000 1.967088e+001 5.500000e+000
      vertex   2.405571e+000 1.980520e+001 2.500000e+000
      vertex   2.535966e+000 1.967088e+001 2.500000e+000
    endloop
  endfacet
  facet normal -7.948529e-001 -6.068023e-001 -0.000000e+000
    outer loop
      vertex   2.535966e+000 1.967088e+001 5.500000e+000
      vertex   2.535966e+000 1.967088e+001 2.500000e+000
      vertex   2.649559e+000 1.952208e+001 5.500000e+000
    endloop
  endfacet
  facet normal -4.950242e-002 -3.779087e-002 -0.000000e+000
    outer loop
      vertex   2.649559e+000 1.952208e+001 5.500000e+000
      vertex   2.535966e+000 1.967088e+001 2.500000e+000
      vertex   2.649559e+000 1.952208e+001 2.500000e+000
    endloop
  endfacet
  facet normal -8.610442e-001 -5.085300e-001 -0.000000e+000
    outer loop
      vertex   2.649559e+000 1.952208e+001 5.500000e+000
      vertex   2.649559e+000 1.952208e+001 2.500000e+000
      vertex   2.744756e+000 1.936090e+001 5.500000e+000
    endloop
  endfacet
  facet normal -5.362508e-002 -3.167080e-002 -0.000000e+000
    outer loop
      vertex   2.744756e+000 1.936090e+001 5.500000e+000
      vertex   2.649559e+000 1.952208e+001 2.500000e+000
      vertex   2.744756e+000 1.936090e+001 2.500000e+000
    endloop
  endfacet
  facet normal -9.151459e-001 -4.031228e-001 -0.000000e+000
    outer loop
      vertex   2.744756e+000 1.936090e+001 5.500000e+000
      vertex   2.744756e+000 1.936090e+001 2.500000e+000
      vertex   2.820221e+000 1.918958e+001 5.500000e+000
    endloop
  endfacet
  facet normal -5.699453e-002 -2.510616e-002 -0.000000e+000
    outer loop
      vertex   2.820221e+000 1.918958e+001 5.500000e+000
      vertex   2.744756e+000 1.936090e+001 2.500000e+000
      vertex   2.820221e+000 1.918958e+001 2.500000e+000
    endloop
  endfacet
  facet normal -9.564006e-001 -2.920582e-001 -0.000000e+000
    outer loop
      vertex   2.820221e+000 1.918958e+001 5.500000e+000
      vertex   2.820221e+000 1.918958e+001 2.500000e+000
      vertex   2.874894e+000 1.901054e+001 5.500000e+000
    endloop
  endfacet
  facet normal -5.956319e-002 -1.818894e-002 -0.000000e+000
    outer loop
      vertex   2.874894e+000 1.901054e+001 5.500000e+000
      vertex   2.820221e+000 1.918958e+001 2.500000e+000
      vertex   2.874894e+000 1.901054e+001 2.500000e+000
    endloop
  endfacet
  facet normal -9.842308e-001 -1.768890e-001 -0.000000e+000
    outer loop
      vertex   2.874894e+000 1.901054e+001 5.500000e+000
      vertex   2.874894e+000 1.901054e+001 2.500000e+000
      vertex   2.908008e+000 1.882629e+001 5.500000e+000
    endloop
  endfacet
  facet normal -6.129741e-002 -1.101656e-002 -0.000000e+000
    outer loop
      vertex   2.908008e+000 1.882629e+001 5.500000e+000
      vertex   2.874894e+000 1.901054e+001 2.500000e+000
      vertex   2.908008e+000 1.882629e+001 2.500000e+000
    endloop
  endfacet
  facet normal 9.985827e-001 5.322234e-002 -0.000000e+000
    outer loop
      vertex   3.302909e+000 1.884935e+001 -5.000004e-001
      vertex   3.302909e+000 1.884935e+001 2.500000e+000
      vertex   3.314098e+000 1.863942e+001 -5.000004e-001
    endloop
  endfacet
  facet normal 6.980499e-002 3.720458e-003 -0.000000e+000
    outer loop
      vertex   3.314098e+000 1.863942e+001 -5.000004e-001
      vertex   3.302909e+000 1.884935e+001 2.500000e+000
      vertex   3.314098e+000 1.863942e+001 2.500000e+000
    endloop
  endfacet
  facet normal 9.985827e-001 -5.322186e-002 0.000000e+000
    outer loop
      vertex   3.314098e+000 1.863942e+001 -5.000004e-001
      vertex   3.314098e+000 1.863942e+001 2.500000e+000
      vertex   3.302909e+000 1.842949e+001 -5.000004e-001
    endloop
  endfacet
  facet normal 6.980562e-002 -3.720458e-003 0.000000e+000
    outer loop
      vertex   3.302909e+000 1.842949e+001 -5.000004e-001
      vertex   3.314098e+000 1.863942e+001 2.500000e+000
      vertex   3.302909e+000 1.842949e+001 2.500000e+000
    endloop
  endfacet
  facet normal 9.872681e-001 -1.590647e-001 0.000000e+000
    outer loop
      vertex   3.302909e+000 1.842949e+001 -5.000004e-001
      vertex   3.302909e+000 1.842949e+001 2.500000e+000
      vertex   3.269469e+000 1.822194e+001 -5.000004e-001
    endloop
  endfacet
  facet normal 6.901411e-002 -1.111928e-002 0.000000e+000
    outer loop
      vertex   3.269469e+000 1.822194e+001 -5.000004e-001
      vertex   3.302909e+000 1.842949e+001 2.500000e+000
      vertex   3.269469e+000 1.822194e+001 2.500000e+000
    endloop
  endfacet
  facet normal 9.647681e-001 -2.631016e-001 0.000000e+000
    outer loop
      vertex   3.269469e+000 1.822194e+001 -5.000004e-001
      vertex   3.269469e+000 1.822194e+001 2.500000e+000
      vertex   3.214158e+000 1.801912e+001 -5.000004e-001
    endloop
  endfacet
  facet normal 6.744185e-002 -1.839204e-002 0.000000e+000
    outer loop
      vertex   3.214158e+000 1.801912e+001 -5.000004e-001
      vertex   3.269469e+000 1.822194e+001 2.500000e+000
      vertex   3.214158e+000 1.801912e+001 2.500000e+000
    endloop
  endfacet
  facet normal 9.313364e-001 -3.641600e-001 0.000000e+000
    outer loop
      vertex   3.214158e+000 1.801912e+001 -5.000004e-001
      vertex   3.214158e+000 1.801912e+001 2.500000e+000
      vertex   3.137601e+000 1.782333e+001 -5.000004e-001
    endloop
  endfacet
  facet normal 6.510472e-002 -2.545647e-002 0.000000e+000
    outer loop
      vertex   3.137601e+000 1.782333e+001 -5.000004e-001
      vertex   3.214158e+000 1.801912e+001 2.500000e+000
      vertex   3.137601e+000 1.782333e+001 2.500000e+000
    endloop
  endfacet
  facet normal 8.873507e-001 -4.610952e-001 0.000000e+000
    outer loop
      vertex   3.137601e+000 1.782333e+001 -5.000004e-001
      vertex   3.137601e+000 1.782333e+001 2.500000e+000
      vertex   3.040667e+000 1.763678e+001 -5.000004e-001
    endloop
  endfacet
  facet normal 6.202936e-002 -3.223240e-002 0.000000e+000
    outer loop
      vertex   3.040667e+000 1.763678e+001 -5.000004e-001
      vertex   3.137601e+000 1.782333e+001 2.500000e+000
      vertex   3.040667e+000 1.763678e+001 2.500000e+000
    endloop
  endfacet
  facet normal 8.333148e-001 -5.527987e-001 0.000000e+000
    outer loop
      vertex   3.040667e+000 1.763678e+001 -5.000004e-001
      vertex   3.040667e+000 1.763678e+001 2.500000e+000
      vertex   2.924453e+000 1.746160e+001 -5.000004e-001
    endloop
  endfacet
  facet normal 5.825253e-002 -3.864317e-002 0.000000e+000
    outer loop
      vertex   2.924453e+000 1.746160e+001 -5.000004e-001
      vertex   3.040667e+000 1.763678e+001 2.500000e+000
      vertex   2.924453e+000 1.746160e+001 2.500000e+000
    endloop
  endfacet
  facet normal 7.698343e-001 -6.382439e-001 0.000000e+000
    outer loop
      vertex   2.924453e+000 1.746160e+001 -5.000004e-001
      vertex   2.924453e+000 1.746160e+001 2.500000e+000
      vertex   2.790277e+000 1.729976e+001 -5.000004e-001
    endloop
  endfacet
  facet normal 5.381484e-002 -4.461608e-002 0.000000e+000
    outer loop
      vertex   2.790277e+000 1.729976e+001 -5.000004e-001
      vertex   2.924453e+000 1.746160e+001 2.500000e+000
      vertex   2.790277e+000 1.729976e+001 2.500000e+000
    endloop
  endfacet
  facet normal 6.976323e-001 -7.164560e-001 0.000000e+000
    outer loop
      vertex   2.790277e+000 1.729976e+001 -5.000004e-001
      vertex   2.790277e+000 1.729976e+001 2.500000e+000
      vertex   2.639658e+000 1.715309e+001 -5.000004e-001
    endloop
  endfacet
  facet normal 4.876766e-002 -5.008352e-002 0.000000e+000
    outer loop
      vertex   2.639658e+000 1.715309e+001 -5.000004e-001
      vertex   2.790277e+000 1.729976e+001 2.500000e+000
      vertex   2.639658e+000 1.715309e+001 2.500000e+000
    endloop
  endfacet
  facet normal 6.175224e-001 -7.865533e-001 0.000000e+000
    outer loop
      vertex   2.639658e+000 1.715309e+001 -5.000004e-001
      vertex   2.639658e+000 1.715309e+001 2.500000e+000
      vertex   2.474303e+000 1.702327e+001 -5.000004e-001
    endloop
  endfacet
  facet normal 4.316743e-002 -5.498341e-002 0.000000e+000
    outer loop
      vertex   2.474303e+000 1.702327e+001 -5.000004e-001
      vertex   2.639658e+000 1.715309e+001 2.500000e+000
      vertex   2.474303e+000 1.702327e+001 2.500000e+000
    endloop
  endfacet
  facet normal 5.304216e-001 -8.477340e-001 0.000000e+000
    outer loop
      vertex   2.474303e+000 1.702327e+001 -5.000004e-001
      vertex   2.474303e+000 1.702327e+001 2.500000e+000
      vertex   2.296086e+000 1.691176e+001 -5.000004e-001
    endloop
  endfacet
  facet normal 3.707885e-002 -5.926040e-002 0.000000e+000
    outer loop
      vertex   2.296086e+000 1.691176e+001 -5.000004e-001
      vertex   2.474303e+000 1.702327e+001 2.500000e+000
      vertex   2.296086e+000 1.691176e+001 2.500000e+000
    endloop
  endfacet
  facet normal 4.373079e-001 -8.993118e-001 0.000000e+000
    outer loop
      vertex   2.296086e+000 1.691176e+001 -5.000004e-001
      vertex   2.296086e+000 1.691176e+001 2.500000e+000
      vertex   2.107026e+000 1.681983e+001 -5.000004e-001
    endloop
  endfacet
  facet normal 3.056977e-002 -6.286591e-002 0.000000e+000
    outer loop
      vertex   2.107026e+000 1.681983e+001 -5.000004e-001
      vertex   2.296086e+000 1.691176e+001 2.500000e+000
      vertex   2.107026e+000 1.681983e+001 2.500000e+000
    endloop
  endfacet
  facet normal 3.392401e-001 -9.406998e-001 0.000000e+000
    outer loop
      vertex   2.107026e+000 1.681983e+001 -5.000004e-001
      vertex   2.107026e+000 1.681983e+001 2.500000e+000
      vertex   1.909264e+000 1.674851e+001 -5.000004e-001
    endloop
  endfacet
  facet normal 2.371440e-002 -6.575913e-002 0.000000e+000
    outer loop
      vertex   1.909264e+000 1.674851e+001 -5.000004e-001
      vertex   2.107026e+000 1.681983e+001 2.500000e+000
      vertex   1.909264e+000 1.674851e+001 2.500000e+000
    endloop
  endfacet
  facet normal 2.373258e-001 -9.714301e-001 0.000000e+000
    outer loop
      vertex   1.909264e+000 1.674851e+001 -5.000004e-001
      vertex   1.909264e+000 1.674851e+001 2.500000e+000
      vertex   1.705043e+000 1.669862e+001 -5.000004e-001
    endloop
  endfacet
  facet normal 1.659012e-002 -6.790726e-002 0.000000e+000
    outer loop
      vertex   1.705043e+000 1.669862e+001 -5.000004e-001
      vertex   1.909264e+000 1.674851e+001 2.500000e+000
      vertex   1.705043e+000 1.669862e+001 2.500000e+000
    endloop
  endfacet
  facet normal 1.327257e-001 -9.911528e-001 0.000000e+000
    outer loop
      vertex   1.705043e+000 1.669862e+001 -5.000004e-001
      vertex   1.705043e+000 1.669862e+001 2.500000e+000
      vertex   1.496675e+000 1.667072e+001 -5.000004e-001
    endloop
  endfacet
  facet normal 9.278115e-003 -6.928599e-002 0.000000e+000
    outer loop
      vertex   1.496675e+000 1.667072e+001 -5.000004e-001
      vertex   1.705043e+000 1.669862e+001 2.500000e+000
      vertex   1.496675e+000 1.667072e+001 2.500000e+000
    endloop
  endfacet
  facet normal 2.661953e-002 -9.996457e-001 0.000000e+000
    outer loop
      vertex   1.496675e+000 1.667072e+001 -5.000004e-001
      vertex   1.496675e+000 1.667072e+001 2.500000e+000
      vertex   1.286522e+000 1.666512e+001 -5.000004e-001
    endloop
  endfacet
  facet normal 1.860824e-003 -6.987967e-002 0.000000e+000
    outer loop
      vertex   1.286522e+000 1.666512e+001 -5.000004e-001
      vertex   1.496675e+000 1.667072e+001 2.500000e+000
      vertex   1.286522e+000 1.666512e+001 2.500000e+000
    endloop
  endfacet
  facet normal -7.978602e-002 -9.968120e-001 0.000000e+000
    outer loop
      vertex   1.286522e+000 1.666512e+001 -5.000004e-001
      vertex   1.286522e+000 1.666512e+001 2.500000e+000
      vertex   1.076965e+000 1.668189e+001 -5.000004e-001
    endloop
  endfacet
  facet normal -5.577397e-003 -6.968159e-002 0.000000e+000
    outer loop
      vertex   1.076965e+000 1.668189e+001 -5.000004e-001
      vertex   1.286522e+000 1.666512e+001 2.500000e+000
      vertex   1.076965e+000 1.668189e+001 2.500000e+000
    endloop
  endfacet
  facet normal -1.852845e-001 -9.826849e-001 0.000000e+000
    outer loop
      vertex   1.076965e+000 1.668189e+001 -5.000004e-001
      vertex   1.076965e+000 1.668189e+001 2.500000e+000
      vertex   8.703776e-001 1.672085e+001 -5.000004e-001
    endloop
  endfacet
  facet normal -1.295220e-002 -6.869396e-002 0.000000e+000
    outer loop
      vertex   8.703776e-001 1.672085e+001 -5.000004e-001
      vertex   1.076965e+000 1.668189e+001 2.500000e+000
      vertex   8.703776e-001 1.672085e+001 2.500000e+000
    endloop
  endfacet
  facet normal -2.886955e-001 -9.574209e-001 0.000000e+000
    outer loop
      vertex   8.703776e-001 1.672085e+001 -5.000004e-001
      vertex   8.703776e-001 1.672085e+001 2.500000e+000
      vertex   6.691011e-001 1.678154e+001 -5.000004e-001
    endloop
  endfacet
  facet normal -2.018112e-002 -6.692805e-002 0.000000e+000
    outer loop
      vertex   6.691011e-001 1.678154e+001 -5.000004e-001
      vertex   8.703776e-001 1.672085e+001 2.500000e+000
      vertex   6.691011e-001 1.678154e+001 2.500000e+000
    endloop
  endfacet
  facet normal -3.888232e-001 -9.213124e-001 0.000000e+000
    outer loop
      vertex   6.691011e-001 1.678154e+001 -5.000004e-001
      vertex   6.691011e-001 1.678154e+001 2.500000e+000
      vertex   4.754159e-001 1.686328e+001 -5.000004e-001
    endloop
  endfacet
  facet normal -2.718046e-002 -6.440379e-002 0.000000e+000
    outer loop
      vertex   4.754159e-001 1.686328e+001 -5.000004e-001
      vertex   6.691011e-001 1.678154e+001 2.500000e+000
      vertex   4.754159e-001 1.686328e+001 2.500000e+000
    endloop
  endfacet
  facet normal -4.845501e-001 -8.747635e-001 0.000000e+000
    outer loop
      vertex   4.754159e-001 1.686328e+001 -5.000004e-001
      vertex   4.754159e-001 1.686328e+001 2.500000e+000
      vertex   2.915165e-001 1.696515e+001 -5.000004e-001
    endloop
  endfacet
  facet normal -3.387219e-002 -6.114982e-002 0.000000e+000
    outer loop
      vertex   2.915165e-001 1.696515e+001 -5.000004e-001
      vertex   4.754159e-001 1.686328e+001 2.500000e+000
      vertex   2.915165e-001 1.696515e+001 2.500000e+000
    endloop
  endfacet
  facet normal -5.747877e-001 -8.183026e-001 0.000000e+000
    outer loop
      vertex   2.915165e-001 1.696515e+001 -5.000004e-001
      vertex   2.915165e-001 1.696515e+001 2.500000e+000
      vertex   1.194867e-001 1.708598e+001 -5.000004e-001
    endloop
  endfacet
  facet normal -4.018022e-002 -5.720299e-002 0.000000e+000
    outer loop
      vertex   1.194867e-001 1.708598e+001 -5.000004e-001
      vertex   2.915165e-001 1.696515e+001 2.500000e+000
      vertex   1.194867e-001 1.708598e+001 2.500000e+000
    endloop
  endfacet
  facet normal -6.585114e-001 -7.525707e-001 0.000000e+000
    outer loop
      vertex   1.194867e-001 1.708598e+001 -5.000004e-001
      vertex   1.194867e-001 1.708598e+001 2.500000e+000
      vertex   -3.872444e-002 1.722442e+001 -5.000004e-001
    endloop
  endfacet
  facet normal -4.603287e-002 -5.260804e-002 0.000000e+000
    outer loop
      vertex   -3.872444e-002 1.722442e+001 -5.000004e-001
      vertex   1.194867e-001 1.708598e+001 2.500000e+000
      vertex   -3.872444e-002 1.722442e+001 2.500000e+000
    endloop
  endfacet
  facet normal -7.347755e-001 -6.783103e-001 0.000000e+000
    outer loop
      vertex   -3.872444e-002 1.722442e+001 -5.000004e-001
      vertex   -3.872444e-002 1.722442e+001 2.500000e+000
      vertex   -1.813243e-001 1.737889e+001 -5.000004e-001
    endloop
  endfacet
  facet normal -5.136419e-002 -4.741701e-002 0.000000e+000
    outer loop
      vertex   -1.813243e-001 1.737889e+001 -5.000004e-001
      vertex   -3.872444e-002 1.722442e+001 2.500000e+000
      vertex   -1.813243e-001 1.737889e+001 2.500000e+000
    endloop
  endfacet
  facet normal -8.027125e-001 -5.963662e-001 0.000000e+000
    outer loop
      vertex   -1.813243e-001 1.737889e+001 -5.000004e-001
      vertex   -1.813243e-001 1.737889e+001 2.500000e+000
      vertex   -3.066972e-001 1.754764e+001 -5.000004e-001
    endloop
  endfacet
  facet normal -5.611328e-002 -4.168873e-002 0.000000e+000
    outer loop
      vertex   -3.066972e-001 1.754764e+001 -5.000004e-001
      vertex   -1.813243e-001 1.737889e+001 2.500000e+000
      vertex   -3.066972e-001 1.754764e+001 2.500000e+000
    endloop
  endfacet
  facet normal -8.615534e-001 -5.076670e-001 0.000000e+000
    outer loop
      vertex   -3.066972e-001 1.754764e+001 -5.000004e-001
      vertex   -3.066972e-001 1.754764e+001 2.500000e+000
      vertex   -4.134225e-001 1.772876e+001 -5.000004e-001
    endloop
  endfacet
  facet normal -6.022625e-002 -3.548808e-002 0.000000e+000
    outer loop
      vertex   -4.134225e-001 1.772876e+001 -5.000004e-001
      vertex   -3.066972e-001 1.754764e+001 2.500000e+000
      vertex   -4.134225e-001 1.772876e+001 2.500000e+000
    endloop
  endfacet
  facet normal -9.106348e-001 -4.132121e-001 0.000000e+000
    outer loop
      vertex   -4.134225e-001 1.772876e+001 -5.000004e-001
      vertex   -4.134225e-001 1.772876e+001 2.500000e+000
      vertex   -5.002911e-001 1.792020e+001 -5.000004e-001
    endloop
  endfacet
  facet normal -6.365742e-002 -2.888536e-002 0.000000e+000
    outer loop
      vertex   -5.002911e-001 1.792020e+001 -5.000004e-001
      vertex   -4.134225e-001 1.772876e+001 2.500000e+000
      vertex   -5.002911e-001 1.792020e+001 2.500000e+000
    endloop
  endfacet
  facet normal -9.493971e-001 -3.140781e-001 0.000000e+000
    outer loop
      vertex   -5.002911e-001 1.792020e+001 -5.000004e-001
      vertex   -5.002911e-001 1.792020e+001 2.500000e+000
      vertex   -5.663188e-001 1.811979e+001 -5.000004e-001
    endloop
  endfacet
  facet normal -6.636684e-002 -2.195537e-002 0.000000e+000
    outer loop
      vertex   -5.663188e-001 1.811979e+001 -5.000004e-001
      vertex   -5.002911e-001 1.792020e+001 2.500000e+000
      vertex   -5.663188e-001 1.811979e+001 2.500000e+000
    endloop
  endfacet
  facet normal -9.774038e-001 -2.113810e-001 0.000000e+000
    outer loop
      vertex   -5.663188e-001 1.811979e+001 -5.000004e-001
      vertex   -5.663188e-001 1.811979e+001 2.500000e+000
      vertex   -6.107572e-001 1.832527e+001 -5.000004e-001
    endloop
  endfacet
  facet normal -6.832533e-002 -1.477657e-002 0.000000e+000
    outer loop
      vertex   -6.107572e-001 1.832527e+001 -5.000004e-001
      vertex   -5.663188e-001 1.811979e+001 2.500000e+000
      vertex   -6.107572e-001 1.832527e+001 2.500000e+000
    endloop
  endfacet
  facet normal -9.943348e-001 -1.062939e-001 0.000000e+000
    outer loop
      vertex   -6.107572e-001 1.832527e+001 -5.000004e-001
      vertex   -6.107572e-001 1.832527e+001 2.500000e+000
      vertex   -6.331030e-001 1.853431e+001 -5.000004e-001
    endloop
  endfacet
  facet normal -6.950817e-002 -7.430392e-003 0.000000e+000
    outer loop
      vertex   -6.331030e-001 1.853431e+001 -5.000004e-001
      vertex   -6.107572e-001 1.832527e+001 2.500000e+000
      vertex   -6.331030e-001 1.853431e+001 2.500000e+000
    endloop
  endfacet
  facet normal -1.000000e+000 0.000000e+000 0.000000e+000
    outer loop
      vertex   -6.331030e-001 1.853431e+001 -5.000004e-001
      vertex   -6.331030e-001 1.853431e+001 2.500000e+000
      vertex   -6.331030e-001 1.874454e+001 -5.000004e-001
    endloop
  endfacet
  facet normal -6.990456e-002 0.000000e+000 0.000000e+000
    outer loop
      vertex   -6.331030e-001 1.874454e+001 -5.000004e-001
      vertex   -6.331030e-001 1.853431e+001 2.500000e+000
      vertex   -6.331030e-001 1.874454e+001 2.500000e+000
    endloop
  endfacet
  facet normal -9.943348e-001 1.062939e-001 0.000000e+000
    outer loop
      vertex   -6.331030e-001 1.874454e+001 -5.000004e-001
      vertex   -6.331030e-001 1.874454e+001 2.500000e+000
      vertex   -6.107572e-001 1.895357e+001 -5.000004e-001
    endloop
  endfacet
  facet normal -6.950817e-002 7.430392e-003 0.000000e+000
    outer loop
      vertex   -6.107572e-001 1.895357e+001 -5.000004e-001
      vertex   -6.331030e-001 1.874454e+001 2.500000e+000
      vertex   -6.107572e-001 1.895357e+001 2.500000e+000
    endloop
  endfacet
  facet normal -9.774033e-001 2.113828e-001 0.000000e+000
    outer loop
      vertex   -6.107572e-001 1.895357e+001 -5.000004e-001
      vertex   -6.107572e-001 1.895357e+001 2.500000e+000
      vertex   -5.663188e-001 1.915905e+001 -5.000004e-001
    endloop
  endfacet
  facet normal -6.832470e-002 1.477657e-002 0.000000e+000
    outer loop
      vertex   -5.663188e-001 1.915905e+001 -5.000004e-001
      vertex   -6.107572e-001 1.895357e+001 2.500000e+000
      vertex   -5.663188e-001 1.915905e+001 2.500000e+000
    endloop
  endfacet
  facet normal -9.493980e-001 3.140754e-001 0.000000e+000
    outer loop
      vertex   -5.663188e-001 1.915905e+001 -5.000004e-001
      vertex   -5.663188e-001 1.915905e+001 2.500000e+000
      vertex   -5.002911e-001 1.935864e+001 -5.000004e-001
    endloop
  endfacet
  facet normal -6.636747e-002 2.195537e-002 0.000000e+000
    outer loop
      vertex   -5.002911e-001 1.935864e+001 -5.000004e-001
      vertex   -5.663188e-001 1.915905e+001 2.500000e+000
      vertex   -5.002911e-001 1.935864e+001 2.500000e+000
    endloop
  endfacet
  facet normal -9.106348e-001 4.132121e-001 0.000000e+000
    outer loop
      vertex   -5.002911e-001 1.935864e+001 -5.000004e-001
      vertex   -5.002911e-001 1.935864e+001 2.500000e+000
      vertex   -4.134225e-001 1.955008e+001 -5.000004e-001
    endloop
  endfacet
  facet normal -6.365742e-002 2.888536e-002 0.000000e+000
    outer loop
      vertex   -4.134225e-001 1.955008e+001 -5.000004e-001
      vertex   -5.002911e-001 1.935864e+001 2.500000e+000
      vertex   -4.134225e-001 1.955008e+001 2.500000e+000
    endloop
  endfacet
  facet normal -8.615534e-001 5.076670e-001 0.000000e+000
    outer loop
      vertex   -4.134225e-001 1.955008e+001 -5.000004e-001
      vertex   -4.134225e-001 1.955008e+001 2.500000e+000
      vertex   -3.066972e-001 1.973120e+001 -5.000004e-001
    endloop
  endfacet
  facet normal -6.022625e-002 3.548808e-002 0.000000e+000
    outer loop
      vertex   -3.066972e-001 1.973120e+001 -5.000004e-001
      vertex   -4.134225e-001 1.955008e+001 2.500000e+000
      vertex   -3.066972e-001 1.973120e+001 2.500000e+000
    endloop
  endfacet
  facet normal -8.027125e-001 5.963662e-001 0.000000e+000
    outer loop
      vertex   -3.066972e-001 1.973120e+001 -5.000004e-001
      vertex   -3.066972e-001 1.973120e+001 2.500000e+000
      vertex   -1.813243e-001 1.989995e+001 -5.000004e-001
    endloop
  endfacet
  facet normal -5.611328e-002 4.168873e-002 0.000000e+000
    outer loop
      vertex   -1.813243e-001 1.989995e+001 -5.000004e-001
      vertex   -3.066972e-001 1.973120e+001 2.500000e+000
      vertex   -1.813243e-001 1.989995e+001 2.500000e+000
    endloop
  endfacet
  facet normal -7.347714e-001 6.783149e-001 0.000000e+000
    outer loop
      vertex   -1.813243e-001 1.989995e+001 -5.000004e-001
      vertex   -1.813243e-001 1.989995e+001 2.500000e+000
      vertex   -3.872444e-002 2.005442e+001 -5.000004e-001
    endloop
  endfacet
  facet normal -5.136355e-002 4.741701e-002 0.000000e+000
    outer loop
      vertex   -3.872444e-002 2.005442e+001 -5.000004e-001
      vertex   -1.813243e-001 1.989995e+001 2.500000e+000
      vertex   -3.872444e-002 2.005442e+001 2.500000e+000
    endloop
  endfacet
  facet normal -6.585114e-001 7.525707e-001 0.000000e+000
    outer loop
      vertex   -3.872444e-002 2.005442e+001 -5.000004e-001
      vertex   -3.872444e-002 2.005442e+001 2.500000e+000
      vertex   1.194867e-001 2.019286e+001 -5.000004e-001
    endloop
  endfacet
  facet normal -4.603287e-002 5.260804e-002 0.000000e+000
    outer loop
      vertex   1.194867e-001 2.019286e+001 -5.000004e-001
      vertex   -3.872444e-002 2.005442e+001 2.500000e+000
      vertex   1.194867e-001 2.019286e+001 2.500000e+000
    endloop
  endfacet
  facet normal -5.747877e-001 8.183026e-001 0.000000e+000
    outer loop
      vertex   1.194867e-001 2.019286e+001 -5.000004e-001
      vertex   1.194867e-001 2.019286e+001 2.500000e+000
      vertex   2.915165e-001 2.031370e+001 -5.000004e-001
    endloop
  endfacet
  facet normal -4.018022e-002 5.720299e-002 0.000000e+000
    outer loop
      vertex   2.915165e-001 2.031370e+001 -5.000004e-001
      vertex   1.194867e-001 2.019286e+001 2.500000e+000
      vertex   2.915165e-001 2.031370e+001 2.500000e+000
    endloop
  endfacet
  facet normal -4.845501e-001 8.747635e-001 0.000000e+000
    outer loop
      vertex   2.915165e-001 2.031370e+001 -5.000004e-001
      vertex   2.915165e-001 2.031370e+001 2.500000e+000
      vertex   4.754159e-001 2.041556e+001 -5.000004e-001
    endloop
  endfacet
  facet normal -3.387219e-002 6.114982e-002 0.000000e+000
    outer loop
      vertex   4.754159e-001 2.041556e+001 -5.000004e-001
      vertex   2.915165e-001 2.031370e+001 2.500000e+000
      vertex   4.754159e-001 2.041556e+001 2.500000e+000
    endloop
  endfacet
  facet normal -3.888309e-001 9.213091e-001 0.000000e+000
    outer loop
      vertex   4.754159e-001 2.041556e+001 -5.000004e-001
      vertex   4.754159e-001 2.041556e+001 2.500000e+000
      vertex   6.691011e-001 2.049730e+001 -5.000004e-001
    endloop
  endfacet
  facet normal -2.718109e-002 6.440379e-002 0.000000e+000
    outer loop
      vertex   6.691011e-001 2.049730e+001 -5.000004e-001
      vertex   4.754159e-001 2.041556e+001 2.500000e+000
      vertex   6.691011e-001 2.049730e+001 2.500000e+000
    endloop
  endfacet
  facet normal -2.886872e-001 9.574234e-001 0.000000e+000
    outer loop
      vertex   6.691011e-001 2.049730e+001 -5.000004e-001
      vertex   6.691011e-001 2.049730e+001 2.500000e+000
      vertex   8.703776e-001 2.055799e+001 -5.000004e-001
    endloop
  endfacet
  facet normal -2.018049e-002 6.692805e-002 0.000000e+000
    outer loop
      vertex   8.703776e-001 2.055799e+001 -5.000004e-001
      vertex   6.691011e-001 2.049730e+001 2.500000e+000
      vertex   8.703776e-001 2.055799e+001 2.500000e+000
    endloop
  endfacet
  facet normal -1.852933e-001 9.826832e-001 0.000000e+000
    outer loop
      vertex   8.703776e-001 2.055799e+001 -5.000004e-001
      vertex   8.703776e-001 2.055799e+001 2.500000e+000
      vertex   1.076965e+000 2.059695e+001 -5.000004e-001
    endloop
  endfacet
  facet normal -1.295283e-002 6.869396e-002 0.000000e+000
    outer loop
      vertex   1.076965e+000 2.059695e+001 -5.000004e-001
      vertex   8.703776e-001 2.055799e+001 2.500000e+000
      vertex   1.076965e+000 2.059695e+001 2.500000e+000
    endloop
  endfacet
  facet normal -7.978602e-002 9.968120e-001 0.000000e+000
    outer loop
      vertex   1.076965e+000 2.059695e+001 -5.000004e-001
      vertex   1.076965e+000 2.059695e+001 2.500000e+000
      vertex   1.286522e+000 2.061372e+001 -5.000004e-001
    endloop
  endfacet
  facet normal -5.577397e-003 6.968159e-002 0.000000e+000
    outer loop
      vertex   1.286522e+000 2.061372e+001 -5.000004e-001
      vertex   1.076965e+000 2.059695e+001 2.500000e+000
      vertex   1.286522e+000 2.061372e+001 2.500000e+000
    endloop
  endfacet
  facet normal 2.661953e-002 9.996457e-001 -0.000000e+000
    outer loop
      vertex   1.286522e+000 2.061372e+001 -5.000004e-001
      vertex   1.286522e+000 2.061372e+001 2.500000e+000
      vertex   1.496675e+000 2.060813e+001 -5.000004e-001
    endloop
  endfacet
  facet normal 1.860824e-003 6.987967e-002 -0.000000e+000
    outer loop
      vertex   1.496675e+000 2.060813e+001 -5.000004e-001
      vertex   1.286522e+000 2.061372e+001 2.500000e+000
      vertex   1.496675e+000 2.060813e+001 2.500000e+000
    endloop
  endfacet
  facet normal 1.327257e-001 9.911528e-001 -0.000000e+000
    outer loop
      vertex   1.496675e+000 2.060813e+001 -5.000004e-001
      vertex   1.496675e+000 2.060813e+001 2.500000e+000
      vertex   1.705043e+000 2.058022e+001 -5.000004e-001
    endloop
  endfacet
  facet normal 9.278115e-003 6.928599e-002 -0.000000e+000
    outer loop
      vertex   1.705043e+000 2.058022e+001 -5.000004e-001
      vertex   1.496675e+000 2.060813e+001 2.500000e+000
      vertex   1.705043e+000 2.058022e+001 2.500000e+000
    endloop
  endfacet
  facet normal 2.373344e-001 9.714280e-001 -0.000000e+000
    outer loop
      vertex   1.705043e+000 2.058022e+001 -5.000004e-001
      vertex   1.705043e+000 2.058022e+001 2.500000e+000
      vertex   1.909264e+000 2.053033e+001 -5.000004e-001
    endloop
  endfacet
  facet normal 1.659076e-002 6.790726e-002 -0.000000e+000
    outer loop
      vertex   1.909264e+000 2.053033e+001 -5.000004e-001
      vertex   1.705043e+000 2.058022e+001 2.500000e+000
      vertex   1.909264e+000 2.053033e+001 2.500000e+000
    endloop
  endfacet
  facet normal 3.392321e-001 9.407027e-001 -0.000000e+000
    outer loop
      vertex   1.909264e+000 2.053033e+001 -5.000004e-001
      vertex   1.909264e+000 2.053033e+001 2.500000e+000
      vertex   2.107026e+000 2.045901e+001 -5.000004e-001
    endloop
  endfacet
  facet normal 2.371377e-002 6.575913e-002 -0.000000e+000
    outer loop
      vertex   2.107026e+000 2.045901e+001 -5.000004e-001
      vertex   1.909264e+000 2.053033e+001 2.500000e+000
      vertex   2.107026e+000 2.045901e+001 2.500000e+000
    endloop
  endfacet
  facet normal 4.373079e-001 8.993118e-001 -0.000000e+000
    outer loop
      vertex   2.107026e+000 2.045901e+001 -5.000004e-001
      vertex   2.107026e+000 2.045901e+001 2.500000e+000
      vertex   2.296086e+000 2.036708e+001 -5.000004e-001
    endloop
  endfacet
  facet normal 3.056977e-002 6.286591e-002 -0.000000e+000
    outer loop
      vertex   2.296086e+000 2.036708e+001 -5.000004e-001
      vertex   2.107026e+000 2.045901e+001 2.500000e+000
      vertex   2.296086e+000 2.036708e+001 2.500000e+000
    endloop
  endfacet
  facet normal 5.304216e-001 8.477340e-001 -0.000000e+000
    outer loop
      vertex   2.296086e+000 2.036708e+001 -5.000004e-001
      vertex   2.296086e+000 2.036708e+001 2.500000e+000
      vertex   2.474303e+000 2.025557e+001 -5.000004e-001
    endloop
  endfacet
  facet normal 3.707885e-002 5.926040e-002 -0.000000e+000
    outer loop
      vertex   2.474303e+000 2.025557e+001 -5.000004e-001
      vertex   2.296086e+000 2.036708e+001 2.500000e+000
      vertex   2.474303e+000 2.025557e+001 2.500000e+000
    endloop
  endfacet
  facet normal 6.175280e-001 7.865489e-001 -0.000000e+000
    outer loop
      vertex   2.474303e+000 2.025557e+001 -5.000004e-001
      vertex   2.474303e+000 2.025557e+001 2.500000e+000
      vertex   2.639658e+000 2.012575e+001 -5.000004e-001
    endloop
  endfacet
  facet normal 4.316806e-002 5.498341e-002 -0.000000e+000
    outer loop
      vertex   2.639658e+000 2.012575e+001 -5.000004e-001
      vertex   2.474303e+000 2.025557e+001 2.500000e+000
      vertex   2.639658e+000 2.012575e+001 2.500000e+000
    endloop
  endfacet
  facet normal 6.976276e-001 7.164605e-001 -0.000000e+000
    outer loop
      vertex   2.639658e+000 2.012575e+001 -5.000004e-001
      vertex   2.639658e+000 2.012575e+001 2.500000e+000
      vertex   2.790277e+000 1.997909e+001 -5.000004e-001
    endloop
  endfacet
  facet normal 4.876703e-002 5.008353e-002 -0.000000e+000
    outer loop
      vertex   2.790277e+000 1.997909e+001 -5.000004e-001
      vertex   2.639658e+000 2.012575e+001 2.500000e+000
      vertex   2.790277e+000 1.997909e+001 2.500000e+000
    endloop
  endfacet
  facet normal 7.698343e-001 6.382439e-001 -0.000000e+000
    outer loop
      vertex   2.790277e+000 1.997909e+001 -5.000004e-001
      vertex   2.790277e+000 1.997909e+001 2.500000e+000
      vertex   2.924453e+000 1.981725e+001 -5.000004e-001
    endloop
  endfacet
  facet normal 5.381484e-002 4.461608e-002 -0.000000e+000
    outer loop
      vertex   2.924453e+000 1.981725e+001 -5.000004e-001
      vertex   2.790277e+000 1.997909e+001 2.500000e+000
      vertex   2.924453e+000 1.981725e+001 2.500000e+000
    endloop
  endfacet
  facet normal 8.333148e-001 5.527987e-001 -0.000000e+000
    outer loop
      vertex   2.924453e+000 1.981725e+001 -5.000004e-001
      vertex   2.924453e+000 1.981725e+001 2.500000e+000
      vertex   3.040667e+000 1.964206e+001 -5.000004e-001
    endloop
  endfacet
  facet normal 5.825253e-002 3.864317e-002 -0.000000e+000
    outer loop
      vertex   3.040667e+000 1.964206e+001 -5.000004e-001
      vertex   2.924453e+000 1.981725e+001 2.500000e+000
      vertex   3.040667e+000 1.964206e+001 2.500000e+000
    endloop
  endfacet
  facet normal 8.873526e-001 4.610915e-001 -0.000000e+000
    outer loop
      vertex   3.040667e+000 1.964206e+001 -5.000004e-001
      vertex   3.040667e+000 1.964206e+001 2.500000e+000
      vertex   3.137601e+000 1.945551e+001 -5.000004e-001
    endloop
  endfacet
  facet normal 6.202999e-002 3.223240e-002 -0.000000e+000
    outer loop
      vertex   3.137601e+000 1.945551e+001 -5.000004e-001
      vertex   3.040667e+000 1.964206e+001 2.500000e+000
      vertex   3.137601e+000 1.945551e+001 2.500000e+000
    endloop
  endfacet
  facet normal 9.313364e-001 3.641600e-001 -0.000000e+000
    outer loop
      vertex   3.137601e+000 1.945551e+001 -5.000004e-001
      vertex   3.137601e+000 1.945551e+001 2.500000e+000
      vertex   3.214158e+000 1.925972e+001 -5.000004e-001
    endloop
  endfacet
  facet normal 6.510472e-002 2.545647e-002 -0.000000e+000
    outer loop
      vertex   3.214158e+000 1.925972e+001 -5.000004e-001
      vertex   3.137601e+000 1.945551e+001 2.500000e+000
      vertex   3.214158e+000 1.925972e+001 2.500000e+000
    endloop
  endfacet
  facet normal 9.647675e-001 2.631039e-001 -0.000000e+000
    outer loop
      vertex   3.214158e+000 1.925972e+001 -5.000004e-001
      vertex   3.214158e+000 1.925972e+001 2.500000e+000
      vertex   3.269469e+000 1.905690e+001 -5.000004e-001
    endloop
  endfacet
  facet normal 6.744123e-002 1.839205e-002 -0.000000e+000
    outer loop
      vertex   3.269469e+000 1.905690e+001 -5.000004e-001
      vertex   3.214158e+000 1.925972e+001 2.500000e+000
      vertex   3.269469e+000 1.905690e+001 2.500000e+000
    endloop
  endfacet
  facet normal 9.872684e-001 1.590633e-001 -0.000000e+000
    outer loop
      vertex   3.269469e+000 1.905690e+001 -5.000004e-001
      vertex   3.269469e+000 1.905690e+001 2.500000e+000
      vertex   3.302909e+000 1.884935e+001 -5.000004e-001
    endloop
  endfacet
  facet normal 6.901474e-002 1.111928e-002 -0.000000e+000
    outer loop
      vertex   3.302909e+000 1.884935e+001 -5.000004e-001
      vertex   3.269469e+000 1.905690e+001 2.500000e+000
      vertex   3.302909e+000 1.884935e+001 2.500000e+000
    endloop
  endfacet
  facet normal 9.985827e-001 -5.322186e-002 0.000000e+000
    outer loop
      vertex   3.302909e+000 1.842949e+001 5.500000e+000
      vertex   3.302909e+000 1.842949e+001 2.500000e+000
      vertex   3.314098e+000 1.863942e+001 5.500000e+000
    endloop
  endfacet
  facet normal 6.980563e-002 -3.720458e-003 0.000000e+000
    outer loop
      vertex   3.314098e+000 1.863942e+001 5.500000e+000
      vertex   3.302909e+000 1.842949e+001 2.500000e+000
      vertex   3.314098e+000 1.863942e+001 2.500000e+000
    endloop
  endfacet
  facet normal 9.985827e-001 5.322234e-002 0.000000e+000
    outer loop
      vertex   3.314098e+000 1.863942e+001 5.500000e+000
      vertex   3.314098e+000 1.863942e+001 2.500000e+000
      vertex   3.302909e+000 1.884935e+001 5.500000e+000
    endloop
  endfacet
  facet normal 6.980500e-002 3.720459e-003 0.000000e+000
    outer loop
      vertex   3.302909e+000 1.884935e+001 5.500000e+000
      vertex   3.314098e+000 1.863942e+001 2.500000e+000
      vertex   3.302909e+000 1.884935e+001 2.500000e+000
    endloop
  endfacet
  facet normal 9.872684e-001 1.590633e-001 0.000000e+000
    outer loop
      vertex   3.302909e+000 1.884935e+001 5.500000e+000
      vertex   3.302909e+000 1.884935e+001 2.500000e+000
      vertex   3.269469e+000 1.905690e+001 5.500000e+000
    endloop
  endfacet
  facet normal 6.901474e-002 1.111928e-002 0.000000e+000
    outer loop
      vertex   3.269469e+000 1.905690e+001 5.500000e+000
      vertex   3.302909e+000 1.884935e+001 2.500000e+000
      vertex   3.269469e+000 1.905690e+001 2.500000e+000
    endloop
  endfacet
  facet normal 9.647675e-001 2.631039e-001 0.000000e+000
    outer loop
      vertex   3.269469e+000 1.905690e+001 5.500000e+000
      vertex   3.269469e+000 1.905690e+001 2.500000e+000
      vertex   3.214158e+000 1.925972e+001 5.500000e+000
    endloop
  endfacet
  facet normal 6.744123e-002 1.839205e-002 0.000000e+000
    outer loop
      vertex   3.214158e+000 1.925972e+001 5.500000e+000
      vertex   3.269469e+000 1.905690e+001 2.500000e+000
      vertex   3.214158e+000 1.925972e+001 2.500000e+000
    endloop
  endfacet
  facet normal 9.313364e-001 3.641600e-001 0.000000e+000
    outer loop
      vertex   3.214158e+000 1.925972e+001 5.500000e+000
      vertex   3.214158e+000 1.925972e+001 2.500000e+000
      vertex   3.137601e+000 1.945551e+001 5.500000e+000
    endloop
  endfacet
  facet normal 6.510473e-002 2.545647e-002 0.000000e+000
    outer loop
      vertex   3.137601e+000 1.945551e+001 5.500000e+000
      vertex   3.214158e+000 1.925972e+001 2.500000e+000
      vertex   3.137601e+000 1.945551e+001 2.500000e+000
    endloop
  endfacet
  facet normal 8.873526e-001 4.610915e-001 0.000000e+000
    outer loop
      vertex   3.137601e+000 1.945551e+001 5.500000e+000
      vertex   3.137601e+000 1.945551e+001 2.500000e+000
      vertex   3.040667e+000 1.964206e+001 5.500000e+000
    endloop
  endfacet
  facet normal 6.203000e-002 3.223240e-002 0.000000e+000
    outer loop
      vertex   3.040667e+000 1.964206e+001 5.500000e+000
      vertex   3.137601e+000 1.945551e+001 2.500000e+000
      vertex   3.040667e+000 1.964206e+001 2.500000e+000
    endloop
  endfacet
  facet normal 8.333148e-001 5.527987e-001 0.000000e+000
    outer loop
      vertex   3.040667e+000 1.964206e+001 5.500000e+000
      vertex   3.040667e+000 1.964206e+001 2.500000e+000
      vertex   2.924453e+000 1.981725e+001 5.500000e+000
    endloop
  endfacet
  facet normal 5.825254e-002 3.864317e-002 0.000000e+000
    outer loop
      vertex   2.924453e+000 1.981725e+001 5.500000e+000
      vertex   3.040667e+000 1.964206e+001 2.500000e+000
      vertex   2.924453e+000 1.981725e+001 2.500000e+000
    endloop
  endfacet
  facet normal 7.698343e-001 6.382439e-001 0.000000e+000
    outer loop
      vertex   2.924453e+000 1.981725e+001 5.500000e+000
      vertex   2.924453e+000 1.981725e+001 2.500000e+000
      vertex   2.790277e+000 1.997909e+001 5.500000e+000
    endloop
  endfacet
  facet normal 5.381485e-002 4.461609e-002 0.000000e+000
    outer loop
      vertex   2.790277e+000 1.997909e+001 5.500000e+000
      vertex   2.924453e+000 1.981725e+001 2.500000e+000
      vertex   2.790277e+000 1.997909e+001 2.500000e+000
    endloop
  endfacet
  facet normal 6.976276e-001 7.164605e-001 0.000000e+000
    outer loop
      vertex   2.790277e+000 1.997909e+001 5.500000e+000
      vertex   2.790277e+000 1.997909e+001 2.500000e+000
      vertex   2.639658e+000 2.012575e+001 5.500000e+000
    endloop
  endfacet
  facet normal 4.876703e-002 5.008353e-002 0.000000e+000
    outer loop
      vertex   2.639658e+000 2.012575e+001 5.500000e+000
      vertex   2.790277e+000 1.997909e+001 2.500000e+000
      vertex   2.639658e+000 2.012575e+001 2.500000e+000
    endloop
  endfacet
  facet normal 6.175280e-001 7.865489e-001 0.000000e+000
    outer loop
      vertex   2.639658e+000 2.012575e+001 5.500000e+000
      vertex   2.639658e+000 2.012575e+001 2.500000e+000
      vertex   2.474303e+000 2.025557e+001 5.500000e+000
    endloop
  endfacet
  facet normal 4.316807e-002 5.498341e-002 0.000000e+000
    outer loop
      vertex   2.474303e+000 2.025557e+001 5.500000e+000
      vertex   2.639658e+000 2.012575e+001 2.500000e+000
      vertex   2.474303e+000 2.025557e+001 2.500000e+000
    endloop
  endfacet
  facet normal 5.304216e-001 8.477340e-001 0.000000e+000
    outer loop
      vertex   2.474303e+000 2.025557e+001 5.500000e+000
      vertex   2.474303e+000 2.025557e+001 2.500000e+000
      vertex   2.296086e+000 2.036708e+001 5.500000e+000
    endloop
  endfacet
  facet normal 3.707885e-002 5.926041e-002 0.000000e+000
    outer loop
      vertex   2.296086e+000 2.036708e+001 5.500000e+000
      vertex   2.474303e+000 2.025557e+001 2.500000e+000
      vertex   2.296086e+000 2.036708e+001 2.500000e+000
    endloop
  endfacet
  facet normal 4.373079e-001 8.993118e-001 0.000000e+000
    outer loop
      vertex   2.296086e+000 2.036708e+001 5.500000e+000
      vertex   2.296086e+000 2.036708e+001 2.500000e+000
      vertex   2.107026e+000 2.045901e+001 5.500000e+000
    endloop
  endfacet
  facet normal 3.056977e-002 6.286591e-002 0.000000e+000
    outer loop
      vertex   2.107026e+000 2.045901e+001 5.500000e+000
      vertex   2.296086e+000 2.036708e+001 2.500000e+000
      vertex   2.107026e+000 2.045901e+001 2.500000e+000
    endloop
  endfacet
  facet normal 3.392321e-001 9.407027e-001 0.000000e+000
    outer loop
      vertex   2.107026e+000 2.045901e+001 5.500000e+000
      vertex   2.107026e+000 2.045901e+001 2.500000e+000
      vertex   1.909264e+000 2.053033e+001 5.500000e+000
    endloop
  endfacet
  facet normal 2.371377e-002 6.575914e-002 0.000000e+000
    outer loop
      vertex   1.909264e+000 2.053033e+001 5.500000e+000
      vertex   2.107026e+000 2.045901e+001 2.500000e+000
      vertex   1.909264e+000 2.053033e+001 2.500000e+000
    endloop
  endfacet
  facet normal 2.373344e-001 9.714280e-001 0.000000e+000
    outer loop
      vertex   1.909264e+000 2.053033e+001 5.500000e+000
      vertex   1.909264e+000 2.053033e+001 2.500000e+000
      vertex   1.705043e+000 2.058022e+001 5.500000e+000
    endloop
  endfacet
  facet normal 1.659076e-002 6.790727e-002 0.000000e+000
    outer loop
      vertex   1.705043e+000 2.058022e+001 5.500000e+000
      vertex   1.909264e+000 2.053033e+001 2.500000e+000
      vertex   1.705043e+000 2.058022e+001 2.500000e+000
    endloop
  endfacet
  facet normal 1.327257e-001 9.911528e-001 0.000000e+000
    outer loop
      vertex   1.705043e+000 2.058022e+001 5.500000e+000
      vertex   1.705043e+000 2.058022e+001 2.500000e+000
      vertex   1.496675e+000 2.060813e+001 5.500000e+000
    endloop
  endfacet
  facet normal 9.278116e-003 6.928600e-002 0.000000e+000
    outer loop
      vertex   1.496675e+000 2.060813e+001 5.500000e+000
      vertex   1.705043e+000 2.058022e+001 2.500000e+000
      vertex   1.496675e+000 2.060813e+001 2.500000e+000
    endloop
  endfacet
  facet normal 2.661953e-002 9.996457e-001 0.000000e+000
    outer loop
      vertex   1.496675e+000 2.060813e+001 5.500000e+000
      vertex   1.496675e+000 2.060813e+001 2.500000e+000
      vertex   1.286522e+000 2.061372e+001 5.500000e+000
    endloop
  endfacet
  facet normal 1.860824e-003 6.987967e-002 0.000000e+000
    outer loop
      vertex   1.286522e+000 2.061372e+001 5.500000e+000
      vertex   1.496675e+000 2.060813e+001 2.500000e+000
      vertex   1.286522e+000 2.061372e+001 2.500000e+000
    endloop
  endfacet
  facet normal -7.978602e-002 9.968120e-001 0.000000e+000
    outer loop
      vertex   1.286522e+000 2.061372e+001 5.500000e+000
      vertex   1.286522e+000 2.061372e+001 2.500000e+000
      vertex   1.076965e+000 2.059695e+001 5.500000e+000
    endloop
  endfacet
  facet normal -5.577398e-003 6.968160e-002 0.000000e+000
    outer loop
      vertex   1.076965e+000 2.059695e+001 5.500000e+000
      vertex   1.286522e+000 2.061372e+001 2.500000e+000
      vertex   1.076965e+000 2.059695e+001 2.500000e+000
    endloop
  endfacet
  facet normal -1.852933e-001 9.826832e-001 0.000000e+000
    outer loop
      vertex   1.076965e+000 2.059695e+001 5.500000e+000
      vertex   1.076965e+000 2.059695e+001 2.500000e+000
      vertex   8.703776e-001 2.055799e+001 5.500000e+000
    endloop
  endfacet
  facet normal -1.295283e-002 6.869397e-002 0.000000e+000
    outer loop
      vertex   8.703776e-001 2.055799e+001 5.500000e+000
      vertex   1.076965e+000 2.059695e+001 2.500000e+000
      vertex   8.703776e-001 2.055799e+001 2.500000e+000
    endloop
  endfacet
  facet normal -2.886872e-001 9.574234e-001 0.000000e+000
    outer loop
      vertex   8.703776e-001 2.055799e+001 5.500000e+000
      vertex   8.703776e-001 2.055799e+001 2.500000e+000
      vertex   6.691011e-001 2.049730e+001 5.500000e+000
    endloop
  endfacet
  facet normal -2.018049e-002 6.692806e-002 0.000000e+000
    outer loop
      vertex   6.691011e-001 2.049730e+001 5.500000e+000
      vertex   8.703776e-001 2.055799e+001 2.500000e+000
      vertex   6.691011e-001 2.049730e+001 2.500000e+000
    endloop
  endfacet
  facet normal -3.888309e-001 9.213091e-001 0.000000e+000
    outer loop
      vertex   6.691011e-001 2.049730e+001 5.500000e+000
      vertex   6.691011e-001 2.049730e+001 2.500000e+000
      vertex   4.754159e-001 2.041556e+001 5.500000e+000
    endloop
  endfacet
  facet normal -2.718109e-002 6.440380e-002 0.000000e+000
    outer loop
      vertex   4.754159e-001 2.041556e+001 5.500000e+000
      vertex   6.691011e-001 2.049730e+001 2.500000e+000
      vertex   4.754159e-001 2.041556e+001 2.500000e+000
    endloop
  endfacet
  facet normal -4.845501e-001 8.747635e-001 0.000000e+000
    outer loop
      vertex   4.754159e-001 2.041556e+001 5.500000e+000
      vertex   4.754159e-001 2.041556e+001 2.500000e+000
      vertex   2.915165e-001 2.031370e+001 5.500000e+000
    endloop
  endfacet
  facet normal -3.387219e-002 6.114983e-002 0.000000e+000
    outer loop
      vertex   2.915165e-001 2.031370e+001 5.500000e+000
      vertex   4.754159e-001 2.041556e+001 2.500000e+000
      vertex   2.915165e-001 2.031370e+001 2.500000e+000
    endloop
  endfacet
  facet normal -5.747877e-001 8.183026e-001 0.000000e+000
    outer loop
      vertex   2.915165e-001 2.031370e+001 5.500000e+000
      vertex   2.915165e-001 2.031370e+001 2.500000e+000
      vertex   1.194867e-001 2.019286e+001 5.500000e+000
    endloop
  endfacet
  facet normal -4.018022e-002 5.720300e-002 0.000000e+000
    outer loop
      vertex   1.194867e-001 2.019286e+001 5.500000e+000
      vertex   2.915165e-001 2.031370e+001 2.500000e+000
      vertex   1.194867e-001 2.019286e+001 2.500000e+000
    endloop
  endfacet
  facet normal -6.585114e-001 7.525707e-001 0.000000e+000
    outer loop
      vertex   1.194867e-001 2.019286e+001 5.500000e+000
      vertex   1.194867e-001 2.019286e+001 2.500000e+000
      vertex   -3.872444e-002 2.005442e+001 5.500000e+000
    endloop
  endfacet
  facet normal -4.603288e-002 5.260804e-002 0.000000e+000
    outer loop
      vertex   -3.872444e-002 2.005442e+001 5.500000e+000
      vertex   1.194867e-001 2.019286e+001 2.500000e+000
      vertex   -3.872444e-002 2.005442e+001 2.500000e+000
    endloop
  endfacet
  facet normal -7.347714e-001 6.783149e-001 0.000000e+000
    outer loop
      vertex   -3.872444e-002 2.005442e+001 5.500000e+000
      vertex   -3.872444e-002 2.005442e+001 2.500000e+000
      vertex   -1.813243e-001 1.989995e+001 5.500000e+000
    endloop
  endfacet
  facet normal -5.136356e-002 4.741701e-002 0.000000e+000
    outer loop
      vertex   -1.813243e-001 1.989995e+001 5.500000e+000
      vertex   -3.872444e-002 2.005442e+001 2.500000e+000
      vertex   -1.813243e-001 1.989995e+001 2.500000e+000
    endloop
  endfacet
  facet normal -8.027125e-001 5.963662e-001 0.000000e+000
    outer loop
      vertex   -1.813243e-001 1.989995e+001 5.500000e+000
      vertex   -1.813243e-001 1.989995e+001 2.500000e+000
      vertex   -3.066972e-001 1.973120e+001 5.500000e+000
    endloop
  endfacet
  facet normal -5.611329e-002 4.168873e-002 0.000000e+000
    outer loop
      vertex   -3.066972e-001 1.973120e+001 5.500000e+000
      vertex   -1.813243e-001 1.989995e+001 2.500000e+000
      vertex   -3.066972e-001 1.973120e+001 2.500000e+000
    endloop
  endfacet
  facet normal -8.615534e-001 5.076670e-001 0.000000e+000
    outer loop
      vertex   -3.066972e-001 1.973120e+001 5.500000e+000
      vertex   -3.066972e-001 1.973120e+001 2.500000e+000
      vertex   -4.134225e-001 1.955008e+001 5.500000e+000
    endloop
  endfacet
  facet normal -6.022625e-002 3.548809e-002 0.000000e+000
    outer loop
      vertex   -4.134225e-001 1.955008e+001 5.500000e+000
      vertex   -3.066972e-001 1.973120e+001 2.500000e+000
      vertex   -4.134225e-001 1.955008e+001 2.500000e+000
    endloop
  endfacet
  facet normal -9.106348e-001 4.132121e-001 0.000000e+000
    outer loop
      vertex   -4.134225e-001 1.955008e+001 5.500000e+000
      vertex   -4.134225e-001 1.955008e+001 2.500000e+000
      vertex   -5.002911e-001 1.935864e+001 5.500000e+000
    endloop
  endfacet
  facet normal -6.365743e-002 2.888536e-002 0.000000e+000
    outer loop
      vertex   -5.002911e-001 1.935864e+001 5.500000e+000
      vertex   -4.134225e-001 1.955008e+001 2.500000e+000
      vertex   -5.002911e-001 1.935864e+001 2.500000e+000
    endloop
  endfacet
  facet normal -9.493980e-001 3.140754e-001 0.000000e+000
    outer loop
      vertex   -5.002911e-001 1.935864e+001 5.500000e+000
      vertex   -5.002911e-001 1.935864e+001 2.500000e+000
      vertex   -5.663188e-001 1.915905e+001 5.500000e+000
    endloop
  endfacet
  facet normal -6.636748e-002 2.195537e-002 0.000000e+000
    outer loop
      vertex   -5.663188e-001 1.915905e+001 5.500000e+000
      vertex   -5.002911e-001 1.935864e+001 2.500000e+000
      vertex   -5.663188e-001 1.915905e+001 2.500000e+000
    endloop
  endfacet
  facet normal -9.774033e-001 2.113828e-001 0.000000e+000
    outer loop
      vertex   -5.663188e-001 1.915905e+001 5.500000e+000
      vertex   -5.663188e-001 1.915905e+001 2.500000e+000
      vertex   -6.107572e-001 1.895357e+001 5.500000e+000
    endloop
  endfacet
  facet normal -6.832471e-002 1.477657e-002 0.000000e+000
    outer loop
      vertex   -6.107572e-001 1.895357e+001 5.500000e+000
      vertex   -5.663188e-001 1.915905e+001 2.500000e+000
      vertex   -6.107572e-001 1.895357e+001 2.500000e+000
    endloop
  endfacet
  facet normal -9.943348e-001 1.062939e-001 0.000000e+000
    outer loop
      vertex   -6.107572e-001 1.895357e+001 5.500000e+000
      vertex   -6.107572e-001 1.895357e+001 2.500000e+000
      vertex   -6.331030e-001 1.874454e+001 5.500000e+000
    endloop
  endfacet
  facet normal -6.950817e-002 7.430393e-003 0.000000e+000
    outer loop
      vertex   -6.331030e-001 1.874454e+001 5.500000e+000
      vertex   -6.107572e-001 1.895357e+001 2.500000e+000
      vertex   -6.331030e-001 1.874454e+001 2.500000e+000
    endloop
  endfacet
  facet normal -1.000000e+000 -0.000000e+000 -0.000000e+000
    outer loop
      vertex   -6.331030e-001 1.874454e+001 5.500000e+000
      vertex   -6.331030e-001 1.874454e+001 2.500000e+000
      vertex   -6.331030e-001 1.853431e+001 5.500000e+000
    endloop
  endfacet
  facet normal -6.990457e-002 0.000000e+000 0.000000e+000
    outer loop
      vertex   -6.331030e-001 1.853431e+001 5.500000e+000
      vertex   -6.331030e-001 1.874454e+001 2.500000e+000
      vertex   -6.331030e-001 1.853431e+001 2.500000e+000
    endloop
  endfacet
  facet normal -9.943348e-001 -1.062939e-001 -0.000000e+000
    outer loop
      vertex   -6.331030e-001 1.853431e+001 5.500000e+000
      vertex   -6.331030e-001 1.853431e+001 2.500000e+000
      vertex   -6.107572e-001 1.832527e+001 5.500000e+000
    endloop
  endfacet
  facet normal -6.950817e-002 -7.430393e-003 -0.000000e+000
    outer loop
      vertex   -6.107572e-001 1.832527e+001 5.500000e+000
      vertex   -6.331030e-001 1.853431e+001 2.500000e+000
      vertex   -6.107572e-001 1.832527e+001 2.500000e+000
    endloop
  endfacet
  facet normal -9.774038e-001 -2.113810e-001 -0.000000e+000
    outer loop
      vertex   -6.107572e-001 1.832527e+001 5.500000e+000
      vertex   -6.107572e-001 1.832527e+001 2.500000e+000
      vertex   -5.663188e-001 1.811979e+001 5.500000e+000
    endloop
  endfacet
  facet normal -6.832534e-002 -1.477657e-002 -0.000000e+000
    outer loop
      vertex   -5.663188e-001 1.811979e+001 5.500000e+000
      vertex   -6.107572e-001 1.832527e+001 2.500000e+000
      vertex   -5.663188e-001 1.811979e+001 2.500000e+000
    endloop
  endfacet
  facet normal -9.493971e-001 -3.140781e-001 -0.000000e+000
    outer loop
      vertex   -5.663188e-001 1.811979e+001 5.500000e+000
      vertex   -5.663188e-001 1.811979e+001 2.500000e+000
      vertex   -5.002911e-001 1.792020e+001 5.500000e+000
    endloop
  endfacet
  facet normal -6.636684e-002 -2.195537e-002 -0.000000e+000
    outer loop
      vertex   -5.002911e-001 1.792020e+001 5.500000e+000
      vertex   -5.663188e-001 1.811979e+001 2.500000e+000
      vertex   -5.002911e-001 1.792020e+001 2.500000e+000
    endloop
  endfacet
  facet normal -9.106348e-001 -4.132121e-001 -0.000000e+000
    outer loop
      vertex   -5.002911e-001 1.792020e+001 5.500000e+000
      vertex   -5.002911e-001 1.792020e+001 2.500000e+000
      vertex   -4.134225e-001 1.772876e+001 5.500000e+000
    endloop
  endfacet
  facet normal -6.365743e-002 -2.888536e-002 -0.000000e+000
    outer loop
      vertex   -4.134225e-001 1.772876e+001 5.500000e+000
      vertex   -5.002911e-001 1.792020e+001 2.500000e+000
      vertex   -4.134225e-001 1.772876e+001 2.500000e+000
    endloop
  endfacet
  facet normal -8.615534e-001 -5.076670e-001 -0.000000e+000
    outer loop
      vertex   -4.134225e-001 1.772876e+001 5.500000e+000
      vertex   -4.134225e-001 1.772876e+001 2.500000e+000
      vertex   -3.066972e-001 1.754764e+001 5.500000e+000
    endloop
  endfacet
  facet normal -6.022625e-002 -3.548809e-002 -0.000000e+000
    outer loop
      vertex   -3.066972e-001 1.754764e+001 5.500000e+000
      vertex   -4.134225e-001 1.772876e+001 2.500000e+000
      vertex   -3.066972e-001 1.754764e+001 2.500000e+000
    endloop
  endfacet
  facet normal -8.027125e-001 -5.963662e-001 -0.000000e+000
    outer loop
      vertex   -3.066972e-001 1.754764e+001 5.500000e+000
      vertex   -3.066972e-001 1.754764e+001 2.500000e+000
      vertex   -1.813243e-001 1.737889e+001 5.500000e+000
    endloop
  endfacet
  facet normal -5.611329e-002 -4.168873e-002 -0.000000e+000
    outer loop
      vertex   -1.813243e-001 1.737889e+001 5.500000e+000
      vertex   -3.066972e-001 1.754764e+001 2.500000e+000
      vertex   -1.813243e-001 1.737889e+001 2.500000e+000
    endloop
  endfacet
  facet normal -7.347755e-001 -6.783103e-001 -0.000000e+000
    outer loop
      vertex   -1.813243e-001 1.737889e+001 5.500000e+000
      vertex   -1.813243e-001 1.737889e+001 2.500000e+000
      vertex   -3.872444e-002 1.722442e+001 5.500000e+000
    endloop
  endfacet
  facet normal -5.136419e-002 -4.741701e-002 -0.000000e+000
    outer loop
      vertex   -3.872444e-002 1.722442e+001 5.500000e+000
      vertex   -1.813243e-001 1.737889e+001 2.500000e+000
      vertex   -3.872444e-002 1.722442e+001 2.500000e+000
    endloop
  endfacet
  facet normal -6.585114e-001 -7.525707e-001 -0.000000e+000
    outer loop
      vertex   -3.872444e-002 1.722442e+001 5.500000e+000
      vertex   -3.872444e-002 1.722442e+001 2.500000e+000
      vertex   1.194867e-001 1.708598e+001 5.500000e+000
    endloop
  endfacet
  facet normal -4.603288e-002 -5.260804e-002 -0.000000e+000
    outer loop
      vertex   1.194867e-001 1.708598e+001 5.500000e+000
      vertex   -3.872444e-002 1.722442e+001 2.500000e+000
      vertex   1.194867e-001 1.708598e+001 2.500000e+000
    endloop
  endfacet
  facet normal -5.747877e-001 -8.183026e-001 -0.000000e+000
    outer loop
      vertex   1.194867e-001 1.708598e+001 5.500000e+000
      vertex   1.194867e-001 1.708598e+001 2.500000e+000
      vertex   2.915165e-001 1.696515e+001 5.500000e+000
    endloop
  endfacet
  facet normal -4.018022e-002 -5.720300e-002 -0.000000e+000
    outer loop
      vertex   2.915165e-001 1.696515e+001 5.500000e+000
      vertex   1.194867e-001 1.708598e+001 2.500000e+000
      vertex   2.915165e-001 1.696515e+001 2.500000e+000
    endloop
  endfacet
  facet normal -4.845501e-001 -8.747635e-001 -0.000000e+000
    outer loop
      vertex   2.915165e-001 1.696515e+001 5.500000e+000
      vertex   2.915165e-001 1.696515e+001 2.500000e+000
      vertex   4.754159e-001 1.686328e+001 5.500000e+000
    endloop
  endfacet
  facet normal -3.387219e-002 -6.114983e-002 -0.000000e+000
    outer loop
      vertex   4.754159e-001 1.686328e+001 5.500000e+000
      vertex   2.915165e-001 1.696515e+001 2.500000e+000
      vertex   4.754159e-001 1.686328e+001 2.500000e+000
    endloop
  endfacet
  facet normal -3.888232e-001 -9.213124e-001 -0.000000e+000
    outer loop
      vertex   4.754159e-001 1.686328e+001 5.500000e+000
      vertex   4.754159e-001 1.686328e+001 2.500000e+000
      vertex   6.691011e-001 1.678154e+001 5.500000e+000
    endloop
  endfacet
  facet normal -2.718046e-002 -6.440380e-002 -0.000000e+000
    outer loop
      vertex   6.691011e-001 1.678154e+001 5.500000e+000
      vertex   4.754159e-001 1.686328e+001 2.500000e+000
      vertex   6.691011e-001 1.678154e+001 2.500000e+000
    endloop
  endfacet
  facet normal -2.886955e-001 -9.574209e-001 -0.000000e+000
    outer loop
      vertex   6.691011e-001 1.678154e+001 5.500000e+000
      vertex   6.691011e-001 1.678154e+001 2.500000e+000
      vertex   8.703776e-001 1.672085e+001 5.500000e+000
    endloop
  endfacet
  facet normal -2.018112e-002 -6.692806e-002 -0.000000e+000
    outer loop
      vertex   8.703776e-001 1.672085e+001 5.500000e+000
      vertex   6.691011e-001 1.678154e+001 2.500000e+000
      vertex   8.703776e-001 1.672085e+001 2.500000e+000
    endloop
  endfacet
  facet normal -1.852845e-001 -9.826849e-001 -0.000000e+000
    outer loop
      vertex   8.703776e-001 1.672085e+001 5.500000e+000
      vertex   8.703776e-001 1.672085e+001 2.500000e+000
      vertex   1.076965e+000 1.668189e+001 5.500000e+000
    endloop
  endfacet
  facet normal -1.295220e-002 -6.869397e-002 -0.000000e+000
    outer loop
      vertex   1.076965e+000 1.668189e+001 5.500000e+000
      vertex   8.703776e-001 1.672085e+001 2.500000e+000
      vertex   1.076965e+000 1.668189e+001 2.500000e+000
    endloop
  endfacet
  facet normal -7.978602e-002 -9.968120e-001 -0.000000e+000
    outer loop
      vertex   1.076965e+000 1.668189e+001 5.500000e+000
      vertex   1.076965e+000 1.668189e+001 2.500000e+000
      vertex   1.286522e+000 1.666512e+001 5.500000e+000
    endloop
  endfacet
  facet normal -5.577398e-003 -6.968160e-002 -0.000000e+000
    outer loop
      vertex   1.286522e+000 1.666512e+001 5.500000e+000
      vertex   1.076965e+000 1.668189e+001 2.500000e+000
      vertex   1.286522e+000 1.666512e+001 2.500000e+000
    endloop
  endfacet
  facet normal 2.661953e-002 -9.996457e-001 0.000000e+000
    outer loop
      vertex   1.286522e+000 1.666512e+001 5.500000e+000
      vertex   1.286522e+000 1.666512e+001 2.500000e+000
      vertex   1.496675e+000 1.667072e+001 5.500000e+000
    endloop
  endfacet
  facet normal 1.860824e-003 -6.987967e-002 0.000000e+000
    outer loop
      vertex   1.496675e+000 1.667072e+001 5.500000e+000
      vertex   1.286522e+000 1.666512e+001 2.500000e+000
      vertex   1.496675e+000 1.667072e+001 2.500000e+000
    endloop
  endfacet
  facet normal 1.327257e-001 -9.911528e-001 0.000000e+000
    outer loop
      vertex   1.496675e+000 1.667072e+001 5.500000e+000
      vertex   1.496675e+000 1.667072e+001 2.500000e+000
      vertex   1.705043e+000 1.669862e+001 5.500000e+000
    endloop
  endfacet
  facet normal 9.278116e-003 -6.928600e-002 0.000000e+000
    outer loop
      vertex   1.705043e+000 1.669862e+001 5.500000e+000
      vertex   1.496675e+000 1.667072e+001 2.500000e+000
      vertex   1.705043e+000 1.669862e+001 2.500000e+000
    endloop
  endfacet
  facet normal 2.373258e-001 -9.714301e-001 0.000000e+000
    outer loop
      vertex   1.705043e+000 1.669862e+001 5.500000e+000
      vertex   1.705043e+000 1.669862e+001 2.500000e+000
      vertex   1.909264e+000 1.674851e+001 5.500000e+000
    endloop
  endfacet
  facet normal 1.659013e-002 -6.790727e-002 0.000000e+000
    outer loop
      vertex   1.909264e+000 1.674851e+001 5.500000e+000
      vertex   1.705043e+000 1.669862e+001 2.500000e+000
      vertex   1.909264e+000 1.674851e+001 2.500000e+000
    endloop
  endfacet
  facet normal 3.392401e-001 -9.406998e-001 0.000000e+000
    outer loop
      vertex   1.909264e+000 1.674851e+001 5.500000e+000
      vertex   1.909264e+000 1.674851e+001 2.500000e+000
      vertex   2.107026e+000 1.681983e+001 5.500000e+000
    endloop
  endfacet
  facet normal 2.371440e-002 -6.575914e-002 0.000000e+000
    outer loop
      vertex   2.107026e+000 1.681983e+001 5.500000e+000
      vertex   1.909264e+000 1.674851e+001 2.500000e+000
      vertex   2.107026e+000 1.681983e+001 2.500000e+000
    endloop
  endfacet
  facet normal 4.373079e-001 -8.993118e-001 0.000000e+000
    outer loop
      vertex   2.107026e+000 1.681983e+001 5.500000e+000
      vertex   2.107026e+000 1.681983e+001 2.500000e+000
      vertex   2.296086e+000 1.691176e+001 5.500000e+000
    endloop
  endfacet
  facet normal 3.056977e-002 -6.286591e-002 0.000000e+000
    outer loop
      vertex   2.296086e+000 1.691176e+001 5.500000e+000
      vertex   2.107026e+000 1.681983e+001 2.500000e+000
      vertex   2.296086e+000 1.691176e+001 2.500000e+000
    endloop
  endfacet
  facet normal 5.304216e-001 -8.477340e-001 0.000000e+000
    outer loop
      vertex   2.296086e+000 1.691176e+001 5.500000e+000
      vertex   2.296086e+000 1.691176e+001 2.500000e+000
      vertex   2.474303e+000 1.702327e+001 5.500000e+000
    endloop
  endfacet
  facet normal 3.707885e-002 -5.926041e-002 0.000000e+000
    outer loop
      vertex   2.474303e+000 1.702327e+001 5.500000e+000
      vertex   2.296086e+000 1.691176e+001 2.500000e+000
      vertex   2.474303e+000 1.702327e+001 2.500000e+000
    endloop
  endfacet
  facet normal 6.175224e-001 -7.865533e-001 0.000000e+000
    outer loop
      vertex   2.474303e+000 1.702327e+001 5.500000e+000
      vertex   2.474303e+000 1.702327e+001 2.500000e+000
      vertex   2.639658e+000 1.715309e+001 5.500000e+000
    endloop
  endfacet
  facet normal 4.316743e-002 -5.498341e-002 0.000000e+000
    outer loop
      vertex   2.639658e+000 1.715309e+001 5.500000e+000
      vertex   2.474303e+000 1.702327e+001 2.500000e+000
      vertex   2.639658e+000 1.715309e+001 2.500000e+000
    endloop
  endfacet
  facet normal 6.976323e-001 -7.164560e-001 0.000000e+000
    outer loop
      vertex   2.639658e+000 1.715309e+001 5.500000e+000
      vertex   2.639658e+000 1.715309e+001 2.500000e+000
      vertex   2.790277e+000 1.729976e+001 5.500000e+000
    endloop
  endfacet
  facet normal 4.876766e-002 -5.008353e-002 0.000000e+000
    outer loop
      vertex   2.790277e+000 1.729976e+001 5.500000e+000
      vertex   2.639658e+000 1.715309e+001 2.500000e+000
      vertex   2.790277e+000 1.729976e+001 2.500000e+000
    endloop
  endfacet
  facet normal 7.698343e-001 -6.382439e-001 0.000000e+000
    outer loop
      vertex   2.790277e+000 1.729976e+001 5.500000e+000
      vertex   2.790277e+000 1.729976e+001 2.500000e+000
      vertex   2.924453e+000 1.746160e+001 5.500000e+000
    endloop
  endfacet
  facet normal 5.381485e-002 -4.461609e-002 0.000000e+000
    outer loop
      vertex   2.924453e+000 1.746160e+001 5.500000e+000
      vertex   2.790277e+000 1.729976e+001 2.500000e+000
      vertex   2.924453e+000 1.746160e+001 2.500000e+000
    endloop
  endfacet
  facet normal 8.333148e-001 -5.527987e-001 0.000000e+000
    outer loop
      vertex   2.924453e+000 1.746160e+001 5.500000e+000
      vertex   2.924453e+000 1.746160e+001 2.500000e+000
      vertex   3.040667e+000 1.763678e+001 5.500000e+000
    endloop
  endfacet
  facet normal 5.825254e-002 -3.864317e-002 0.000000e+000
    outer loop
      vertex   3.040667e+000 1.763678e+001 5.500000e+000
      vertex   2.924453e+000 1.746160e+001 2.500000e+000
      vertex   3.040667e+000 1.763678e+001 2.500000e+000
    endloop
  endfacet
  facet normal 8.873507e-001 -4.610952e-001 0.000000e+000
    outer loop
      vertex   3.040667e+000 1.763678e+001 5.500000e+000
      vertex   3.040667e+000 1.763678e+001 2.500000e+000
      vertex   3.137601e+000 1.782333e+001 5.500000e+000
    endloop
  endfacet
  facet normal 6.202937e-002 -3.223240e-002 0.000000e+000
    outer loop
      vertex   3.137601e+000 1.782333e+001 5.500000e+000
      vertex   3.040667e+000 1.763678e+001 2.500000e+000
      vertex   3.137601e+000 1.782333e+001 2.500000e+000
    endloop
  endfacet
  facet normal 9.313364e-001 -3.641600e-001 0.000000e+000
    outer loop
      vertex   3.137601e+000 1.782333e+001 5.500000e+000
      vertex   3.137601e+000 1.782333e+001 2.500000e+000
      vertex   3.214158e+000 1.801912e+001 5.500000e+000
    endloop
  endfacet
  facet normal 6.510473e-002 -2.545647e-002 0.000000e+000
    outer loop
      vertex   3.214158e+000 1.801912e+001 5.500000e+000
      vertex   3.137601e+000 1.782333e+001 2.500000e+000
      vertex   3.214158e+000 1.801912e+001 2.500000e+000
    endloop
  endfacet
  facet normal 9.647681e-001 -2.631016e-001 0.000000e+000
    outer loop
      vertex   3.214158e+000 1.801912e+001 5.500000e+000
      vertex   3.214158e+000 1.801912e+001 2.500000e+000
      vertex   3.269469e+000 1.822194e+001 5.500000e+000
    endloop
  endfacet
  facet normal 6.744186e-002 -1.839205e-002 0.000000e+000
    outer loop
      vertex   3.269469e+000 1.822194e+001 5.500000e+000
      vertex   3.214158e+000 1.801912e+001 2.500000e+000
      vertex   3.269469e+000 1.822194e+001 2.500000e+000
    endloop
  endfacet
  facet normal 9.872681e-001 -1.590647e-001 0.000000e+000
    outer loop
      vertex   3.269469e+000 1.822194e+001 5.500000e+000
      vertex   3.269469e+000 1.822194e+001 2.500000e+000
      vertex   3.302909e+000 1.842949e+001 5.500000e+000
    endloop
  endfacet
  facet normal 6.901411e-002 -1.111928e-002 0.000000e+000
    outer loop
      vertex   3.302909e+000 1.842949e+001 5.500000e+000
      vertex   3.269469e+000 1.822194e+001 2.500000e+000
      vertex   3.302909e+000 1.842949e+001 2.500000e+000
    endloop
  endfacet
  facet normal 0.000000e+000 0.000000e+000 -9.999995e-001
    outer loop
      vertex   2.908008e+000 1.882629e+001 -5.000004e-001
      vertex   3.302909e+000 1.884935e+001 -5.000004e-001
      vertex   2.919098e+000 1.863942e+001 -5.000004e-001
    endloop
  endfacet
  facet normal 0.000000e+000 0.000000e+000 -4.798682e-001
    outer loop
      vertex   2.919098e+000 1.863942e+001 -5.000004e-001
      vertex   3.302909e+000 1.884935e+001 -5.000004e-001
      vertex   3.314098e+000 1.863942e+001 -5.000004e-001
    endloop
  endfacet
  facet normal 0.000000e+000 0.000000e+000 -4.798715e-001
    outer loop
      vertex   2.919098e+000 1.863942e+001 -5.000004e-001
      vertex   3.314098e+000 1.863942e+001 -5.000004e-001
      vertex   3.302909e+000 1.842949e+001 -5.000004e-001
    endloop
  endfacet
  facet normal -0.000000e+000 0.000000e+000 -9.948615e-001
    outer loop
      vertex   3.302909e+000 1.884935e+001 -5.000004e-001
      vertex   2.908008e+000 1.882629e+001 -5.000004e-001
      vertex   3.269469e+000 1.905690e+001 -5.000004e-001
    endloop
  endfacet
  facet normal 0.000000e+000 0.000000e+000 -4.358034e-001
    outer loop
      vertex   3.269469e+000 1.905690e+001 -5.000004e-001
      vertex   2.908008e+000 1.882629e+001 -5.000004e-001
      vertex   2.874894e+000 1.901054e+001 -5.000004e-001
    endloop
  endfacet
  facet normal -0.000000e+000 0.000000e+000 -9.888783e-001
    outer loop
      vertex   3.269469e+000 1.905690e+001 -5.000004e-001
      vertex   2.874894e+000 1.901054e+001 -5.000004e-001
      vertex   3.214158e+000 1.925972e+001 -5.000004e-001
    endloop
  endfacet
  facet normal 0.000000e+000 0.000000e+000 -4.415088e-001
    outer loop
      vertex   3.214158e+000 1.925972e+001 -5.000004e-001
      vertex   2.874894e+000 1.901054e+001 -5.000004e-001
      vertex   2.820221e+000 1.918958e+001 -5.000004e-001
    endloop
  endfacet
  facet normal -0.000000e+000 0.000000e+000 -9.807517e-001
    outer loop
      vertex   3.214158e+000 1.925972e+001 -5.000004e-001
      vertex   2.820221e+000 1.918958e+001 -5.000004e-001
      vertex   3.137601e+000 1.945551e+001 -5.000004e-001
    endloop
  endfacet
  facet normal 0.000000e+000 0.000000e+000 -4.449129e-001
    outer loop
      vertex   3.137601e+000 1.945551e+001 -5.000004e-001
      vertex   2.820221e+000 1.918958e+001 -5.000004e-001
      vertex   2.744756e+000 1.936090e+001 -5.000004e-001
    endloop
  endfacet
  facet normal -0.000000e+000 0.000000e+000 -9.706519e-001
    outer loop
      vertex   3.137601e+000 1.945551e+001 -5.000004e-001
      vertex   2.744756e+000 1.936090e+001 -5.000004e-001
      vertex   3.040667e+000 1.964206e+001 -5.000004e-001
    endloop
  endfacet
  facet normal 0.000000e+000 0.000000e+000 -4.459200e-001
    outer loop
      vertex   3.040667e+000 1.964206e+001 -5.000004e-001
      vertex   2.744756e+000 1.936090e+001 -5.000004e-001
      vertex   2.649559e+000 1.952208e+001 -5.000004e-001
    endloop
  endfacet
  facet normal -0.000000e+000 0.000000e+000 -9.587945e-001
    outer loop
      vertex   3.040667e+000 1.964206e+001 -5.000004e-001
      vertex   2.649559e+000 1.952208e+001 -5.000004e-001
      vertex   2.924453e+000 1.981725e+001 -5.000004e-001
    endloop
  endfacet
  facet normal 0.000000e+000 0.000000e+000 -4.445074e-001
    outer loop
      vertex   2.924453e+000 1.981725e+001 -5.000004e-001
      vertex   2.649559e+000 1.952208e+001 -5.000004e-001
      vertex   2.535966e+000 1.967088e+001 -5.000004e-001
    endloop
  endfacet
  facet normal -0.000000e+000 0.000000e+000 -9.454253e-001
    outer loop
      vertex   2.924453e+000 1.981725e+001 -5.000004e-001
      vertex   2.535966e+000 1.967088e+001 -5.000004e-001
      vertex   2.790277e+000 1.997909e+001 -5.000004e-001
    endloop
  endfacet
  facet normal 0.000000e+000 0.000000e+000 -4.407160e-001
    outer loop
      vertex   2.790277e+000 1.997909e+001 -5.000004e-001
      vertex   2.535966e+000 1.967088e+001 -5.000004e-001
      vertex   2.405571e+000 1.980520e+001 -5.000004e-001
    endloop
  endfacet
  facet normal -0.000000e+000 0.000000e+000 -9.308037e-001
    outer loop
      vertex   2.790277e+000 1.997909e+001 -5.000004e-001
      vertex   2.405571e+000 1.980520e+001 -5.000004e-001
      vertex   2.639658e+000 2.012575e+001 -5.000004e-001
    endloop
  endfacet
  facet normal 0.000000e+000 0.000000e+000 -4.346355e-001
    outer loop
      vertex   2.639658e+000 2.012575e+001 -5.000004e-001
      vertex   2.405571e+000 1.980520e+001 -5.000004e-001
      vertex   2.260206e+000 1.992315e+001 -5.000004e-001
    endloop
  endfacet
  facet normal -0.000000e+000 0.000000e+000 -9.152020e-001
    outer loop
      vertex   2.639658e+000 2.012575e+001 -5.000004e-001
      vertex   2.260206e+000 1.992315e+001 -5.000004e-001
      vertex   2.474303e+000 2.025557e+001 -5.000004e-001
    endloop
  endfacet
  facet normal 0.000000e+000 0.000000e+000 -4.264004e-001
    outer loop
      vertex   2.474303e+000 2.025557e+001 -5.000004e-001
      vertex   2.260206e+000 1.992315e+001 -5.000004e-001
      vertex   2.101909e+000 2.002308e+001 -5.000004e-001
    endloop
  endfacet
  facet normal -0.000000e+000 0.000000e+000 -8.988754e-001
    outer loop
      vertex   2.474303e+000 2.025557e+001 -5.000004e-001
      vertex   2.101909e+000 2.002308e+001 -5.000004e-001
      vertex   2.296086e+000 2.036708e+001 -5.000004e-001
    endloop
  endfacet
  facet normal -0.000000e+000 0.000000e+000 -9.981228e-001
    outer loop
      vertex   2.296086e+000 2.036708e+001 -5.000004e-001
      vertex   2.101909e+000 2.002308e+001 -5.000004e-001
      vertex   2.107026e+000 2.045901e+001 -5.000004e-001
    endloop
  endfacet
  facet normal 0.000000e+000 0.000000e+000 -4.293706e-001
    outer loop
      vertex   2.107026e+000 2.045901e+001 -5.000004e-001
      vertex   2.101909e+000 2.002308e+001 -5.000004e-001
      vertex   1.932905e+000 2.010359e+001 -5.000004e-001
    endloop
  endfacet
  facet normal -0.000000e+000 0.000000e+000 -9.940184e-001
    outer loop
      vertex   2.107026e+000 2.045901e+001 -5.000004e-001
      vertex   1.932905e+000 2.010359e+001 -5.000004e-001
      vertex   1.909264e+000 2.053033e+001 -5.000004e-001
    endloop
  endfacet
  facet normal 0.000000e+000 -0.000000e+000 -4.369088e-001
    outer loop
      vertex   1.909264e+000 2.053033e+001 -5.000004e-001
      vertex   1.932905e+000 2.010359e+001 -5.000004e-001
      vertex   1.755566e+000 2.016355e+001 -5.000004e-001
    endloop
  endfacet
  facet normal -0.000000e+000 0.000000e+000 -9.876702e-001
    outer loop
      vertex   1.909264e+000 2.053033e+001 -5.000004e-001
      vertex   1.755566e+000 2.016355e+001 -5.000004e-001
      vertex   1.705043e+000 2.058022e+001 -5.000004e-001
    endloop
  endfacet
  facet normal 0.000000e+000 -0.000000e+000 -4.422408e-001
    outer loop
      vertex   1.705043e+000 2.058022e+001 -5.000004e-001
      vertex   1.755566e+000 2.016355e+001 -5.000004e-001
      vertex   1.572379e+000 2.020210e+001 -5.000004e-001
    endloop
  endfacet
  facet normal -0.000000e+000 0.000000e+000 -9.792001e-001
    outer loop
      vertex   1.705043e+000 2.058022e+001 -5.000004e-001
      vertex   1.572379e+000 2.020210e+001 -5.000004e-001
      vertex   1.496675e+000 2.060813e+001 -5.000004e-001
    endloop
  endfacet
  facet normal 0.000000e+000 -0.000000e+000 -4.452461e-001
    outer loop
      vertex   1.496675e+000 2.060813e+001 -5.000004e-001
      vertex   1.572379e+000 2.020210e+001 -5.000004e-001
      vertex   1.385918e+000 2.021873e+001 -5.000004e-001
    endloop
  endfacet
  facet normal -0.000000e+000 0.000000e+000 -9.687911e-001
    outer loop
      vertex   1.496675e+000 2.060813e+001 -5.000004e-001
      vertex   1.385918e+000 2.021873e+001 -5.000004e-001
      vertex   1.286522e+000 2.061372e+001 -5.000004e-001
    endloop
  endfacet
  facet normal 0.000000e+000 -0.000000e+000 -4.458516e-001
    outer loop
      vertex   1.286522e+000 2.061372e+001 -5.000004e-001
      vertex   1.385918e+000 2.021873e+001 -5.000004e-001
      vertex   1.198800e+000 2.021318e+001 -5.000004e-001
    endloop
  endfacet
  facet normal 0.000000e+000 0.000000e+000 -9.566638e-001
    outer loop
      vertex   1.286522e+000 2.061372e+001 -5.000004e-001
      vertex   1.198800e+000 2.021318e+001 -5.000004e-001
      vertex   1.076965e+000 2.059695e+001 -5.000004e-001
    endloop
  endfacet
  facet normal 0.000000e+000 -0.000000e+000 -4.440413e-001
    outer loop
      vertex   1.076965e+000 2.059695e+001 -5.000004e-001
      vertex   1.198800e+000 2.021318e+001 -5.000004e-001
      vertex   1.013652e+000 2.018554e+001 -5.000004e-001
    endloop
  endfacet
  facet normal 0.000000e+000 0.000000e+000 -9.430655e-001
    outer loop
      vertex   1.076965e+000 2.059695e+001 -5.000004e-001
      vertex   1.013652e+000 2.018554e+001 -5.000004e-001
      vertex   8.703776e-001 2.055799e+001 -5.000004e-001
    endloop
  endfacet
  facet normal 0.000000e+000 -0.000000e+000 -4.398597e-001
    outer loop
      vertex   8.703776e-001 2.055799e+001 -5.000004e-001
      vertex   1.013652e+000 2.018554e+001 -5.000004e-001
      vertex   8.330715e-001 2.013620e+001 -5.000004e-001
    endloop
  endfacet
  facet normal 0.000000e+000 0.000000e+000 -9.282668e-001
    outer loop
      vertex   8.703776e-001 2.055799e+001 -5.000004e-001
      vertex   8.330715e-001 2.013620e+001 -5.000004e-001
      vertex   6.691011e-001 2.049730e+001 -5.000004e-001
    endloop
  endfacet
  facet normal 0.000000e+000 -0.000000e+000 -4.334039e-001
    outer loop
      vertex   6.691011e-001 2.049730e+001 -5.000004e-001
      vertex   8.330715e-001 2.013620e+001 -5.000004e-001
      vertex   6.595948e-001 2.006584e+001 -5.000004e-001
    endloop
  endfacet
  facet normal 0.000000e+000 0.000000e+000 -9.125207e-001
    outer loop
      vertex   6.691011e-001 2.049730e+001 -5.000004e-001
      vertex   6.595948e-001 2.006584e+001 -5.000004e-001
      vertex   4.754159e-001 2.041556e+001 -5.000004e-001
    endloop
  endfacet
  facet normal 0.000000e+000 0.000000e+000 -4.248332e-001
    outer loop
      vertex   4.754159e-001 2.041556e+001 -5.000004e-001
      vertex   6.595948e-001 2.006584e+001 -5.000004e-001
      vertex   4.956569e-001 1.997546e+001 -5.000004e-001
    endloop
  endfacet
  facet normal 0.000000e+000 -0.000000e+000 -8.961017e-001
    outer loop
      vertex   4.754159e-001 2.041556e+001 -5.000004e-001
      vertex   4.956569e-001 1.997546e+001 -5.000004e-001
      vertex   2.915165e-001 2.031370e+001 -5.000004e-001
    endloop
  endfacet
  facet normal 0.000000e+000 -0.000000e+000 -9.975983e-001
    outer loop
      vertex   2.915165e-001 2.031370e+001 -5.000004e-001
      vertex   4.956569e-001 1.997546e+001 -5.000004e-001
      vertex   1.194867e-001 2.019286e+001 -5.000004e-001
    endloop
  endfacet
  facet normal 0.000000e+000 0.000000e+000 -4.307725e-001
    outer loop
      vertex   1.194867e-001 2.019286e+001 -5.000004e-001
      vertex   4.956569e-001 1.997546e+001 -5.000004e-001
      vertex   3.435590e-001 1.986633e+001 -5.000004e-001
    endloop
  endfacet
  facet normal 0.000000e+000 -0.000000e+000 -9.931142e-001
    outer loop
      vertex   1.194867e-001 2.019286e+001 -5.000004e-001
      vertex   3.435590e-001 1.986633e+001 -5.000004e-001
      vertex   -3.872444e-002 2.005442e+001 -5.000004e-001
    endloop
  endfacet
  facet normal 0.000000e+000 0.000000e+000 -4.379555e-001
    outer loop
      vertex   -3.872444e-002 2.005442e+001 -5.000004e-001
      vertex   3.435590e-001 1.986633e+001 -5.000004e-001
      vertex   2.054363e-001 1.973997e+001 -5.000004e-001
    endloop
  endfacet
  facet normal 0.000000e+000 -0.000000e+000 -9.864013e-001
    outer loop
      vertex   -3.872444e-002 2.005442e+001 -5.000004e-001
      vertex   2.054363e-001 1.973997e+001 -5.000004e-001
      vertex   -1.813243e-001 1.989995e+001 -5.000004e-001
    endloop
  endfacet
  facet normal 0.000000e+000 0.000000e+000 -4.429052e-001
    outer loop
      vertex   -1.813243e-001 1.989995e+001 -5.000004e-001
      vertex   2.054363e-001 1.973997e+001 -5.000004e-001
      vertex   8.322780e-002 1.959817e+001 -5.000004e-001
    endloop
  endfacet
  facet normal 0.000000e+000 -0.000000e+000 -9.775940e-001
    outer loop
      vertex   -1.813243e-001 1.989995e+001 -5.000004e-001
      vertex   8.322780e-002 1.959817e+001 -5.000004e-001
      vertex   -3.066972e-001 1.973120e+001 -5.000004e-001
    endloop
  endfacet
  facet normal 0.000000e+000 0.000000e+000 -4.455171e-001
    outer loop
      vertex   -3.066972e-001 1.973120e+001 -5.000004e-001
      vertex   8.322780e-002 1.959817e+001 -5.000004e-001
      vertex   -2.135109e-002 1.944290e+001 -5.000004e-001
    endloop
  endfacet
  facet normal 0.000000e+000 -0.000000e+000 -9.668830e-001
    outer loop
      vertex   -3.066972e-001 1.973120e+001 -5.000004e-001
      vertex   -2.135109e-002 1.944290e+001 -5.000004e-001
      vertex   -4.134225e-001 1.955008e+001 -5.000004e-001
    endloop
  endfacet
  facet normal 0.000000e+000 0.000000e+000 -4.457166e-001
    outer loop
      vertex   -4.134225e-001 1.955008e+001 -5.000004e-001
      vertex   -2.135109e-002 1.944290e+001 -5.000004e-001
      vertex   -1.068323e-001 1.927636e+001 -5.000004e-001
    endloop
  endfacet
  facet normal 0.000000e+000 -0.000000e+000 -9.544922e-001
    outer loop
      vertex   -4.134225e-001 1.955008e+001 -5.000004e-001
      vertex   -1.068323e-001 1.927636e+001 -5.000004e-001
      vertex   -5.002911e-001 1.935864e+001 -5.000004e-001
    endloop
  endfacet
  facet normal 0.000000e+000 0.000000e+000 -4.435069e-001
    outer loop
      vertex   -5.002911e-001 1.935864e+001 -5.000004e-001
      vertex   -1.068323e-001 1.927636e+001 -5.000004e-001
      vertex   -1.720157e-001 1.910087e+001 -5.000004e-001
    endloop
  endfacet
  facet normal 0.000000e+000 -0.000000e+000 -9.406753e-001
    outer loop
      vertex   -5.002911e-001 1.935864e+001 -5.000004e-001
      vertex   -1.720157e-001 1.910087e+001 -5.000004e-001
      vertex   -5.663188e-001 1.915905e+001 -5.000004e-001
    endloop
  endfacet
  facet normal 0.000000e+000 0.000000e+000 -4.389373e-001
    outer loop
      vertex   -5.663188e-001 1.915905e+001 -5.000004e-001
      vertex   -1.720157e-001 1.910087e+001 -5.000004e-001
      vertex   -2.159865e-001 1.891891e+001 -5.000004e-001
    endloop
  endfacet
  facet normal 0.000000e+000 -0.000000e+000 -9.256996e-001
    outer loop
      vertex   -5.663188e-001 1.915905e+001 -5.000004e-001
      vertex   -2.159865e-001 1.891891e+001 -5.000004e-001
      vertex   -6.107572e-001 1.895357e+001 -5.000004e-001
    endloop
  endfacet
  facet normal 0.000000e+000 0.000000e+000 -4.321185e-001
    outer loop
      vertex   -6.107572e-001 1.895357e+001 -5.000004e-001
      vertex   -2.159865e-001 1.891891e+001 -5.000004e-001
      vertex   -2.381273e-001 1.873302e+001 -5.000004e-001
    endloop
  endfacet
  facet normal 0.000000e+000 -0.000000e+000 -9.098271e-001
    outer loop
      vertex   -6.107572e-001 1.895357e+001 -5.000004e-001
      vertex   -2.381273e-001 1.873302e+001 -5.000004e-001
      vertex   -6.331030e-001 1.874454e+001 -5.000004e-001
    endloop
  endfacet
  facet normal 0.000000e+000 0.000000e+000 -9.995753e-001
    outer loop
      vertex   -6.331030e-001 1.874454e+001 -5.000004e-001
      vertex   -2.381273e-001 1.873302e+001 -5.000004e-001
      vertex   -6.331030e-001 1.853431e+001 -5.000004e-001
    endloop
  endfacet
  facet normal 0.000000e+000 0.000000e+000 -4.232114e-001
    outer loop
      vertex   -6.331030e-001 1.853431e+001 -5.000004e-001
      vertex   -2.381273e-001 1.873302e+001 -5.000004e-001
      vertex   -2.381273e-001 1.854582e+001 -5.000004e-001
    endloop
  endfacet
  facet normal 0.000000e+000 0.000000e+000 -9.970096e-001
    outer loop
      vertex   -6.331030e-001 1.853431e+001 -5.000004e-001
      vertex   -2.381273e-001 1.854582e+001 -5.000004e-001
      vertex   -6.107572e-001 1.832527e+001 -5.000004e-001
    endloop
  endfacet
  facet normal 0.000000e+000 0.000000e+000 -4.321194e-001
    outer loop
      vertex   -6.107572e-001 1.832527e+001 -5.000004e-001
      vertex   -2.381273e-001 1.854582e+001 -5.000004e-001
      vertex   -2.159865e-001 1.835993e+001 -5.000004e-001
    endloop
  endfacet
  facet normal 0.000000e+000 0.000000e+000 -9.921466e-001
    outer loop
      vertex   -6.107572e-001 1.832527e+001 -5.000004e-001
      vertex   -2.159865e-001 1.835993e+001 -5.000004e-001
      vertex   -5.663188e-001 1.811979e+001 -5.000004e-001
    endloop
  endfacet
  facet normal 0.000000e+000 0.000000e+000 -4.389373e-001
    outer loop
      vertex   -5.663188e-001 1.811979e+001 -5.000004e-001
      vertex   -2.159865e-001 1.835993e+001 -5.000004e-001
      vertex   -1.720157e-001 1.817797e+001 -5.000004e-001
    endloop
  endfacet
  facet normal 0.000000e+000 0.000000e+000 -9.850734e-001
    outer loop
      vertex   -5.663188e-001 1.811979e+001 -5.000004e-001
      vertex   -1.720157e-001 1.817797e+001 -5.000004e-001
      vertex   -5.002911e-001 1.792020e+001 -5.000004e-001
    endloop
  endfacet
  facet normal 0.000000e+000 0.000000e+000 -4.435079e-001
    outer loop
      vertex   -5.002911e-001 1.792020e+001 -5.000004e-001
      vertex   -1.720157e-001 1.817797e+001 -5.000004e-001
      vertex   -1.068323e-001 1.800249e+001 -5.000004e-001
    endloop
  endfacet
  facet normal 0.000000e+000 0.000000e+000 -9.759352e-001
    outer loop
      vertex   -5.002911e-001 1.792020e+001 -5.000004e-001
      vertex   -1.068323e-001 1.800249e+001 -5.000004e-001
      vertex   -4.134225e-001 1.772876e+001 -5.000004e-001
    endloop
  endfacet
  facet normal 0.000000e+000 0.000000e+000 -4.457175e-001
    outer loop
      vertex   -4.134225e-001 1.772876e+001 -5.000004e-001
      vertex   -1.068323e-001 1.800249e+001 -5.000004e-001
      vertex   -2.135109e-002 1.783594e+001 -5.000004e-001
    endloop
  endfacet
  facet normal 0.000000e+000 0.000000e+000 -9.649270e-001
    outer loop
      vertex   -4.134225e-001 1.772876e+001 -5.000004e-001
      vertex   -2.135109e-002 1.783594e+001 -5.000004e-001
      vertex   -3.066972e-001 1.754764e+001 -5.000004e-001
    endloop
  endfacet
  facet normal 0.000000e+000 0.000000e+000 -4.455141e-001
    outer loop
      vertex   -3.066972e-001 1.754764e+001 -5.000004e-001
      vertex   -2.135109e-002 1.783594e+001 -5.000004e-001
      vertex   8.322780e-002 1.768068e+001 -5.000004e-001
    endloop
  endfacet
  facet normal 0.000000e+000 0.000000e+000 -9.522822e-001
    outer loop
      vertex   -3.066972e-001 1.754764e+001 -5.000004e-001
      vertex   8.322780e-002 1.768068e+001 -5.000004e-001
      vertex   -1.813243e-001 1.737889e+001 -5.000004e-001
    endloop
  endfacet
  facet normal 0.000000e+000 0.000000e+000 -4.429090e-001
    outer loop
      vertex   -1.813243e-001 1.737889e+001 -5.000004e-001
      vertex   8.322780e-002 1.768068e+001 -5.000004e-001
      vertex   2.054363e-001 1.753887e+001 -5.000004e-001
    endloop
  endfacet
  facet normal 0.000000e+000 0.000000e+000 -9.382538e-001
    outer loop
      vertex   -1.813243e-001 1.737889e+001 -5.000004e-001
      vertex   2.054363e-001 1.753887e+001 -5.000004e-001
      vertex   -3.872444e-002 1.722442e+001 -5.000004e-001
    endloop
  endfacet
  facet normal 0.000000e+000 0.000000e+000 -4.379519e-001
    outer loop
      vertex   -3.872444e-002 1.722442e+001 -5.000004e-001
      vertex   2.054363e-001 1.753887e+001 -5.000004e-001
      vertex   3.435590e-001 1.741251e+001 -5.000004e-001
    endloop
  endfacet
  facet normal 0.000000e+000 0.000000e+000 -9.231098e-001
    outer loop
      vertex   -3.872444e-002 1.722442e+001 -5.000004e-001
      vertex   3.435590e-001 1.741251e+001 -5.000004e-001
      vertex   1.194867e-001 1.708598e+001 -5.000004e-001
    endloop
  endfacet
  facet normal 0.000000e+000 0.000000e+000 -4.307750e-001
    outer loop
      vertex   1.194867e-001 1.708598e+001 -5.000004e-001
      vertex   3.435590e-001 1.741251e+001 -5.000004e-001
      vertex   4.956569e-001 1.730338e+001 -5.000004e-001
    endloop
  endfacet
  facet normal 0.000000e+000 0.000000e+000 -9.071131e-001
    outer loop
      vertex   1.194867e-001 1.708598e+001 -5.000004e-001
      vertex   4.956569e-001 1.730338e+001 -5.000004e-001
      vertex   2.915165e-001 1.696515e+001 -5.000004e-001
    endloop
  endfacet
  facet normal 0.000000e+000 0.000000e+000 -9.993091e-001
    outer loop
      vertex   2.915165e-001 1.696515e+001 -5.000004e-001
      vertex   4.956569e-001 1.730338e+001 -5.000004e-001
      vertex   4.754159e-001 1.686328e+001 -5.000004e-001
    endloop
  endfacet
  facet normal 0.000000e+000 0.000000e+000 -4.248311e-001
    outer loop
      vertex   4.754159e-001 1.686328e+001 -5.000004e-001
      vertex   4.956569e-001 1.730338e+001 -5.000004e-001
      vertex   6.595948e-001 1.721300e+001 -5.000004e-001
    endloop
  endfacet
  facet normal 0.000000e+000 0.000000e+000 -9.963573e-001
    outer loop
      vertex   4.754159e-001 1.686328e+001 -5.000004e-001
      vertex   6.595948e-001 1.721300e+001 -5.000004e-001
      vertex   6.691011e-001 1.678154e+001 -5.000004e-001
    endloop
  endfacet
  facet normal 0.000000e+000 0.000000e+000 -4.334058e-001
    outer loop
      vertex   6.691011e-001 1.678154e+001 -5.000004e-001
      vertex   6.595948e-001 1.721300e+001 -5.000004e-001
      vertex   8.330715e-001 1.714264e+001 -5.000004e-001
    endloop
  endfacet
  facet normal 0.000000e+000 0.000000e+000 -9.911187e-001
    outer loop
      vertex   6.691011e-001 1.678154e+001 -5.000004e-001
      vertex   8.330715e-001 1.714264e+001 -5.000004e-001
      vertex   8.703776e-001 1.672085e+001 -5.000004e-001
    endloop
  endfacet
  facet normal 0.000000e+000 0.000000e+000 -4.398582e-001
    outer loop
      vertex   8.703776e-001 1.672085e+001 -5.000004e-001
      vertex   8.330715e-001 1.714264e+001 -5.000004e-001
      vertex   1.013652e+000 1.709330e+001 -5.000004e-001
    endloop
  endfacet
  facet normal 0.000000e+000 0.000000e+000 -9.836887e-001
    outer loop
      vertex   8.703776e-001 1.672085e+001 -5.000004e-001
      vertex   1.013652e+000 1.709330e+001 -5.000004e-001
      vertex   1.076965e+000 1.668189e+001 -5.000004e-001
    endloop
  endfacet
  facet normal 0.000000e+000 0.000000e+000 -4.440413e-001
    outer loop
      vertex   1.076965e+000 1.668189e+001 -5.000004e-001
      vertex   1.013652e+000 1.709330e+001 -5.000004e-001
      vertex   1.198800e+000 1.706566e+001 -5.000004e-001
    endloop
  endfacet
  facet normal 0.000000e+000 0.000000e+000 -9.742250e-001
    outer loop
      vertex   1.076965e+000 1.668189e+001 -5.000004e-001
      vertex   1.198800e+000 1.706566e+001 -5.000004e-001
      vertex   1.286522e+000 1.666512e+001 -5.000004e-001
    endloop
  endfacet
  facet normal 0.000000e+000 0.000000e+000 -4.458516e-001
    outer loop
      vertex   1.286522e+000 1.666512e+001 -5.000004e-001
      vertex   1.198800e+000 1.706566e+001 -5.000004e-001
      vertex   1.385918e+000 1.706012e+001 -5.000004e-001
    endloop
  endfacet
  facet normal 0.000000e+000 0.000000e+000 -9.629276e-001
    outer loop
      vertex   1.286522e+000 1.666512e+001 -5.000004e-001
      vertex   1.385918e+000 1.706012e+001 -5.000004e-001
      vertex   1.496675e+000 1.667072e+001 -5.000004e-001
    endloop
  endfacet
  facet normal 0.000000e+000 0.000000e+000 -4.452461e-001
    outer loop
      vertex   1.496675e+000 1.667072e+001 -5.000004e-001
      vertex   1.385918e+000 1.706012e+001 -5.000004e-001
      vertex   1.572379e+000 1.707674e+001 -5.000004e-001
    endloop
  endfacet
  facet normal 0.000000e+000 0.000000e+000 -9.500329e-001
    outer loop
      vertex   1.496675e+000 1.667072e+001 -5.000004e-001
      vertex   1.572379e+000 1.707674e+001 -5.000004e-001
      vertex   1.705043e+000 1.669862e+001 -5.000004e-001
    endloop
  endfacet
  facet normal 0.000000e+000 0.000000e+000 -4.422408e-001
    outer loop
      vertex   1.705043e+000 1.669862e+001 -5.000004e-001
      vertex   1.572379e+000 1.707674e+001 -5.000004e-001
      vertex   1.755566e+000 1.711530e+001 -5.000004e-001
    endloop
  endfacet
  facet normal 0.000000e+000 0.000000e+000 -9.358003e-001
    outer loop
      vertex   1.705043e+000 1.669862e+001 -5.000004e-001
      vertex   1.755566e+000 1.711530e+001 -5.000004e-001
      vertex   1.909264e+000 1.674851e+001 -5.000004e-001
    endloop
  endfacet
  facet normal 0.000000e+000 0.000000e+000 -4.369071e-001
    outer loop
      vertex   1.909264e+000 1.674851e+001 -5.000004e-001
      vertex   1.755566e+000 1.711530e+001 -5.000004e-001
      vertex   1.932905e+000 1.717525e+001 -5.000004e-001
    endloop
  endfacet
  facet normal 0.000000e+000 0.000000e+000 -9.204947e-001
    outer loop
      vertex   1.909264e+000 1.674851e+001 -5.000004e-001
      vertex   1.932905e+000 1.717525e+001 -5.000004e-001
      vertex   2.107026e+000 1.681983e+001 -5.000004e-001
    endloop
  endfacet
  facet normal 0.000000e+000 0.000000e+000 -4.293725e-001
    outer loop
      vertex   2.107026e+000 1.681983e+001 -5.000004e-001
      vertex   1.932905e+000 1.717525e+001 -5.000004e-001
      vertex   2.101909e+000 1.725576e+001 -5.000004e-001
    endloop
  endfacet
  facet normal 0.000000e+000 0.000000e+000 -9.043820e-001
    outer loop
      vertex   2.107026e+000 1.681983e+001 -5.000004e-001
      vertex   2.101909e+000 1.725576e+001 -5.000004e-001
      vertex   2.296086e+000 1.691176e+001 -5.000004e-001
    endloop
  endfacet
  facet normal 0.000000e+000 0.000000e+000 -9.989781e-001
    outer loop
      vertex   2.296086e+000 1.691176e+001 -5.000004e-001
      vertex   2.101909e+000 1.725576e+001 -5.000004e-001
      vertex   2.474303e+000 1.702327e+001 -5.000004e-001
    endloop
  endfacet
  facet normal 0.000000e+000 0.000000e+000 -4.264004e-001
    outer loop
      vertex   2.474303e+000 1.702327e+001 -5.000004e-001
      vertex   2.101909e+000 1.725576e+001 -5.000004e-001
      vertex   2.260206e+000 1.735569e+001 -5.000004e-001
    endloop
  endfacet
  facet normal 0.000000e+000 0.000000e+000 -9.956414e-001
    outer loop
      vertex   2.474303e+000 1.702327e+001 -5.000004e-001
      vertex   2.260206e+000 1.735569e+001 -5.000004e-001
      vertex   2.639658e+000 1.715309e+001 -5.000004e-001
    endloop
  endfacet
  facet normal 0.000000e+000 0.000000e+000 -4.346319e-001
    outer loop
      vertex   2.639658e+000 1.715309e+001 -5.000004e-001
      vertex   2.260206e+000 1.735569e+001 -5.000004e-001
      vertex   2.405571e+000 1.747364e+001 -5.000004e-001
    endloop
  endfacet
  facet normal 0.000000e+000 0.000000e+000 -9.900284e-001
    outer loop
      vertex   2.639658e+000 1.715309e+001 -5.000004e-001
      vertex   2.405571e+000 1.747364e+001 -5.000004e-001
      vertex   2.790277e+000 1.729976e+001 -5.000004e-001
    endloop
  endfacet
  facet normal 0.000000e+000 0.000000e+000 -4.407170e-001
    outer loop
      vertex   2.790277e+000 1.729976e+001 -5.000004e-001
      vertex   2.405571e+000 1.747364e+001 -5.000004e-001
      vertex   2.535966e+000 1.760796e+001 -5.000004e-001
    endloop
  endfacet
  facet normal 0.000000e+000 0.000000e+000 -9.822484e-001
    outer loop
      vertex   2.790277e+000 1.729976e+001 -5.000004e-001
      vertex   2.535966e+000 1.760796e+001 -5.000004e-001
      vertex   2.924453e+000 1.746160e+001 -5.000004e-001
    endloop
  endfacet
  facet normal 0.000000e+000 0.000000e+000 -4.445112e-001
    outer loop
      vertex   2.924453e+000 1.746160e+001 -5.000004e-001
      vertex   2.535966e+000 1.760796e+001 -5.000004e-001
      vertex   2.649559e+000 1.775676e+001 -5.000004e-001
    endloop
  endfacet
  facet normal 0.000000e+000 0.000000e+000 -9.724628e-001
    outer loop
      vertex   2.924453e+000 1.746160e+001 -5.000004e-001
      vertex   2.649559e+000 1.775676e+001 -5.000004e-001
      vertex   3.040667e+000 1.763678e+001 -5.000004e-001
    endloop
  endfacet
  facet normal 0.000000e+000 0.000000e+000 -4.459200e-001
    outer loop
      vertex   3.040667e+000 1.763678e+001 -5.000004e-001
      vertex   2.649559e+000 1.775676e+001 -5.000004e-001
      vertex   2.744756e+000 1.791795e+001 -5.000004e-001
    endloop
  endfacet
  facet normal 0.000000e+000 0.000000e+000 -9.608830e-001
    outer loop
      vertex   3.040667e+000 1.763678e+001 -5.000004e-001
      vertex   2.744756e+000 1.791795e+001 -5.000004e-001
      vertex   3.137601e+000 1.782333e+001 -5.000004e-001
    endloop
  endfacet
  facet normal 0.000000e+000 0.000000e+000 -4.449088e-001
    outer loop
      vertex   3.137601e+000 1.782333e+001 -5.000004e-001
      vertex   2.744756e+000 1.791795e+001 -5.000004e-001
      vertex   2.820221e+000 1.808926e+001 -5.000004e-001
    endloop
  endfacet
  facet normal 0.000000e+000 0.000000e+000 -9.477459e-001
    outer loop
      vertex   3.137601e+000 1.782333e+001 -5.000004e-001
      vertex   2.820221e+000 1.808926e+001 -5.000004e-001
      vertex   3.214158e+000 1.801912e+001 -5.000004e-001
    endloop
  endfacet
  facet normal 0.000000e+000 0.000000e+000 -4.415120e-001
    outer loop
      vertex   3.214158e+000 1.801912e+001 -5.000004e-001
      vertex   2.820221e+000 1.808926e+001 -5.000004e-001
      vertex   2.874894e+000 1.826830e+001 -5.000004e-001
    endloop
  endfacet
  facet normal 0.000000e+000 0.000000e+000 -9.333159e-001
    outer loop
      vertex   3.214158e+000 1.801912e+001 -5.000004e-001
      vertex   2.874894e+000 1.826830e+001 -5.000004e-001
      vertex   3.269469e+000 1.822194e+001 -5.000004e-001
    endloop
  endfacet
  facet normal 0.000000e+000 0.000000e+000 -4.358000e-001
    outer loop
      vertex   3.269469e+000 1.822194e+001 -5.000004e-001
      vertex   2.874894e+000 1.826830e+001 -5.000004e-001
      vertex   2.908008e+000 1.845255e+001 -5.000004e-001
    endloop
  endfacet
  facet normal 0.000000e+000 0.000000e+000 -9.178603e-001
    outer loop
      vertex   3.269469e+000 1.822194e+001 -5.000004e-001
      vertex   2.908008e+000 1.845255e+001 -5.000004e-001
      vertex   3.302909e+000 1.842949e+001 -5.000004e-001
    endloop
  endfacet
  facet normal 0.000000e+000 0.000000e+000 -4.279157e-001
    outer loop
      vertex   3.302909e+000 1.842949e+001 -5.000004e-001
      vertex   2.908008e+000 1.845255e+001 -5.000004e-001
      vertex   2.919098e+000 1.863942e+001 -5.000004e-001
    endloop
  endfacet
  facet normal -0.000000e+000 0.000000e+000 9.999995e-001
    outer loop
      vertex   2.908008e+000 1.845255e+001 5.500000e+000
      vertex   3.302909e+000 1.842949e+001 5.500000e+000
      vertex   2.919098e+000 1.863942e+001 5.500000e+000
    endloop
  endfacet
  facet normal -0.000000e+000 0.000000e+000 4.798715e-001
    outer loop
      vertex   2.919098e+000 1.863942e+001 5.500000e+000
      vertex   3.302909e+000 1.842949e+001 5.500000e+000
      vertex   3.314098e+000 1.863942e+001 5.500000e+000
    endloop
  endfacet
  facet normal 0.000000e+000 0.000000e+000 4.798682e-001
    outer loop
      vertex   2.919098e+000 1.863942e+001 5.500000e+000
      vertex   3.314098e+000 1.863942e+001 5.500000e+000
      vertex   3.302909e+000 1.884935e+001 5.500000e+000
    endloop
  endfacet
  facet normal 0.000000e+000 0.000000e+000 9.948614e-001
    outer loop
      vertex   3.302909e+000 1.842949e+001 5.500000e+000
      vertex   2.908008e+000 1.845255e+001 5.500000e+000
      vertex   3.269469e+000 1.822194e+001 5.500000e+000
    endloop
  endfacet
  facet normal 0.000000e+000 0.000000e+000 4.358000e-001
    outer loop
      vertex   3.269469e+000 1.822194e+001 5.500000e+000
      vertex   2.908008e+000 1.845255e+001 5.500000e+000
      vertex   2.874894e+000 1.826830e+001 5.500000e+000
    endloop
  endfacet
  facet normal 0.000000e+000 0.000000e+000 9.888787e-001
    outer loop
      vertex   3.269469e+000 1.822194e+001 5.500000e+000
      vertex   2.874894e+000 1.826830e+001 5.500000e+000
      vertex   3.214158e+000 1.801912e+001 5.500000e+000
    endloop
  endfacet
  facet normal 0.000000e+000 0.000000e+000 4.415120e-001
    outer loop
      vertex   3.214158e+000 1.801912e+001 5.500000e+000
      vertex   2.874894e+000 1.826830e+001 5.500000e+000
      vertex   2.820221e+000 1.808926e+001 5.500000e+000
    endloop
  endfacet
  facet normal 0.000000e+000 0.000000e+000 9.807517e-001
    outer loop
      vertex   3.214158e+000 1.801912e+001 5.500000e+000
      vertex   2.820221e+000 1.808926e+001 5.500000e+000
      vertex   3.137601e+000 1.782333e+001 5.500000e+000
    endloop
  endfacet
  facet normal 0.000000e+000 0.000000e+000 4.449088e-001
    outer loop
      vertex   3.137601e+000 1.782333e+001 5.500000e+000
      vertex   2.820221e+000 1.808926e+001 5.500000e+000
      vertex   2.744756e+000 1.791795e+001 5.500000e+000
    endloop
  endfacet
  facet normal 0.000000e+000 0.000000e+000 9.706520e-001
    outer loop
      vertex   3.137601e+000 1.782333e+001 5.500000e+000
      vertex   2.744756e+000 1.791795e+001 5.500000e+000
      vertex   3.040667e+000 1.763678e+001 5.500000e+000
    endloop
  endfacet
  facet normal 0.000000e+000 0.000000e+000 4.459200e-001
    outer loop
      vertex   3.040667e+000 1.763678e+001 5.500000e+000
      vertex   2.744756e+000 1.791795e+001 5.500000e+000
      vertex   2.649559e+000 1.775676e+001 5.500000e+000
    endloop
  endfacet
  facet normal 0.000000e+000 0.000000e+000 9.587945e-001
    outer loop
      vertex   3.040667e+000 1.763678e+001 5.500000e+000
      vertex   2.649559e+000 1.775676e+001 5.500000e+000
      vertex   2.924453e+000 1.746160e+001 5.500000e+000
    endloop
  endfacet
  facet normal 0.000000e+000 0.000000e+000 4.445112e-001
    outer loop
      vertex   2.924453e+000 1.746160e+001 5.500000e+000
      vertex   2.649559e+000 1.775676e+001 5.500000e+000
      vertex   2.535966e+000 1.760796e+001 5.500000e+000
    endloop
  endfacet
  facet normal 0.000000e+000 0.000000e+000 9.454240e-001
    outer loop
      vertex   2.924453e+000 1.746160e+001 5.500000e+000
      vertex   2.535966e+000 1.760796e+001 5.500000e+000
      vertex   2.790277e+000 1.729976e+001 5.500000e+000
    endloop
  endfacet
  facet normal 0.000000e+000 0.000000e+000 4.407170e-001
    outer loop
      vertex   2.790277e+000 1.729976e+001 5.500000e+000
      vertex   2.535966e+000 1.760796e+001 5.500000e+000
      vertex   2.405571e+000 1.747364e+001 5.500000e+000
    endloop
  endfacet
  facet normal 0.000000e+000 0.000000e+000 9.308046e-001
    outer loop
      vertex   2.790277e+000 1.729976e+001 5.500000e+000
      vertex   2.405571e+000 1.747364e+001 5.500000e+000
      vertex   2.639658e+000 1.715309e+001 5.500000e+000
    endloop
  endfacet
  facet normal 0.000000e+000 0.000000e+000 4.346319e-001
    outer loop
      vertex   2.639658e+000 1.715309e+001 5.500000e+000
      vertex   2.405571e+000 1.747364e+001 5.500000e+000
      vertex   2.260206e+000 1.735569e+001 5.500000e+000
    endloop
  endfacet
  facet normal 0.000000e+000 0.000000e+000 9.152007e-001
    outer loop
      vertex   2.639658e+000 1.715309e+001 5.500000e+000
      vertex   2.260206e+000 1.735569e+001 5.500000e+000
      vertex   2.474303e+000 1.702327e+001 5.500000e+000
    endloop
  endfacet
  facet normal 0.000000e+000 0.000000e+000 4.264004e-001
    outer loop
      vertex   2.474303e+000 1.702327e+001 5.500000e+000
      vertex   2.260206e+000 1.735569e+001 5.500000e+000
      vertex   2.101909e+000 1.725576e+001 5.500000e+000
    endloop
  endfacet
  facet normal 0.000000e+000 0.000000e+000 8.988754e-001
    outer loop
      vertex   2.474303e+000 1.702327e+001 5.500000e+000
      vertex   2.101909e+000 1.725576e+001 5.500000e+000
      vertex   2.296086e+000 1.691176e+001 5.500000e+000
    endloop
  endfacet
  facet normal 0.000000e+000 0.000000e+000 9.981228e-001
    outer loop
      vertex   2.296086e+000 1.691176e+001 5.500000e+000
      vertex   2.101909e+000 1.725576e+001 5.500000e+000
      vertex   2.107026e+000 1.681983e+001 5.500000e+000
    endloop
  endfacet
  facet normal 0.000000e+000 0.000000e+000 4.293725e-001
    outer loop
      vertex   2.107026e+000 1.681983e+001 5.500000e+000
      vertex   2.101909e+000 1.725576e+001 5.500000e+000
      vertex   1.932905e+000 1.717525e+001 5.500000e+000
    endloop
  endfacet
  facet normal 0.000000e+000 0.000000e+000 9.940191e-001
    outer loop
      vertex   2.107026e+000 1.681983e+001 5.500000e+000
      vertex   1.932905e+000 1.717525e+001 5.500000e+000
      vertex   1.909264e+000 1.674851e+001 5.500000e+000
    endloop
  endfacet
  facet normal 0.000000e+000 -0.000000e+000 4.369071e-001
    outer loop
      vertex   1.909264e+000 1.674851e+001 5.500000e+000
      vertex   1.932905e+000 1.717525e+001 5.500000e+000
      vertex   1.755566e+000 1.711530e+001 5.500000e+000
    endloop
  endfacet
  facet normal 0.000000e+000 0.000000e+000 9.876691e-001
    outer loop
      vertex   1.909264e+000 1.674851e+001 5.500000e+000
      vertex   1.755566e+000 1.711530e+001 5.500000e+000
      vertex   1.705043e+000 1.669862e+001 5.500000e+000
    endloop
  endfacet
  facet normal 0.000000e+000 -0.000000e+000 4.422408e-001
    outer loop
      vertex   1.705043e+000 1.669862e+001 5.500000e+000
      vertex   1.755566e+000 1.711530e+001 5.500000e+000
      vertex   1.572379e+000 1.707674e+001 5.500000e+000
    endloop
  endfacet
  facet normal 0.000000e+000 0.000000e+000 9.792001e-001
    outer loop
      vertex   1.705043e+000 1.669862e+001 5.500000e+000
      vertex   1.572379e+000 1.707674e+001 5.500000e+000
      vertex   1.496675e+000 1.667072e+001 5.500000e+000
    endloop
  endfacet
  facet normal 0.000000e+000 -0.000000e+000 4.452461e-001
    outer loop
      vertex   1.496675e+000 1.667072e+001 5.500000e+000
      vertex   1.572379e+000 1.707674e+001 5.500000e+000
      vertex   1.385918e+000 1.706012e+001 5.500000e+000
    endloop
  endfacet
  facet normal 0.000000e+000 0.000000e+000 9.687911e-001
    outer loop
      vertex   1.496675e+000 1.667072e+001 5.500000e+000
      vertex   1.385918e+000 1.706012e+001 5.500000e+000
      vertex   1.286522e+000 1.666512e+001 5.500000e+000
    endloop
  endfacet
  facet normal 0.000000e+000 -0.000000e+000 4.458516e-001
    outer loop
      vertex   1.286522e+000 1.666512e+001 5.500000e+000
      vertex   1.385918e+000 1.706012e+001 5.500000e+000
      vertex   1.198800e+000 1.706566e+001 5.500000e+000
    endloop
  endfacet
  facet normal 0.000000e+000 0.000000e+000 9.566638e-001
    outer loop
      vertex   1.286522e+000 1.666512e+001 5.500000e+000
      vertex   1.198800e+000 1.706566e+001 5.500000e+000
      vertex   1.076965e+000 1.668189e+001 5.500000e+000
    endloop
  endfacet
  facet normal 0.000000e+000 -0.000000e+000 4.440413e-001
    outer loop
      vertex   1.076965e+000 1.668189e+001 5.500000e+000
      vertex   1.198800e+000 1.706566e+001 5.500000e+000
      vertex   1.013652e+000 1.709330e+001 5.500000e+000
    endloop
  endfacet
  facet normal 0.000000e+000 0.000000e+000 9.430685e-001
    outer loop
      vertex   1.076965e+000 1.668189e+001 5.500000e+000
      vertex   1.013652e+000 1.709330e+001 5.500000e+000
      vertex   8.703776e-001 1.672085e+001 5.500000e+000
    endloop
  endfacet
  facet normal 0.000000e+000 -0.000000e+000 4.398582e-001
    outer loop
      vertex   8.703776e-001 1.672085e+001 5.500000e+000
      vertex   1.013652e+000 1.709330e+001 5.500000e+000
      vertex   8.330715e-001 1.714264e+001 5.500000e+000
    endloop
  endfacet
  facet normal 0.000000e+000 0.000000e+000 9.282635e-001
    outer loop
      vertex   8.703776e-001 1.672085e+001 5.500000e+000
      vertex   8.330715e-001 1.714264e+001 5.500000e+000
      vertex   6.691011e-001 1.678154e+001 5.500000e+000
    endloop
  endfacet
  facet normal 0.000000e+000 -0.000000e+000 4.334058e-001
    outer loop
      vertex   6.691011e-001 1.678154e+001 5.500000e+000
      vertex   8.330715e-001 1.714264e+001 5.500000e+000
      vertex   6.595948e-001 1.721300e+001 5.500000e+000
    endloop
  endfacet
  facet normal 0.000000e+000 0.000000e+000 9.125241e-001
    outer loop
      vertex   6.691011e-001 1.678154e+001 5.500000e+000
      vertex   6.595948e-001 1.721300e+001 5.500000e+000
      vertex   4.754159e-001 1.686328e+001 5.500000e+000
    endloop
  endfacet
  facet normal 0.000000e+000 0.000000e+000 4.248311e-001
    outer loop
      vertex   4.754159e-001 1.686328e+001 5.500000e+000
      vertex   6.595948e-001 1.721300e+001 5.500000e+000
      vertex   4.956569e-001 1.730338e+001 5.500000e+000
    endloop
  endfacet
  facet normal 0.000000e+000 -0.000000e+000 8.961017e-001
    outer loop
      vertex   4.754159e-001 1.686328e+001 5.500000e+000
      vertex   4.956569e-001 1.730338e+001 5.500000e+000
      vertex   2.915165e-001 1.696515e+001 5.500000e+000
    endloop
  endfacet
  facet normal 0.000000e+000 -0.000000e+000 9.975983e-001
    outer loop
      vertex   2.915165e-001 1.696515e+001 5.500000e+000
      vertex   4.956569e-001 1.730338e+001 5.500000e+000
      vertex   1.194867e-001 1.708598e+001 5.500000e+000
    endloop
  endfacet
  facet normal 0.000000e+000 0.000000e+000 4.307750e-001
    outer loop
      vertex   1.194867e-001 1.708598e+001 5.500000e+000
      vertex   4.956569e-001 1.730338e+001 5.500000e+000
      vertex   3.435590e-001 1.741251e+001 5.500000e+000
    endloop
  endfacet
  facet normal 0.000000e+000 -0.000000e+000 9.931139e-001
    outer loop
      vertex   1.194867e-001 1.708598e+001 5.500000e+000
      vertex   3.435590e-001 1.741251e+001 5.500000e+000
      vertex   -3.872444e-002 1.722442e+001 5.500000e+000
    endloop
  endfacet
  facet normal 0.000000e+000 0.000000e+000 4.379519e-001
    outer loop
      vertex   -3.872444e-002 1.722442e+001 5.500000e+000
      vertex   3.435590e-001 1.741251e+001 5.500000e+000
      vertex   2.054363e-001 1.753887e+001 5.500000e+000
    endloop
  endfacet
  facet normal 0.000000e+000 -0.000000e+000 9.864002e-001
    outer loop
      vertex   -3.872444e-002 1.722442e+001 5.500000e+000
      vertex   2.054363e-001 1.753887e+001 5.500000e+000
      vertex   -1.813243e-001 1.737889e+001 5.500000e+000
    endloop
  endfacet
  facet normal 0.000000e+000 0.000000e+000 4.429090e-001
    outer loop
      vertex   -1.813243e-001 1.737889e+001 5.500000e+000
      vertex   2.054363e-001 1.753887e+001 5.500000e+000
      vertex   8.322780e-002 1.768068e+001 5.500000e+000
    endloop
  endfacet
  facet normal 0.000000e+000 -0.000000e+000 9.775940e-001
    outer loop
      vertex   -1.813243e-001 1.737889e+001 5.500000e+000
      vertex   8.322780e-002 1.768068e+001 5.500000e+000
      vertex   -3.066972e-001 1.754764e+001 5.500000e+000
    endloop
  endfacet
  facet normal 0.000000e+000 0.000000e+000 4.455141e-001
    outer loop
      vertex   -3.066972e-001 1.754764e+001 5.500000e+000
      vertex   8.322780e-002 1.768068e+001 5.500000e+000
      vertex   -2.135109e-002 1.783594e+001 5.500000e+000
    endloop
  endfacet
  facet normal 0.000000e+000 -0.000000e+000 9.668838e-001
    outer loop
      vertex   -3.066972e-001 1.754764e+001 5.500000e+000
      vertex   -2.135109e-002 1.783594e+001 5.500000e+000
      vertex   -4.134225e-001 1.772876e+001 5.500000e+000
    endloop
  endfacet
  facet normal 0.000000e+000 0.000000e+000 4.457175e-001
    outer loop
      vertex   -4.134225e-001 1.772876e+001 5.500000e+000
      vertex   -2.135109e-002 1.783594e+001 5.500000e+000
      vertex   -1.068323e-001 1.800249e+001 5.500000e+000
    endloop
  endfacet
  facet normal 0.000000e+000 -0.000000e+000 9.544932e-001
    outer loop
      vertex   -4.134225e-001 1.772876e+001 5.500000e+000
      vertex   -1.068323e-001 1.800249e+001 5.500000e+000
      vertex   -5.002911e-001 1.792020e+001 5.500000e+000
    endloop
  endfacet
  facet normal 0.000000e+000 0.000000e+000 4.435079e-001
    outer loop
      vertex   -5.002911e-001 1.792020e+001 5.500000e+000
      vertex   -1.068323e-001 1.800249e+001 5.500000e+000
      vertex   -1.720157e-001 1.817797e+001 5.500000e+000
    endloop
  endfacet
  facet normal 0.000000e+000 -0.000000e+000 9.406774e-001
    outer loop
      vertex   -5.002911e-001 1.792020e+001 5.500000e+000
      vertex   -1.720157e-001 1.817797e+001 5.500000e+000
      vertex   -5.663188e-001 1.811979e+001 5.500000e+000
    endloop
  endfacet
  facet normal 0.000000e+000 0.000000e+000 4.389373e-001
    outer loop
      vertex   -5.663188e-001 1.811979e+001 5.500000e+000
      vertex   -1.720157e-001 1.817797e+001 5.500000e+000
      vertex   -2.159865e-001 1.835993e+001 5.500000e+000
    endloop
  endfacet
  facet normal 0.000000e+000 -0.000000e+000 9.256989e-001
    outer loop
      vertex   -5.663188e-001 1.811979e+001 5.500000e+000
      vertex   -2.159865e-001 1.835993e+001 5.500000e+000
      vertex   -6.107572e-001 1.832527e+001 5.500000e+000
    endloop
  endfacet
  facet normal 0.000000e+000 0.000000e+000 4.321194e-001
    outer loop
      vertex   -6.107572e-001 1.832527e+001 5.500000e+000
      vertex   -2.159865e-001 1.835993e+001 5.500000e+000
      vertex   -2.381273e-001 1.854582e+001 5.500000e+000
    endloop
  endfacet
  facet normal 0.000000e+000 -0.000000e+000 9.098287e-001
    outer loop
      vertex   -6.107572e-001 1.832527e+001 5.500000e+000
      vertex   -2.381273e-001 1.854582e+001 5.500000e+000
      vertex   -6.331030e-001 1.853431e+001 5.500000e+000
    endloop
  endfacet
  facet normal 0.000000e+000 0.000000e+000 4.232114e-001
    outer loop
      vertex   -6.331030e-001 1.853431e+001 5.500000e+000
      vertex   -2.381273e-001 1.854582e+001 5.500000e+000
      vertex   -2.381273e-001 1.873302e+001 5.500000e+000
    endloop
  endfacet
  facet normal 0.000000e+000 0.000000e+000 8.933158e-001
    outer loop
      vertex   -6.331030e-001 1.853431e+001 5.500000e+000
      vertex   -2.381273e-001 1.873302e+001 5.500000e+000
      vertex   -6.331030e-001 1.874454e+001 5.500000e+000
    endloop
  endfacet
  facet normal -0.000000e+000 0.000000e+000 9.970099e-001
    outer loop
      vertex   -6.331030e-001 1.874454e+001 5.500000e+000
      vertex   -2.381273e-001 1.873302e+001 5.500000e+000
      vertex   -6.107572e-001 1.895357e+001 5.500000e+000
    endloop
  endfacet
  facet normal 0.000000e+000 0.000000e+000 4.321185e-001
    outer loop
      vertex   -6.107572e-001 1.895357e+001 5.500000e+000
      vertex   -2.381273e-001 1.873302e+001 5.500000e+000
      vertex   -2.159865e-001 1.891891e+001 5.500000e+000
    endloop
  endfacet
  facet normal -0.000000e+000 0.000000e+000 9.921470e-001
    outer loop
      vertex   -6.107572e-001 1.895357e+001 5.500000e+000
      vertex   -2.159865e-001 1.891891e+001 5.500000e+000
      vertex   -5.663188e-001 1.915905e+001 5.500000e+000
    endloop
  endfacet
  facet normal 0.000000e+000 0.000000e+000 4.389373e-001
    outer loop
      vertex   -5.663188e-001 1.915905e+001 5.500000e+000
      vertex   -2.159865e-001 1.891891e+001 5.500000e+000
      vertex   -1.720157e-001 1.910087e+001 5.500000e+000
    endloop
  endfacet
  facet normal -0.000000e+000 0.000000e+000 9.850740e-001
    outer loop
      vertex   -5.663188e-001 1.915905e+001 5.500000e+000
      vertex   -1.720157e-001 1.910087e+001 5.500000e+000
      vertex   -5.002911e-001 1.935864e+001 5.500000e+000
    endloop
  endfacet
  facet normal 0.000000e+000 0.000000e+000 4.435069e-001
    outer loop
      vertex   -5.002911e-001 1.935864e+001 5.500000e+000
      vertex   -1.720157e-001 1.910087e+001 5.500000e+000
      vertex   -1.068323e-001 1.927636e+001 5.500000e+000
    endloop
  endfacet
  facet normal -0.000000e+000 0.000000e+000 9.759362e-001
    outer loop
      vertex   -5.002911e-001 1.935864e+001 5.500000e+000
      vertex   -1.068323e-001 1.927636e+001 5.500000e+000
      vertex   -4.134225e-001 1.955008e+001 5.500000e+000
    endloop
  endfacet
  facet normal 0.000000e+000 0.000000e+000 4.457166e-001
    outer loop
      vertex   -4.134225e-001 1.955008e+001 5.500000e+000
      vertex   -1.068323e-001 1.927636e+001 5.500000e+000
      vertex   -2.135109e-002 1.944290e+001 5.500000e+000
    endloop
  endfacet
  facet normal -0.000000e+000 0.000000e+000 9.649282e-001
    outer loop
      vertex   -4.134225e-001 1.955008e+001 5.500000e+000
      vertex   -2.135109e-002 1.944290e+001 5.500000e+000
      vertex   -3.066972e-001 1.973120e+001 5.500000e+000
    endloop
  endfacet
  facet normal 0.000000e+000 0.000000e+000 4.455171e-001
    outer loop
      vertex   -3.066972e-001 1.973120e+001 5.500000e+000
      vertex   -2.135109e-002 1.944290e+001 5.500000e+000
      vertex   8.322780e-002 1.959817e+001 5.500000e+000
    endloop
  endfacet
  facet normal -0.000000e+000 0.000000e+000 9.522822e-001
    outer loop
      vertex   -3.066972e-001 1.973120e+001 5.500000e+000
      vertex   8.322780e-002 1.959817e+001 5.500000e+000
      vertex   -1.813243e-001 1.989995e+001 5.500000e+000
    endloop
  endfacet
  facet normal 0.000000e+000 0.000000e+000 4.429052e-001
    outer loop
      vertex   -1.813243e-001 1.989995e+001 5.500000e+000
      vertex   8.322780e-002 1.959817e+001 5.500000e+000
      vertex   2.054363e-001 1.973997e+001 5.500000e+000
    endloop
  endfacet
  facet normal -0.000000e+000 0.000000e+000 9.382531e-001
    outer loop
      vertex   -1.813243e-001 1.989995e+001 5.500000e+000
      vertex   2.054363e-001 1.973997e+001 5.500000e+000
      vertex   -3.872444e-002 2.005442e+001 5.500000e+000
    endloop
  endfacet
  facet normal 0.000000e+000 0.000000e+000 4.379555e-001
    outer loop
      vertex   -3.872444e-002 2.005442e+001 5.500000e+000
      vertex   2.054363e-001 1.973997e+001 5.500000e+000
      vertex   3.435590e-001 1.986633e+001 5.500000e+000
    endloop
  endfacet
  facet normal -0.000000e+000 0.000000e+000 9.231082e-001
    outer loop
      vertex   -3.872444e-002 2.005442e+001 5.500000e+000
      vertex   3.435590e-001 1.986633e+001 5.500000e+000
      vertex   1.194867e-001 2.019286e+001 5.500000e+000
    endloop
  endfacet
  facet normal 0.000000e+000 0.000000e+000 4.307725e-001
    outer loop
      vertex   1.194867e-001 2.019286e+001 5.500000e+000
      vertex   3.435590e-001 1.986633e+001 5.500000e+000
      vertex   4.956569e-001 1.997546e+001 5.500000e+000
    endloop
  endfacet
  facet normal -0.000000e+000 0.000000e+000 9.071131e-001
    outer loop
      vertex   1.194867e-001 2.019286e+001 5.500000e+000
      vertex   4.956569e-001 1.997546e+001 5.500000e+000
      vertex   2.915165e-001 2.031370e+001 5.500000e+000
    endloop
  endfacet
  facet normal -0.000000e+000 0.000000e+000 9.993091e-001
    outer loop
      vertex   2.915165e-001 2.031370e+001 5.500000e+000
      vertex   4.956569e-001 1.997546e+001 5.500000e+000
      vertex   4.754159e-001 2.041556e+001 5.500000e+000
    endloop
  endfacet
  facet normal 0.000000e+000 0.000000e+000 4.248332e-001
    outer loop
      vertex   4.754159e-001 2.041556e+001 5.500000e+000
      vertex   4.956569e-001 1.997546e+001 5.500000e+000
      vertex   6.595948e-001 2.006584e+001 5.500000e+000
    endloop
  endfacet
  facet normal -0.000000e+000 0.000000e+000 9.963578e-001
    outer loop
      vertex   4.754159e-001 2.041556e+001 5.500000e+000
      vertex   6.595948e-001 2.006584e+001 5.500000e+000
      vertex   6.691011e-001 2.049730e+001 5.500000e+000
    endloop
  endfacet
  facet normal 0.000000e+000 0.000000e+000 4.334039e-001
    outer loop
      vertex   6.691011e-001 2.049730e+001 5.500000e+000
      vertex   6.595948e-001 2.006584e+001 5.500000e+000
      vertex   8.330715e-001 2.013620e+001 5.500000e+000
    endloop
  endfacet
  facet normal -0.000000e+000 0.000000e+000 9.911178e-001
    outer loop
      vertex   6.691011e-001 2.049730e+001 5.500000e+000
      vertex   8.330715e-001 2.013620e+001 5.500000e+000
      vertex   8.703776e-001 2.055799e+001 5.500000e+000
    endloop
  endfacet
  facet normal 0.000000e+000 0.000000e+000 4.398597e-001
    outer loop
      vertex   8.703776e-001 2.055799e+001 5.500000e+000
      vertex   8.330715e-001 2.013620e+001 5.500000e+000
      vertex   1.013652e+000 2.018554e+001 5.500000e+000
    endloop
  endfacet
  facet normal -0.000000e+000 0.000000e+000 9.836900e-001
    outer loop
      vertex   8.703776e-001 2.055799e+001 5.500000e+000
      vertex   1.013652e+000 2.018554e+001 5.500000e+000
      vertex   1.076965e+000 2.059695e+001 5.500000e+000
    endloop
  endfacet
  facet normal 0.000000e+000 0.000000e+000 4.440413e-001
    outer loop
      vertex   1.076965e+000 2.059695e+001 5.500000e+000
      vertex   1.013652e+000 2.018554e+001 5.500000e+000
      vertex   1.198800e+000 2.021318e+001 5.500000e+000
    endloop
  endfacet
  facet normal -0.000000e+000 0.000000e+000 9.742250e-001
    outer loop
      vertex   1.076965e+000 2.059695e+001 5.500000e+000
      vertex   1.198800e+000 2.021318e+001 5.500000e+000
      vertex   1.286522e+000 2.061372e+001 5.500000e+000
    endloop
  endfacet
  facet normal 0.000000e+000 0.000000e+000 4.458516e-001
    outer loop
      vertex   1.286522e+000 2.061372e+001 5.500000e+000
      vertex   1.198800e+000 2.021318e+001 5.500000e+000
      vertex   1.385918e+000 2.021873e+001 5.500000e+000
    endloop
  endfacet
  facet normal 0.000000e+000 0.000000e+000 9.629276e-001
    outer loop
      vertex   1.286522e+000 2.061372e+001 5.500000e+000
      vertex   1.385918e+000 2.021873e+001 5.500000e+000
      vertex   1.496675e+000 2.060813e+001 5.500000e+000
    endloop
  endfacet
  facet normal 0.000000e+000 0.000000e+000 4.452461e-001
    outer loop
      vertex   1.496675e+000 2.060813e+001 5.500000e+000
      vertex   1.385918e+000 2.021873e+001 5.500000e+000
      vertex   1.572379e+000 2.020210e+001 5.500000e+000
    endloop
  endfacet
  facet normal 0.000000e+000 0.000000e+000 9.500329e-001
    outer loop
      vertex   1.496675e+000 2.060813e+001 5.500000e+000
      vertex   1.572379e+000 2.020210e+001 5.500000e+000
      vertex   1.705043e+000 2.058022e+001 5.500000e+000
    endloop
  endfacet
  facet normal 0.000000e+000 0.000000e+000 4.422408e-001
    outer loop
      vertex   1.705043e+000 2.058022e+001 5.500000e+000
      vertex   1.572379e+000 2.020210e+001 5.500000e+000
      vertex   1.755566e+000 2.016355e+001 5.500000e+000
    endloop
  endfacet
  facet normal 0.000000e+000 0.000000e+000 9.357972e-001
    outer loop
      vertex   1.705043e+000 2.058022e+001 5.500000e+000
      vertex   1.755566e+000 2.016355e+001 5.500000e+000
      vertex   1.909264e+000 2.053033e+001 5.500000e+000
    endloop
  endfacet
  facet normal 0.000000e+000 0.000000e+000 4.369088e-001
    outer loop
      vertex   1.909264e+000 2.053033e+001 5.500000e+000
      vertex   1.755566e+000 2.016355e+001 5.500000e+000
      vertex   1.932905e+000 2.010359e+001 5.500000e+000
    endloop
  endfacet
  facet normal 0.000000e+000 0.000000e+000 9.204981e-001
    outer loop
      vertex   1.909264e+000 2.053033e+001 5.500000e+000
      vertex   1.932905e+000 2.010359e+001 5.500000e+000
      vertex   2.107026e+000 2.045901e+001 5.500000e+000
    endloop
  endfacet
  facet normal 0.000000e+000 0.000000e+000 4.293706e-001
    outer loop
      vertex   2.107026e+000 2.045901e+001 5.500000e+000
      vertex   1.932905e+000 2.010359e+001 5.500000e+000
      vertex   2.101909e+000 2.002308e+001 5.500000e+000
    endloop
  endfacet
  facet normal 0.000000e+000 0.000000e+000 9.043820e-001
    outer loop
      vertex   2.107026e+000 2.045901e+001 5.500000e+000
      vertex   2.101909e+000 2.002308e+001 5.500000e+000
      vertex   2.296086e+000 2.036708e+001 5.500000e+000
    endloop
  endfacet
  facet normal 0.000000e+000 0.000000e+000 9.989781e-001
    outer loop
      vertex   2.296086e+000 2.036708e+001 5.500000e+000
      vertex   2.101909e+000 2.002308e+001 5.500000e+000
      vertex   2.474303e+000 2.025557e+001 5.500000e+000
    endloop
  endfacet
  facet normal 0.000000e+000 0.000000e+000 4.264004e-001
    outer loop
      vertex   2.474303e+000 2.025557e+001 5.500000e+000
      vertex   2.101909e+000 2.002308e+001 5.500000e+000
      vertex   2.260206e+000 1.992315e+001 5.500000e+000
    endloop
  endfacet
  facet normal 0.000000e+000 0.000000e+000 9.956407e-001
    outer loop
      vertex   2.474303e+000 2.025557e+001 5.500000e+000
      vertex   2.260206e+000 1.992315e+001 5.500000e+000
      vertex   2.639658e+000 2.012575e+001 5.500000e+000
    endloop
  endfacet
  facet normal 0.000000e+000 0.000000e+000 4.346355e-001
    outer loop
      vertex   2.639658e+000 2.012575e+001 5.500000e+000
      vertex   2.260206e+000 1.992315e+001 5.500000e+000
      vertex   2.405571e+000 1.980520e+001 5.500000e+000
    endloop
  endfacet
  facet normal 0.000000e+000 0.000000e+000 9.900294e-001
    outer loop
      vertex   2.639658e+000 2.012575e+001 5.500000e+000
      vertex   2.405571e+000 1.980520e+001 5.500000e+000
      vertex   2.790277e+000 1.997909e+001 5.500000e+000
    endloop
  endfacet
  facet normal 0.000000e+000 0.000000e+000 4.407160e-001
    outer loop
      vertex   2.790277e+000 1.997909e+001 5.500000e+000
      vertex   2.405571e+000 1.980520e+001 5.500000e+000
      vertex   2.535966e+000 1.967088e+001 5.500000e+000
    endloop
  endfacet
  facet normal 0.000000e+000 0.000000e+000 9.822478e-001
    outer loop
      vertex   2.790277e+000 1.997909e+001 5.500000e+000
      vertex   2.535966e+000 1.967088e+001 5.500000e+000
      vertex   2.924453e+000 1.981725e+001 5.500000e+000
    endloop
  endfacet
  facet normal 0.000000e+000 0.000000e+000 4.445074e-001
    outer loop
      vertex   2.924453e+000 1.981725e+001 5.500000e+000
      vertex   2.535966e+000 1.967088e+001 5.500000e+000
      vertex   2.649559e+000 1.952208e+001 5.500000e+000
    endloop
  endfacet
  facet normal 0.000000e+000 0.000000e+000 9.724628e-001
    outer loop
      vertex   2.924453e+000 1.981725e+001 5.500000e+000
      vertex   2.649559e+000 1.952208e+001 5.500000e+000
      vertex   3.040667e+000 1.964206e+001 5.500000e+000
    endloop
  endfacet
  facet normal 0.000000e+000 0.000000e+000 4.459200e-001
    outer loop
      vertex   3.040667e+000 1.964206e+001 5.500000e+000
      vertex   2.649559e+000 1.952208e+001 5.500000e+000
      vertex   2.744756e+000 1.936090e+001 5.500000e+000
    endloop
  endfacet
  facet normal 0.000000e+000 0.000000e+000 9.608818e-001
    outer loop
      vertex   3.040667e+000 1.964206e+001 5.500000e+000
      vertex   2.744756e+000 1.936090e+001 5.500000e+000
      vertex   3.137601e+000 1.945551e+001 5.500000e+000
    endloop
  endfacet
  facet normal 0.000000e+000 0.000000e+000 4.449129e-001
    outer loop
      vertex   3.137601e+000 1.945551e+001 5.500000e+000
      vertex   2.744756e+000 1.936090e+001 5.500000e+000
      vertex   2.820221e+000 1.918958e+001 5.500000e+000
    endloop
  endfacet
  facet normal 0.000000e+000 0.000000e+000 9.477459e-001
    outer loop
      vertex   3.137601e+000 1.945551e+001 5.500000e+000
      vertex   2.820221e+000 1.918958e+001 5.500000e+000
      vertex   3.214158e+000 1.925972e+001 5.500000e+000
    endloop
  endfacet
  facet normal 0.000000e+000 0.000000e+000 4.415088e-001
    outer loop
      vertex   3.214158e+000 1.925972e+001 5.500000e+000
      vertex   2.820221e+000 1.918958e+001 5.500000e+000
      vertex   2.874894e+000 1.901054e+001 5.500000e+000
    endloop
  endfacet
  facet normal 0.000000e+000 0.000000e+000 9.333181e-001
    outer loop
      vertex   3.214158e+000 1.925972e+001 5.500000e+000
      vertex   2.874894e+000 1.901054e+001 5.500000e+000
      vertex   3.269469e+000 1.905690e+001 5.500000e+000
    endloop
  endfacet
  facet normal 0.000000e+000 0.000000e+000 4.358034e-001
    outer loop
      vertex   3.269469e+000 1.905690e+001 5.500000e+000
      vertex   2.874894e+000 1.901054e+001 5.500000e+000
      vertex   2.908008e+000 1.882629e+001 5.500000e+000
    endloop
  endfacet
  facet normal 0.000000e+000 0.000000e+000 9.178582e-001
    outer loop
      vertex   3.269469e+000 1.905690e+001 5.500000e+000
      vertex   2.908008e+000 1.882629e+001 5.500000e+000
      vertex   3.302909e+000 1.884935e+001 5.500000e+000
    endloop
  endfacet
  facet normal 0.000000e+000 0.000000e+000 4.279122e-001
    outer loop
      vertex   3.302909e+000 1.884935e+001 5.500000e+000
      vertex   2.908008e+000 1.882629e+001 5.500000e+000
      vertex   2.919098e+000 1.863942e+001 5.500000e+000
    endloop
  endfacet
  facet normal 0.000000e+000 0.000000e+000 1.226924e-002
    outer loop
      vertex   2.595225e+000 2.348171e+001 5.500000e+000
      vertex   3.010317e+000 1.899871e+001 5.500000e+000
      vertex   3.049577e+000 1.863942e+001 5.500000e+000
    endloop
  endfacet
  facet normal -5.977357e-001 -6.531558e-002 0.000000e+000
    outer loop
      vertex   3.049577e+000 1.863942e+001 -5.000004e-001
      vertex   3.049577e+000 1.863942e+001 5.500000e+000
      vertex   3.010317e+000 1.899871e+001 5.500000e+000
    endloop
  endfacet
  facet normal 0.000000e+000 0.000000e+000 1.164128e-001
    outer loop
      vertex   3.188563e+000 1.399052e+001 5.500000e+000
      vertex   3.049577e+000 1.863942e+001 5.500000e+000
      vertex   3.010317e+000 1.828013e+001 5.500000e+000
    endloop
  endfacet
  facet normal -5.977357e-001 6.531558e-002 0.000000e+000
    outer loop
      vertex   3.010317e+000 1.828013e+001 -5.000004e-001
      vertex   3.010317e+000 1.828013e+001 5.500000e+000
      vertex   3.049577e+000 1.863942e+001 5.500000e+000
    endloop
  endfacet
  facet normal 0.000000e+000 0.000000e+000 9.596082e+000
    outer loop
      vertex   3.188563e+000 2.328832e+001 5.500000e+000
      vertex   2.595225e+000 2.348171e+001 5.500000e+000
      vertex   3.049577e+000 1.863942e+001 5.500000e+000
    endloop
  endfacet
  facet normal 0.000000e+000 0.000000e+000 2.988320e-001
    outer loop
      vertex   3.188563e+000 1.399052e+001 5.500000e+000
      vertex   3.188563e+000 2.328832e+001 5.500000e+000
      vertex   3.049577e+000 1.863942e+001 5.500000e+000
    endloop
  endfacet
  facet normal -9.922840e+000 1.084285e+000 0.000000e+000
    outer loop
      vertex   3.010317e+000 1.828013e+001 -5.000004e-001
      vertex   3.049577e+000 1.863942e+001 5.500000e+000
      vertex   3.049577e+000 1.863942e+001 -5.000004e-001
    endloop
  endfacet
  facet normal 0.000000e+000 0.000000e+000 1.834906e-001
    outer loop
      vertex   2.595225e+000 2.348171e+001 5.500000e+000
      vertex   2.902926e+000 1.933001e+001 5.500000e+000
      vertex   3.010317e+000 1.899871e+001 5.500000e+000
    endloop
  endfacet
  facet normal -5.512285e-001 -1.786841e-001 0.000000e+000
    outer loop
      vertex   3.010317e+000 1.899871e+001 -5.000004e-001
      vertex   3.010317e+000 1.899871e+001 5.500000e+000
      vertex   2.902926e+000 1.933001e+001 5.500000e+000
    endloop
  endfacet
  facet normal -9.940828e+000 -1.086251e+000 0.000000e+000
    outer loop
      vertex   3.010317e+000 1.899871e+001 -5.000004e-001
      vertex   3.049577e+000 1.863942e+001 -5.000004e-001
      vertex   3.010317e+000 1.899871e+001 5.500000e+000
    endloop
  endfacet
  facet normal 0.000000e+000 0.000000e+000 4.054369e-001
    outer loop
      vertex   2.595225e+000 2.348171e+001 5.500000e+000
      vertex   2.723718e+000 1.963882e+001 5.500000e+000
      vertex   2.902926e+000 1.933001e+001 5.500000e+000
    endloop
  endfacet
  facet normal -5.137891e-001 -2.981514e-001 0.000000e+000
    outer loop
      vertex   2.902926e+000 1.933001e+001 -5.000004e-001
      vertex   2.902926e+000 1.933001e+001 5.500000e+000
      vertex   2.723718e+000 1.963882e+001 5.500000e+000
    endloop
  endfacet
  facet normal -9.496714e+000 -3.078417e+000 0.000000e+000
    outer loop
      vertex   3.010317e+000 1.899871e+001 -5.000004e-001
      vertex   2.902926e+000 1.933001e+001 5.500000e+000
      vertex   2.902926e+000 1.933001e+001 -5.000004e-001
    endloop
  endfacet
  facet normal 0.000000e+000 0.000000e+000 6.330919e-001
    outer loop
      vertex   2.595225e+000 2.348171e+001 5.500000e+000
      vertex   2.488051e+000 1.990164e+001 5.500000e+000
      vertex   2.723718e+000 1.963882e+001 5.500000e+000
    endloop
  endfacet
  facet normal -4.372745e-001 -3.921007e-001 0.000000e+000
    outer loop
      vertex   2.723718e+000 1.963882e+001 -5.000004e-001
      vertex   2.723718e+000 1.963882e+001 5.500000e+000
      vertex   2.488051e+000 1.990164e+001 5.500000e+000
    endloop
  endfacet
  facet normal -8.633915e+000 -5.010254e+000 0.000000e+000
    outer loop
      vertex   2.902926e+000 1.933001e+001 -5.000004e-001
      vertex   2.723718e+000 1.963882e+001 5.500000e+000
      vertex   2.723718e+000 1.963882e+001 -5.000004e-001
    endloop
  endfacet
  facet normal 0.000000e+000 0.000000e+000 7.411404e-001
    outer loop
      vertex   1.983450e+000 2.359819e+001 5.500000e+000
      vertex   2.198091e+000 2.011167e+001 5.500000e+000
      vertex   2.488051e+000 1.990164e+001 5.500000e+000
    endloop
  endfacet
  facet normal -3.494194e-001 -4.824084e-001 0.000000e+000
    outer loop
      vertex   2.488051e+000 1.990164e+001 -5.000004e-001
      vertex   2.488051e+000 1.990164e+001 5.500000e+000
      vertex   2.198091e+000 2.011167e+001 5.500000e+000
    endloop
  endfacet
  facet normal 0.000000e+000 0.000000e+000 9.875104e+000
    outer loop
      vertex   2.595225e+000 2.348171e+001 5.500000e+000
      vertex   1.983450e+000 2.359819e+001 5.500000e+000
      vertex   2.488051e+000 1.990164e+001 5.500000e+000
    endloop
  endfacet
  facet normal -7.432322e+000 -6.664505e+000 3.469447e-017
    outer loop
      vertex   2.723718e+000 1.963882e+001 -5.000004e-001
      vertex   2.488051e+000 1.990164e+001 5.500000e+000
      vertex   2.488051e+000 1.990164e+001 -5.000004e-001
    endloop
  endfacet
  facet normal 0.000000e+000 0.000000e+000 9.337264e-001
    outer loop
      vertex   1.983450e+000 2.359819e+001 5.500000e+000
      vertex   1.876365e+000 2.025534e+001 5.500000e+000
      vertex   2.198091e+000 2.011167e+001 5.500000e+000
    endloop
  endfacet
  facet normal -2.390431e-001 -5.352891e-001 0.000000e+000
    outer loop
      vertex   2.198091e+000 2.011167e+001 -5.000004e-001
      vertex   2.198091e+000 2.011167e+001 5.500000e+000
      vertex   1.876365e+000 2.025534e+001 5.500000e+000
    endloop
  endfacet
  facet normal -5.855664e+000 -8.084330e+000 -6.938894e-017
    outer loop
      vertex   2.488051e+000 1.990164e+001 -5.000004e-001
      vertex   2.198091e+000 2.011167e+001 5.500000e+000
      vertex   2.198091e+000 2.011167e+001 -5.000004e-001
    endloop
  endfacet
  facet normal 0.000000e+000 0.000000e+000 1.011071e+000
    outer loop
      vertex   1.349576e+000 2.363942e+001 5.500000e+000
      vertex   1.525644e+000 2.032971e+001 5.500000e+000
      vertex   1.876365e+000 2.025534e+001 5.500000e+000
    endloop
  endfacet
  facet normal -1.237197e-001 -5.834941e-001 0.000000e+000
    outer loop
      vertex   1.876365e+000 2.025534e+001 -5.000004e-001
      vertex   1.876365e+000 2.025534e+001 5.500000e+000
      vertex   1.525644e+000 2.032971e+001 5.500000e+000
    endloop
  endfacet
  facet normal 0.000000e+000 0.000000e+000 9.994577e+000
    outer loop
      vertex   1.983450e+000 2.359819e+001 5.500000e+000
      vertex   1.349576e+000 2.363942e+001 5.500000e+000
      vertex   1.876365e+000 2.025534e+001 5.500000e+000
    endloop
  endfacet
  facet normal -4.070559e+000 -9.115200e+000 3.469447e-017
    outer loop
      vertex   2.198091e+000 2.011167e+001 -5.000004e-001
      vertex   1.876365e+000 2.025534e+001 5.500000e+000
      vertex   1.876365e+000 2.025534e+001 -5.000004e-001
    endloop
  endfacet
  facet normal 0.000000e+000 0.000000e+000 1.060940e+000
    outer loop
      vertex   1.349576e+000 2.363942e+001 5.500000e+000
      vertex   1.173509e+000 2.032971e+001 5.500000e+000
      vertex   1.525644e+000 2.032971e+001 5.500000e+000
    endloop
  endfacet
  facet normal 0.000000e+000 -5.858830e-001 0.000000e+000
    outer loop
      vertex   1.525644e+000 2.032971e+001 -5.000004e-001
      vertex   1.525644e+000 2.032971e+001 5.500000e+000
      vertex   1.173509e+000 2.032971e+001 5.500000e+000
    endloop
  endfacet
  facet normal -2.070519e+000 -9.765100e+000 0.000000e+000
    outer loop
      vertex   1.876365e+000 2.025534e+001 -5.000004e-001
      vertex   1.525644e+000 2.032971e+001 5.500000e+000
      vertex   1.525644e+000 2.032971e+001 -5.000004e-001
    endloop
  endfacet
  facet normal 0.000000e+000 0.000000e+000 6.251597e-002
    outer loop
      vertex   -1.950829e+001 2.363942e+001 5.500000e+000
      vertex   8.227904e-001 2.025534e+001 5.500000e+000
      vertex   1.173509e+000 2.032971e+001 5.500000e+000
    endloop
  endfacet
  facet normal 1.237197e-001 -5.834901e-001 0.000000e+000
    outer loop
      vertex   1.173509e+000 2.032971e+001 -5.000004e-001
      vertex   1.173509e+000 2.032971e+001 5.500000e+000
      vertex   8.227904e-001 2.025534e+001 5.500000e+000
    endloop
  endfacet
  facet normal 0.000000e+000 0.000000e+000 9.985880e+000
    outer loop
      vertex   1.349576e+000 2.363942e+001 5.500000e+000
      vertex   -1.950829e+001 2.363942e+001 5.500000e+000
      vertex   1.173509e+000 2.032971e+001 5.500000e+000
    endloop
  endfacet
  facet normal 0.000000e+000 -9.982822e+000 0.000000e+000
    outer loop
      vertex   1.525644e+000 2.032971e+001 -5.000004e-001
      vertex   1.173509e+000 2.032971e+001 5.500000e+000
      vertex   1.173509e+000 2.032971e+001 -5.000004e-001
    endloop
  endfacet
  facet normal 0.000000e+000 0.000000e+000 9.575140e-002
    outer loop
      vertex   -1.950829e+001 2.363942e+001 5.500000e+000
      vertex   5.010613e-001 2.011167e+001 5.500000e+000
      vertex   8.227904e-001 2.025534e+001 5.500000e+000
    endloop
  endfacet
  facet normal 2.390431e-001 -5.352931e-001 0.000000e+000
    outer loop
      vertex   8.227904e-001 2.025534e+001 -5.000004e-001
      vertex   8.227904e-001 2.025534e+001 5.500000e+000
      vertex   5.010613e-001 2.011167e+001 5.500000e+000
    endloop
  endfacet
  facet normal 2.070533e+000 -9.765098e+000 0.000000e+000
    outer loop
      vertex   1.173509e+000 2.032971e+001 -5.000004e-001
      vertex   8.227904e-001 2.025534e+001 5.500000e+000
      vertex   8.227904e-001 2.025534e+001 -5.000004e-001
    endloop
  endfacet
  facet normal 0.000000e+000 0.000000e+000 1.281380e-001
    outer loop
      vertex   -1.950829e+001 2.363942e+001 5.500000e+000
      vertex   2.111038e-001 1.990164e+001 5.500000e+000
      vertex   5.010613e-001 2.011167e+001 5.500000e+000
    endloop
  endfacet
  facet normal 3.494194e-001 -4.824044e-001 0.000000e+000
    outer loop
      vertex   5.010613e-001 2.011167e+001 -5.000004e-001
      vertex   5.010613e-001 2.011167e+001 5.500000e+000
      vertex   2.111038e-001 1.990164e+001 5.500000e+000
    endloop
  endfacet
  facet normal 4.070534e+000 -9.115211e+000 0.000000e+000
    outer loop
      vertex   8.227904e-001 2.025534e+001 -5.000004e-001
      vertex   5.010613e-001 2.011167e+001 5.500000e+000
      vertex   5.010613e-001 2.011167e+001 -5.000004e-001
    endloop
  endfacet
  facet normal 0.000000e+000 0.000000e+000 1.518887e-001
    outer loop
      vertex   -1.950829e+001 2.363942e+001 5.500000e+000
      vertex   -2.456586e-002 1.963882e+001 5.500000e+000
      vertex   2.111038e-001 1.990164e+001 5.500000e+000
    endloop
  endfacet
  facet normal 4.372745e-001 -3.921046e-001 0.000000e+000
    outer loop
      vertex   2.111038e-001 1.990164e+001 -5.000004e-001
      vertex   2.111038e-001 1.990164e+001 5.500000e+000
      vertex   -2.456586e-002 1.963882e+001 5.500000e+000
    endloop
  endfacet
  facet normal 5.855696e+000 -8.084307e+000 0.000000e+000
    outer loop
      vertex   5.010613e-001 2.011167e+001 -5.000004e-001
      vertex   2.111038e-001 1.990164e+001 5.500000e+000
      vertex   2.111038e-001 1.990164e+001 -5.000004e-001
    endloop
  endfacet
  facet normal 0.000000e+000 0.000000e+000 1.711615e-001
    outer loop
      vertex   -1.950829e+001 2.363942e+001 5.500000e+000
      vertex   -2.037708e-001 1.933001e+001 5.500000e+000
      vertex   -2.456586e-002 1.963882e+001 5.500000e+000
    endloop
  endfacet
  facet normal 5.137891e-001 -2.981475e-001 0.000000e+000
    outer loop
      vertex   -2.456586e-002 1.963882e+001 -5.000004e-001
      vertex   -2.456586e-002 1.963882e+001 5.500000e+000
      vertex   -2.037708e-001 1.933001e+001 5.500000e+000
    endloop
  endfacet
  facet normal 7.432289e+000 -6.664543e+000 0.000000e+000
    outer loop
      vertex   2.111038e-001 1.990164e+001 -5.000004e-001
      vertex   -2.456586e-002 1.963882e+001 5.500000e+000
      vertex   -2.456586e-002 1.963882e+001 -5.000004e-001
    endloop
  endfacet
  facet normal 0.000000e+000 0.000000e+000 1.755604e-001
    outer loop
      vertex   -1.950829e+001 2.363942e+001 5.500000e+000
      vertex   -3.111641e-001 1.899871e+001 5.500000e+000
      vertex   -2.037708e-001 1.933001e+001 5.500000e+000
    endloop
  endfacet
  facet normal 5.512285e-001 -1.786880e-001 0.000000e+000
    outer loop
      vertex   -2.037708e-001 1.933001e+001 -5.000004e-001
      vertex   -2.037708e-001 1.933001e+001 5.500000e+000
      vertex   -3.111641e-001 1.899871e+001 5.500000e+000
    endloop
  endfacet
  facet normal 8.633944e+000 -5.010204e+000 3.469447e-017
    outer loop
      vertex   -2.456586e-002 1.963882e+001 -5.000004e-001
      vertex   -2.037708e-001 1.933001e+001 5.500000e+000
      vertex   -2.037708e-001 1.933001e+001 -5.000004e-001
    endloop
  endfacet
  facet normal 0.000000e+000 0.000000e+000 6.527840e-001
    outer loop
      vertex   -5.650424e+000 2.013942e+001 5.500000e+000
      vertex   -3.504244e-001 1.863942e+001 5.500000e+000
      vertex   -3.111641e-001 1.899871e+001 5.500000e+000
    endloop
  endfacet
  facet normal 5.977357e-001 -6.531558e-002 0.000000e+000
    outer loop
      vertex   -3.111641e-001 1.899871e+001 -5.000004e-001
      vertex   -3.111641e-001 1.899871e+001 5.500000e+000
      vertex   -3.504244e-001 1.863942e+001 5.500000e+000
    endloop
  endfacet
  facet normal 0.000000e+000 0.000000e+000 1.020101e-001
    outer loop
      vertex   -1.950829e+001 2.363942e+001 5.500000e+000
      vertex   -5.650424e+000 2.013942e+001 5.500000e+000
      vertex   -3.111641e-001 1.899871e+001 5.500000e+000
    endloop
  endfacet
  facet normal 9.496694e+000 -3.078479e+000 0.000000e+000
    outer loop
      vertex   -2.037708e-001 1.933001e+001 -5.000004e-001
      vertex   -3.111641e-001 1.899871e+001 5.500000e+000
      vertex   -3.111641e-001 1.899871e+001 -5.000004e-001
    endloop
  endfacet
  facet normal 0.000000e+000 0.000000e+000 1.304695e-001
    outer loop
      vertex   -6.504242e-001 1.363942e+001 5.500000e+000
      vertex   -3.111641e-001 1.828013e+001 5.500000e+000
      vertex   -3.504244e-001 1.863942e+001 5.500000e+000
    endloop
  endfacet
  facet normal 5.977357e-001 6.531558e-002 0.000000e+000
    outer loop
      vertex   -3.504244e-001 1.863942e+001 -5.000004e-001
      vertex   -3.504244e-001 1.863942e+001 5.500000e+000
      vertex   -3.111641e-001 1.828013e+001 5.500000e+000
    endloop
  endfacet
  facet normal 0.000000e+000 0.000000e+000 6.560883e+000
    outer loop
      vertex   -6.504242e-001 1.363942e+001 5.500000e+000
      vertex   -3.504244e-001 1.863942e+001 5.500000e+000
      vertex   -5.650424e+000 2.013942e+001 5.500000e+000
    endloop
  endfacet
  facet normal 9.922840e+000 -1.084285e+000 0.000000e+000
    outer loop
      vertex   -3.111641e-001 1.899871e+001 -5.000004e-001
      vertex   -3.504244e-001 1.863942e+001 5.500000e+000
      vertex   -3.504244e-001 1.863942e+001 -5.000004e-001
    endloop
  endfacet
  facet normal 0.000000e+000 0.000000e+000 3.029713e-001
    outer loop
      vertex   -6.504242e-001 1.363942e+001 5.500000e+000
      vertex   -2.037708e-001 1.794884e+001 5.500000e+000
      vertex   -3.111641e-001 1.828013e+001 5.500000e+000
    endloop
  endfacet
  facet normal 5.512285e-001 1.786880e-001 0.000000e+000
    outer loop
      vertex   -3.111641e-001 1.828013e+001 -5.000004e-001
      vertex   -3.111641e-001 1.828013e+001 5.500000e+000
      vertex   -2.037708e-001 1.794884e+001 5.500000e+000
    endloop
  endfacet
  facet normal 9.922840e+000 1.084285e+000 0.000000e+000
    outer loop
      vertex   -3.504244e-001 1.863942e+001 -5.000004e-001
      vertex   -3.111641e-001 1.828013e+001 5.500000e+000
      vertex   -3.111641e-001 1.828013e+001 -5.000004e-001
    endloop
  endfacet
  facet normal 0.000000e+000 0.000000e+000 1.509863e-001
    outer loop
      vertex   1.349576e+000 1.363942e+001 5.500000e+000
      vertex   -2.456586e-002 1.764002e+001 5.500000e+000
      vertex   -2.037708e-001 1.794884e+001 5.500000e+000
    endloop
  endfacet
  facet normal 5.137891e-001 2.981475e-001 0.000000e+000
    outer loop
      vertex   -2.037708e-001 1.794884e+001 -5.000004e-001
      vertex   -2.037708e-001 1.794884e+001 5.500000e+000
      vertex   -2.456586e-002 1.764002e+001 5.500000e+000
    endloop
  endfacet
  facet normal 0.000000e+000 0.000000e+000 9.946716e+000
    outer loop
      vertex   -6.504242e-001 1.363942e+001 5.500000e+000
      vertex   1.349576e+000 1.363942e+001 5.500000e+000
      vertex   -2.037708e-001 1.794884e+001 5.500000e+000
    endloop
  endfacet
  facet normal 9.496694e+000 3.078479e+000 0.000000e+000
    outer loop
      vertex   -3.111641e-001 1.828013e+001 -5.000004e-001
      vertex   -2.037708e-001 1.794884e+001 5.500000e+000
      vertex   -2.037708e-001 1.794884e+001 -5.000004e-001
    endloop
  endfacet
  facet normal 0.000000e+000 0.000000e+000 3.519295e-001
    outer loop
      vertex   1.349576e+000 1.363942e+001 5.500000e+000
      vertex   2.111038e-001 1.737720e+001 5.500000e+000
      vertex   -2.456586e-002 1.764002e+001 5.500000e+000
    endloop
  endfacet
  facet normal 4.372745e-001 3.921046e-001 0.000000e+000
    outer loop
      vertex   -2.456586e-002 1.764002e+001 -5.000004e-001
      vertex   -2.456586e-002 1.764002e+001 5.500000e+000
      vertex   2.111038e-001 1.737720e+001 5.500000e+000
    endloop
  endfacet
  facet normal 8.633944e+000 5.010204e+000 -3.469447e-017
    outer loop
      vertex   -2.037708e-001 1.794884e+001 -5.000004e-001
      vertex   -2.456586e-002 1.764002e+001 5.500000e+000
      vertex   -2.456586e-002 1.764002e+001 -5.000004e-001
    endloop
  endfacet
  facet normal 0.000000e+000 0.000000e+000 5.958103e-001
    outer loop
      vertex   1.349576e+000 1.363942e+001 5.500000e+000
      vertex   5.010613e-001 1.716717e+001 5.500000e+000
      vertex   2.111038e-001 1.737720e+001 5.500000e+000
    endloop
  endfacet
  facet normal 3.494194e-001 4.824044e-001 0.000000e+000
    outer loop
      vertex   2.111038e-001 1.737720e+001 -5.000004e-001
      vertex   2.111038e-001 1.737720e+001 5.500000e+000
      vertex   5.010613e-001 1.716717e+001 5.500000e+000
    endloop
  endfacet
  facet normal 7.432289e+000 6.664543e+000 0.000000e+000
    outer loop
      vertex   -2.456586e-002 1.764002e+001 -5.000004e-001
      vertex   2.111038e-001 1.737720e+001 5.500000e+000
      vertex   2.111038e-001 1.737720e+001 -5.000004e-001
    endloop
  endfacet
  facet normal 0.000000e+000 0.000000e+000 8.152485e-001
    outer loop
      vertex   1.349576e+000 1.363942e+001 5.500000e+000
      vertex   8.227904e-001 1.702350e+001 5.500000e+000
      vertex   5.010613e-001 1.716717e+001 5.500000e+000
    endloop
  endfacet
  facet normal 2.390431e-001 5.352931e-001 0.000000e+000
    outer loop
      vertex   5.010613e-001 1.716717e+001 -5.000004e-001
      vertex   5.010613e-001 1.716717e+001 5.500000e+000
      vertex   8.227904e-001 1.702350e+001 5.500000e+000
    endloop
  endfacet
  facet normal 5.855696e+000 8.084307e+000 0.000000e+000
    outer loop
      vertex   2.111038e-001 1.737720e+001 -5.000004e-001
      vertex   5.010613e-001 1.716717e+001 5.500000e+000
      vertex   5.010613e-001 1.716717e+001 -5.000004e-001
    endloop
  endfacet
  facet normal 0.000000e+000 0.000000e+000 1.011064e+000
    outer loop
      vertex   1.349576e+000 1.363942e+001 5.500000e+000
      vertex   1.173509e+000 1.694914e+001 5.500000e+000
      vertex   8.227904e-001 1.702350e+001 5.500000e+000
    endloop
  endfacet
  facet normal 1.237197e-001 5.834901e-001 0.000000e+000
    outer loop
      vertex   8.227904e-001 1.702350e+001 -5.000004e-001
      vertex   8.227904e-001 1.702350e+001 5.500000e+000
      vertex   1.173509e+000 1.694914e+001 5.500000e+000
    endloop
  endfacet
  facet normal 4.070534e+000 9.115211e+000 0.000000e+000
    outer loop
      vertex   5.010613e-001 1.716717e+001 -5.000004e-001
      vertex   8.227904e-001 1.702350e+001 5.500000e+000
      vertex   8.227904e-001 1.702350e+001 -5.000004e-001
    endloop
  endfacet
  facet normal 0.000000e+000 0.000000e+000 1.060940e+000
    outer loop
      vertex   1.349576e+000 1.363942e+001 5.500000e+000
      vertex   1.525644e+000 1.694914e+001 5.500000e+000
      vertex   1.173509e+000 1.694914e+001 5.500000e+000
    endloop
  endfacet
  facet normal 0.000000e+000 5.858830e-001 0.000000e+000
    outer loop
      vertex   1.173509e+000 1.694914e+001 -5.000004e-001
      vertex   1.173509e+000 1.694914e+001 5.500000e+000
      vertex   1.525644e+000 1.694914e+001 5.500000e+000
    endloop
  endfacet
  facet normal 2.070533e+000 9.765098e+000 0.000000e+000
    outer loop
      vertex   8.227904e-001 1.702350e+001 -5.000004e-001
      vertex   1.173509e+000 1.694914e+001 5.500000e+000
      vertex   1.173509e+000 1.694914e+001 -5.000004e-001
    endloop
  endfacet
  facet normal 0.000000e+000 0.000000e+000 1.069335e+000
    outer loop
      vertex   1.983450e+000 1.368065e+001 5.500000e+000
      vertex   1.876365e+000 1.702350e+001 5.500000e+000
      vertex   1.525644e+000 1.694914e+001 5.500000e+000
    endloop
  endfacet
  facet normal -1.237197e-001 5.834941e-001 0.000000e+000
    outer loop
      vertex   1.525644e+000 1.694914e+001 -5.000004e-001
      vertex   1.525644e+000 1.694914e+001 5.500000e+000
      vertex   1.876365e+000 1.702350e+001 5.500000e+000
    endloop
  endfacet
  facet normal 0.000000e+000 0.000000e+000 9.930339e+000
    outer loop
      vertex   1.349576e+000 1.363942e+001 5.500000e+000
      vertex   1.983450e+000 1.368065e+001 5.500000e+000
      vertex   1.525644e+000 1.694914e+001 5.500000e+000
    endloop
  endfacet
  facet normal 0.000000e+000 9.982822e+000 0.000000e+000
    outer loop
      vertex   1.173509e+000 1.694914e+001 -5.000004e-001
      vertex   1.525644e+000 1.694914e+001 5.500000e+000
      vertex   1.525644e+000 1.694914e+001 -5.000004e-001
    endloop
  endfacet
  facet normal 0.000000e+000 0.000000e+000 9.337264e-001
    outer loop
      vertex   1.983450e+000 1.368065e+001 5.500000e+000
      vertex   2.198091e+000 1.716717e+001 5.500000e+000
      vertex   1.876365e+000 1.702350e+001 5.500000e+000
    endloop
  endfacet
  facet normal -2.390431e-001 5.352891e-001 0.000000e+000
    outer loop
      vertex   1.876365e+000 1.702350e+001 -5.000004e-001
      vertex   1.876365e+000 1.702350e+001 5.500000e+000
      vertex   2.198091e+000 1.716717e+001 5.500000e+000
    endloop
  endfacet
  facet normal -2.070519e+000 9.765100e+000 0.000000e+000
    outer loop
      vertex   1.525644e+000 1.694914e+001 -5.000004e-001
      vertex   1.876365e+000 1.702350e+001 5.500000e+000
      vertex   1.876365e+000 1.702350e+001 -5.000004e-001
    endloop
  endfacet
  facet normal 0.000000e+000 0.000000e+000 8.726288e-001
    outer loop
      vertex   2.595225e+000 1.379713e+001 5.500000e+000
      vertex   2.488051e+000 1.737720e+001 5.500000e+000
      vertex   2.198091e+000 1.716717e+001 5.500000e+000
    endloop
  endfacet
  facet normal -3.494194e-001 4.824084e-001 0.000000e+000
    outer loop
      vertex   2.198091e+000 1.716717e+001 -5.000004e-001
      vertex   2.198091e+000 1.716717e+001 5.500000e+000
      vertex   2.488051e+000 1.737720e+001 5.500000e+000
    endloop
  endfacet
  facet normal 0.000000e+000 0.000000e+000 9.690048e+000
    outer loop
      vertex   1.983450e+000 1.368065e+001 5.500000e+000
      vertex   2.595225e+000 1.379713e+001 5.500000e+000
      vertex   2.198091e+000 1.716717e+001 5.500000e+000
    endloop
  endfacet
  facet normal -4.070559e+000 9.115200e+000 -3.469447e-017
    outer loop
      vertex   1.876365e+000 1.702350e+001 -5.000004e-001
      vertex   2.198091e+000 1.716717e+001 5.500000e+000
      vertex   2.198091e+000 1.716717e+001 -5.000004e-001
    endloop
  endfacet
  facet normal 0.000000e+000 0.000000e+000 6.330919e-001
    outer loop
      vertex   2.595225e+000 1.379713e+001 5.500000e+000
      vertex   2.723718e+000 1.764002e+001 5.500000e+000
      vertex   2.488051e+000 1.737720e+001 5.500000e+000
    endloop
  endfacet
  facet normal -4.372745e-001 3.921007e-001 0.000000e+000
    outer loop
      vertex   2.488051e+000 1.737720e+001 -5.000004e-001
      vertex   2.488051e+000 1.737720e+001 5.500000e+000
      vertex   2.723718e+000 1.764002e+001 5.500000e+000
    endloop
  endfacet
  facet normal -5.855664e+000 8.084330e+000 6.938894e-017
    outer loop
      vertex   2.198091e+000 1.716717e+001 -5.000004e-001
      vertex   2.488051e+000 1.737720e+001 5.500000e+000
      vertex   2.488051e+000 1.737720e+001 -5.000004e-001
    endloop
  endfacet
  facet normal 0.000000e+000 0.000000e+000 5.462641e-001
    outer loop
      vertex   3.188563e+000 1.399052e+001 5.500000e+000
      vertex   2.902926e+000 1.794884e+001 5.500000e+000
      vertex   2.723718e+000 1.764002e+001 5.500000e+000
    endloop
  endfacet
  facet normal -5.137891e-001 2.981514e-001 0.000000e+000
    outer loop
      vertex   2.723718e+000 1.764002e+001 -5.000004e-001
      vertex   2.723718e+000 1.764002e+001 5.500000e+000
      vertex   2.902926e+000 1.794884e+001 5.500000e+000
    endloop
  endfacet
  facet normal 0.000000e+000 0.000000e+000 9.398853e+000
    outer loop
      vertex   2.595225e+000 1.379713e+001 5.500000e+000
      vertex   3.188563e+000 1.399052e+001 5.500000e+000
      vertex   2.723718e+000 1.764002e+001 5.500000e+000
    endloop
  endfacet
  facet normal -7.432322e+000 6.664505e+000 -3.469447e-017
    outer loop
      vertex   2.488051e+000 1.737720e+001 -5.000004e-001
      vertex   2.723718e+000 1.764002e+001 5.500000e+000
      vertex   2.723718e+000 1.764002e+001 -5.000004e-001
    endloop
  endfacet
  facet normal 0.000000e+000 0.000000e+000 3.050256e-001
    outer loop
      vertex   3.188563e+000 1.399052e+001 5.500000e+000
      vertex   3.010317e+000 1.828013e+001 5.500000e+000
      vertex   2.902926e+000 1.794884e+001 5.500000e+000
    endloop
  endfacet
  facet normal -5.512285e-001 1.786841e-001 0.000000e+000
    outer loop
      vertex   2.902926e+000 1.794884e+001 -5.000004e-001
      vertex   2.902926e+000 1.794884e+001 5.500000e+000
      vertex   3.010317e+000 1.828013e+001 5.500000e+000
    endloop
  endfacet
  facet normal -8.633915e+000 5.010254e+000 0.000000e+000
    outer loop
      vertex   2.723718e+000 1.764002e+001 -5.000004e-001
      vertex   2.902926e+000 1.794884e+001 5.500000e+000
      vertex   2.902926e+000 1.794884e+001 -5.000004e-001
    endloop
  endfacet
  facet normal -9.496714e+000 3.078417e+000 0.000000e+000
    outer loop
      vertex   2.902926e+000 1.794884e+001 -5.000004e-001
      vertex   3.010317e+000 1.828013e+001 5.500000e+000
      vertex   3.010317e+000 1.828013e+001 -5.000004e-001
    endloop
  endfacet
  facet normal 0.000000e+000 0.000000e+000 1.376191e-002
    outer loop
      vertex   -1.988760e+001 1.306648e+001 5.500000e+000
      vertex   -2.066258e+001 1.878680e+001 5.500000e+000
      vertex   -2.065042e+001 1.863942e+001 5.500000e+000
    endloop
  endfacet
  facet normal -4.906559e-001 -4.046613e-002 0.000000e+000
    outer loop
      vertex   -2.065042e+001 1.863942e+001 2.500000e+000
      vertex   -2.065042e+001 1.863942e+001 5.500000e+000
      vertex   -2.066258e+001 1.878680e+001 5.500000e+000
    endloop
  endfacet
  facet normal 0.000000e+000 0.000000e+000 4.262163e-002
    outer loop
      vertex   -2.028774e+001 1.331193e+001 5.500000e+000
      vertex   -2.065042e+001 1.863942e+001 5.500000e+000
      vertex   -2.066258e+001 1.849205e+001 5.500000e+000
    endloop
  endfacet
  facet normal -4.906681e-001 4.046714e-002 -1.025199e-004
    outer loop
      vertex   -2.066183e+001 1.849352e+001 2.500000e+000
      vertex   -2.066258e+001 1.849205e+001 5.500000e+000
      vertex   -2.065042e+001 1.863942e+001 5.500000e+000
    endloop
  endfacet
  facet normal 0.000000e+000 0.000000e+000 8.149342e+000
    outer loop
      vertex   -2.028774e+001 1.331193e+001 5.500000e+000
      vertex   -1.988760e+001 1.306648e+001 5.500000e+000
      vertex   -2.065042e+001 1.863942e+001 5.500000e+000
    endloop
  endfacet
  facet normal -9.969581e+000 7.793947e-001 0.000000e+000
    outer loop
      vertex   -2.065042e+001 1.863942e+001 2.500000e+000
      vertex   -2.066183e+001 1.849352e+001 2.500000e+000
      vertex   -2.065042e+001 1.863942e+001 5.500000e+000
    endloop
  endfacet
  facet normal 0.000000e+000 0.000000e+000 1.265083e-001
    outer loop
      vertex   -1.950829e+001 2.363942e+001 5.500000e+000
      vertex   -2.069280e+001 1.892547e+001 5.500000e+000
      vertex   -2.066258e+001 1.878680e+001 5.500000e+000
    endloop
  endfacet
  facet normal -4.617230e-001 -1.006128e-001 -6.568451e-005
    outer loop
      vertex   -2.066183e+001 1.878532e+001 2.500000e+000
      vertex   -2.066258e+001 1.878680e+001 5.500000e+000
      vertex   -2.069280e+001 1.892547e+001 5.500000e+000
    endloop
  endfacet
  facet normal 0.000000e+000 0.000000e+000 6.668645e+000
    outer loop
      vertex   -1.988760e+001 1.306648e+001 5.500000e+000
      vertex   -1.952910e+001 1.276074e+001 5.500000e+000
      vertex   -2.066258e+001 1.878680e+001 5.500000e+000
    endloop
  endfacet
  facet normal 0.000000e+000 0.000000e+000 2.295505e+000
    outer loop
      vertex   -1.950829e+001 2.363942e+001 5.500000e+000
      vertex   -2.066258e+001 1.878680e+001 5.500000e+000
      vertex   -1.952910e+001 1.276074e+001 5.500000e+000
    endloop
  endfacet
  facet normal -9.969580e+000 -7.793946e-001 -2.104126e-003
    outer loop
      vertex   -2.066183e+001 1.878532e+001 2.500000e+000
      vertex   -2.065042e+001 1.863942e+001 2.500000e+000
      vertex   -2.066258e+001 1.878680e+001 5.500000e+000
    endloop
  endfacet
  facet normal 0.000000e+000 0.000000e+000 1.653835e-001
    outer loop
      vertex   -1.950829e+001 2.363942e+001 5.500000e+000
      vertex   -2.074108e+001 1.905545e+001 5.500000e+000
      vertex   -2.069280e+001 1.892547e+001 5.500000e+000
    endloop
  endfacet
  facet normal -4.327740e-001 -1.607753e-001 -3.368558e-005
    outer loop
      vertex   -2.069184e+001 1.892351e+001 2.500000e+000
      vertex   -2.069280e+001 1.892547e+001 5.500000e+000
      vertex   -2.074108e+001 1.905545e+001 5.500000e+000
    endloop
  endfacet
  facet normal -9.772291e+000 -2.121856e+000 -1.745111e-003
    outer loop
      vertex   -2.069184e+001 1.892351e+001 2.500000e+000
      vertex   -2.066183e+001 1.878532e+001 2.500000e+000
      vertex   -2.069280e+001 1.892547e+001 5.500000e+000
    endloop
  endfacet
  facet normal 0.000000e+000 0.000000e+000 2.098121e-001
    outer loop
      vertex   -1.950829e+001 2.363942e+001 5.500000e+000
      vertex   -2.080892e+001 1.917859e+001 5.500000e+000
      vertex   -2.074108e+001 1.905545e+001 5.500000e+000
    endloop
  endfacet
  facet normal -4.100048e-001 -2.258754e-001 2.374204e-005
    outer loop
      vertex   -2.074056e+001 1.905419e+001 2.500000e+000
      vertex   -2.074108e+001 1.905545e+001 5.500000e+000
      vertex   -2.080892e+001 1.917859e+001 5.500000e+000
    endloop
  endfacet
  facet normal -9.369773e+000 -3.493900e+000 -1.561022e-004
    outer loop
      vertex   -2.074056e+001 1.905419e+001 2.500000e+000
      vertex   -2.069184e+001 1.892351e+001 2.500000e+000
      vertex   -2.074108e+001 1.905545e+001 5.500000e+000
    endloop
  endfacet
  facet normal 0.000000e+000 0.000000e+000 2.537647e-001
    outer loop
      vertex   -1.950829e+001 2.363942e+001 5.500000e+000
      vertex   -2.089578e+001 1.929422e+001 5.500000e+000
      vertex   -2.080892e+001 1.917859e+001 5.500000e+000
    endloop
  endfacet
  facet normal -3.850032e-001 -2.891890e-001 -2.081622e-005
    outer loop
      vertex   -2.080950e+001 1.917957e+001 2.500000e+000
      vertex   -2.080892e+001 1.917859e+001 5.500000e+000
      vertex   -2.089578e+001 1.929422e+001 5.500000e+000
    endloop
  endfacet
  facet normal -8.762865e+000 -4.817903e+000 1.077117e-004
    outer loop
      vertex   -2.080950e+001 1.917957e+001 2.500000e+000
      vertex   -2.074056e+001 1.905419e+001 2.500000e+000
      vertex   -2.080892e+001 1.917859e+001 5.500000e+000
    endloop
  endfacet
  facet normal 0.000000e+000 0.000000e+000 2.818370e-001
    outer loop
      vertex   -1.950829e+001 2.363942e+001 5.500000e+000
      vertex   -2.099640e+001 1.939576e+001 5.500000e+000
      vertex   -2.089578e+001 1.929422e+001 5.500000e+000
    endloop
  endfacet
  facet normal -3.380898e-001 -3.350323e-001 -1.105715e-004
    outer loop
      vertex   -2.089545e+001 1.929488e+001 2.500000e+000
      vertex   -2.089578e+001 1.929422e+001 5.500000e+000
      vertex   -2.099640e+001 1.939576e+001 5.500000e+000
    endloop
  endfacet
  facet normal -8.017637e+000 -5.976410e+000 -2.187926e-003
    outer loop
      vertex   -2.089545e+001 1.929488e+001 2.500000e+000
      vertex   -2.080950e+001 1.917957e+001 2.500000e+000
      vertex   -2.089578e+001 1.929422e+001 5.500000e+000
    endloop
  endfacet
  facet normal 0.000000e+000 0.000000e+000 3.001482e-001
    outer loop
      vertex   -1.950829e+001 2.363942e+001 5.500000e+000
      vertex   -2.110880e+001 1.947950e+001 5.500000e+000
      vertex   -2.099640e+001 1.939576e+001 5.500000e+000
    endloop
  endfacet
  facet normal -2.788137e-001 -3.742628e-001 3.707688e-005
    outer loop
      vertex   -2.099496e+001 1.939439e+001 2.500000e+000
      vertex   -2.099640e+001 1.939576e+001 5.500000e+000
      vertex   -2.110880e+001 1.947950e+001 5.500000e+000
    endloop
  endfacet
  facet normal -7.071066e+000 -7.071066e+000 -1.622653e-004
    outer loop
      vertex   -2.099496e+001 1.939439e+001 2.500000e+000
      vertex   -2.089545e+001 1.929488e+001 2.500000e+000
      vertex   -2.099640e+001 1.939576e+001 5.500000e+000
    endloop
  endfacet
  facet normal 0.000000e+000 0.000000e+000 3.223859e-001
    outer loop
      vertex   -1.950829e+001 2.363942e+001 5.500000e+000
      vertex   -2.123571e+001 1.954836e+001 5.500000e+000
      vertex   -2.110880e+001 1.947950e+001 5.500000e+000
    endloop
  endfacet
  facet normal -2.292792e-001 -4.225284e-001 -7.089503e-006
    outer loop
      vertex   -2.111027e+001 1.948034e+001 2.500000e+000
      vertex   -2.110880e+001 1.947950e+001 5.500000e+000
      vertex   -2.123571e+001 1.954836e+001 5.500000e+000
    endloop
  endfacet
  facet normal -5.976425e+000 -8.017625e+000 6.594374e-004
    outer loop
      vertex   -2.111027e+001 1.948034e+001 2.500000e+000
      vertex   -2.099496e+001 1.939439e+001 2.500000e+000
      vertex   -2.110880e+001 1.947950e+001 5.500000e+000
    endloop
  endfacet
  facet normal 0.000000e+000 0.000000e+000 3.224352e-001
    outer loop
      vertex   -1.950829e+001 2.363942e+001 5.500000e+000
      vertex   -2.136999e+001 1.959908e+001 5.500000e+000
      vertex   -2.123571e+001 1.954836e+001 5.500000e+000
    endloop
  endfacet
  facet normal -1.688758e-001 -4.471093e-001 -1.402541e-004
    outer loop
      vertex   -2.123565e+001 1.954928e+001 2.500000e+000
      vertex   -2.123571e+001 1.954836e+001 5.500000e+000
      vertex   -2.136999e+001 1.959908e+001 5.500000e+000
    endloop
  endfacet
  facet normal -4.817893e+000 -8.762871e+000 -2.774601e-003
    outer loop
      vertex   -2.123565e+001 1.954928e+001 2.500000e+000
      vertex   -2.111027e+001 1.948034e+001 2.500000e+000
      vertex   -2.123571e+001 1.954836e+001 5.500000e+000
    endloop
  endfacet
  facet normal 0.000000e+000 0.000000e+000 1.140745e-002
    outer loop
      vertex   -3.365042e+001 2.363942e+001 5.500000e+000
      vertex   -2.150673e+001 1.962871e+001 5.500000e+000
      vertex   -2.136999e+001 1.959908e+001 5.500000e+000
    endloop
  endfacet
  facet normal -9.865820e-002 -4.552940e-001 4.639004e-005
    outer loop
      vertex   -2.136790e+001 1.959832e+001 2.500000e+000
      vertex   -2.136999e+001 1.959908e+001 5.500000e+000
      vertex   -2.150673e+001 1.962871e+001 5.500000e+000
    endloop
  endfacet
  facet normal 0.000000e+000 0.000000e+000 9.082217e+000
    outer loop
      vertex   -1.950829e+001 2.363942e+001 5.500000e+000
      vertex   -3.365042e+001 2.363942e+001 5.500000e+000
      vertex   -2.136999e+001 1.959908e+001 5.500000e+000
    endloop
  endfacet
  facet normal -3.476839e+000 -9.376115e+000 -4.958094e-005
    outer loop
      vertex   -2.136790e+001 1.959832e+001 2.500000e+000
      vertex   -2.123565e+001 1.954928e+001 2.500000e+000
      vertex   -2.136999e+001 1.959908e+001 5.500000e+000
    endloop
  endfacet
  facet normal 0.000000e+000 0.000000e+000 2.828681e-002
    outer loop
      vertex   -3.365042e+001 2.363942e+001 5.500000e+000
      vertex   -2.165042e+001 1.963849e+001 5.500000e+000
      vertex   -2.150673e+001 1.962871e+001 5.500000e+000
    endloop
  endfacet
  facet normal -3.254522e-002 -4.784317e-001 -2.360464e-006
    outer loop
      vertex   -2.150881e+001 1.962887e+001 2.500000e+000
      vertex   -2.150673e+001 1.962871e+001 5.500000e+000
      vertex   -2.165042e+001 1.963849e+001 5.500000e+000
    endloop
  endfacet
  facet normal -2.118494e+000 -9.773021e+000 9.603466e-004
    outer loop
      vertex   -2.150881e+001 1.962887e+001 2.500000e+000
      vertex   -2.136790e+001 1.959832e+001 2.500000e+000
      vertex   -2.150673e+001 1.962871e+001 5.500000e+000
    endloop
  endfacet
  facet normal 0.000000e+000 0.000000e+000 4.371986e-002
    outer loop
      vertex   -3.365042e+001 2.363942e+001 5.500000e+000
      vertex   -2.179411e+001 1.962871e+001 5.500000e+000
      vertex   -2.165042e+001 1.963849e+001 5.500000e+000
    endloop
  endfacet
  facet normal 3.254412e-002 -4.784155e-001 -1.491138e-004
    outer loop
      vertex   -2.165042e+001 1.963942e+001 2.500000e+000
      vertex   -2.165042e+001 1.963849e+001 5.500000e+000
      vertex   -2.179411e+001 1.962871e+001 5.500000e+000
    endloop
  endfacet
  facet normal -7.431723e-001 -9.972345e+000 -3.108207e-003
    outer loop
      vertex   -2.165042e+001 1.963942e+001 2.500000e+000
      vertex   -2.150881e+001 1.962887e+001 2.500000e+000
      vertex   -2.165042e+001 1.963849e+001 5.500000e+000
    endloop
  endfacet
  facet normal 0.000000e+000 0.000000e+000 5.798862e-002
    outer loop
      vertex   -3.365042e+001 2.363942e+001 5.500000e+000
      vertex   -2.193085e+001 1.959908e+001 5.500000e+000
      vertex   -2.179411e+001 1.962871e+001 5.500000e+000
    endloop
  endfacet
  facet normal 9.865842e-002 -4.552949e-001 4.467564e-005
    outer loop
      vertex   -2.179203e+001 1.962887e+001 2.500000e+000
      vertex   -2.179411e+001 1.962871e+001 5.500000e+000
      vertex   -2.193085e+001 1.959908e+001 5.500000e+000
    endloop
  endfacet
  facet normal 7.431660e-001 -9.972344e+000 -4.538839e-006
    outer loop
      vertex   -2.179203e+001 1.962887e+001 2.500000e+000
      vertex   -2.165042e+001 1.963942e+001 2.500000e+000
      vertex   -2.179411e+001 1.962871e+001 5.500000e+000
    endloop
  endfacet
  facet normal 0.000000e+000 0.000000e+000 7.465056e-002
    outer loop
      vertex   -3.365042e+001 2.363942e+001 5.500000e+000
      vertex   -2.206514e+001 1.954836e+001 5.500000e+000
      vertex   -2.193085e+001 1.959908e+001 5.500000e+000
    endloop
  endfacet
  facet normal 1.688810e-001 -4.471269e-001 -4.504787e-006
    outer loop
      vertex   -2.193294e+001 1.959832e+001 2.500000e+000
      vertex   -2.193085e+001 1.959908e+001 5.500000e+000
      vertex   -2.206514e+001 1.954836e+001 5.500000e+000
    endloop
  endfacet
  facet normal 2.118510e+000 -9.773017e+000 9.952309e-004
    outer loop
      vertex   -2.193294e+001 1.959832e+001 2.500000e+000
      vertex   -2.179203e+001 1.962887e+001 2.500000e+000
      vertex   -2.193085e+001 1.959908e+001 5.500000e+000
    endloop
  endfacet
  facet normal 0.000000e+000 0.000000e+000 8.792906e-002
    outer loop
      vertex   -3.365042e+001 2.363942e+001 5.500000e+000
      vertex   -2.219204e+001 1.947950e+001 5.500000e+000
      vertex   -2.206514e+001 1.954836e+001 5.500000e+000
    endloop
  endfacet
  facet normal 2.292716e-001 -4.225105e-001 -1.337284e-004
    outer loop
      vertex   -2.206519e+001 1.954928e+001 2.500000e+000
      vertex   -2.206514e+001 1.954836e+001 5.500000e+000
      vertex   -2.219204e+001 1.947950e+001 5.500000e+000
    endloop
  endfacet
  facet normal 3.476812e+000 -9.376127e+000 -2.940101e-003
    outer loop
      vertex   -2.206519e+001 1.954928e+001 2.500000e+000
      vertex   -2.193294e+001 1.959832e+001 2.500000e+000
      vertex   -2.206514e+001 1.954836e+001 5.500000e+000
    endloop
  endfacet
  facet normal 0.000000e+000 0.000000e+000 9.664311e-002
    outer loop
      vertex   -3.365042e+001 2.363942e+001 5.500000e+000
      vertex   -2.230445e+001 1.939576e+001 5.500000e+000
      vertex   -2.219204e+001 1.947950e+001 5.500000e+000
    endloop
  endfacet
  facet normal 2.788150e-001 -3.742646e-001 3.059089e-005
    outer loop
      vertex   -2.219058e+001 1.948034e+001 2.500000e+000
      vertex   -2.219204e+001 1.947950e+001 5.500000e+000
      vertex   -2.230445e+001 1.939576e+001 5.500000e+000
    endloop
  endfacet
  facet normal 4.817892e+000 -8.762870e+000 -1.182549e-004
    outer loop
      vertex   -2.219058e+001 1.948034e+001 2.500000e+000
      vertex   -2.206519e+001 1.954928e+001 2.500000e+000
      vertex   -2.219204e+001 1.947950e+001 5.500000e+000
    endloop
  endfacet
  facet normal 0.000000e+000 0.000000e+000 1.081297e-001
    outer loop
      vertex   -3.365042e+001 2.363942e+001 5.500000e+000
      vertex   -2.240507e+001 1.929422e+001 5.500000e+000
      vertex   -2.230445e+001 1.939576e+001 5.500000e+000
    endloop
  endfacet
  facet normal 3.380990e-001 -3.350414e-001 -9.151283e-006
    outer loop
      vertex   -2.230588e+001 1.939439e+001 2.500000e+000
      vertex   -2.230445e+001 1.939576e+001 5.500000e+000
      vertex   -2.240507e+001 1.929422e+001 5.500000e+000
    endloop
  endfacet
  facet normal 5.976465e+000 -8.017595e+000 7.925448e-004
    outer loop
      vertex   -2.230588e+001 1.939439e+001 2.500000e+000
      vertex   -2.219058e+001 1.948034e+001 2.500000e+000
      vertex   -2.230445e+001 1.939576e+001 5.500000e+000
    endloop
  endfacet
  facet normal 0.000000e+000 0.000000e+000 1.158067e-001
    outer loop
      vertex   -3.365042e+001 2.363942e+001 5.500000e+000
      vertex   -2.249193e+001 1.917859e+001 5.500000e+000
      vertex   -2.240507e+001 1.929422e+001 5.500000e+000
    endloop
  endfacet
  facet normal 3.849942e-001 -2.891822e-001 -1.056999e-004
    outer loop
      vertex   -2.240540e+001 1.929488e+001 2.500000e+000
      vertex   -2.240507e+001 1.929422e+001 5.500000e+000
      vertex   -2.249193e+001 1.917859e+001 5.500000e+000
    endloop
  endfacet
  facet normal 7.071025e+000 -7.071110e+000 -2.329496e-003
    outer loop
      vertex   -2.240540e+001 1.929488e+001 2.500000e+000
      vertex   -2.230588e+001 1.939439e+001 2.500000e+000
      vertex   -2.240507e+001 1.929422e+001 5.500000e+000
    endloop
  endfacet
  facet normal 0.000000e+000 0.000000e+000 1.162628e-001
    outer loop
      vertex   -3.365042e+001 2.363942e+001 5.500000e+000
      vertex   -2.255976e+001 1.905545e+001 5.500000e+000
      vertex   -2.249193e+001 1.917859e+001 5.500000e+000
    endloop
  endfacet
  facet normal 4.100062e-001 -2.258761e-001 4.728136e-006
    outer loop
      vertex   -2.249135e+001 1.917957e+001 2.500000e+000
      vertex   -2.249193e+001 1.917859e+001 5.500000e+000
      vertex   -2.255976e+001 1.905545e+001 5.500000e+000
    endloop
  endfacet
  facet normal 8.017637e+000 -5.976410e+000 -4.215481e-004
    outer loop
      vertex   -2.249135e+001 1.917957e+001 2.500000e+000
      vertex   -2.240540e+001 1.929488e+001 2.500000e+000
      vertex   -2.249193e+001 1.917859e+001 5.500000e+000
    endloop
  endfacet
  facet normal 0.000000e+000 0.000000e+000 1.154075e-001
    outer loop
      vertex   -3.365042e+001 2.363942e+001 5.500000e+000
      vertex   -2.260805e+001 1.892547e+001 5.500000e+000
      vertex   -2.255976e+001 1.905545e+001 5.500000e+000
    endloop
  endfacet
  facet normal 4.327976e-001 -1.607841e-001 -7.634653e-006
    outer loop
      vertex   -2.256028e+001 1.905419e+001 2.500000e+000
      vertex   -2.255976e+001 1.905545e+001 5.500000e+000
      vertex   -2.260805e+001 1.892547e+001 5.500000e+000
    endloop
  endfacet
  facet normal 8.762864e+000 -4.817902e+000 4.999090e-004
    outer loop
      vertex   -2.256028e+001 1.905419e+001 2.500000e+000
      vertex   -2.249135e+001 1.917957e+001 2.500000e+000
      vertex   -2.255976e+001 1.905545e+001 5.500000e+000
    endloop
  endfacet
  facet normal 0.000000e+000 0.000000e+000 1.158430e-001
    outer loop
      vertex   -3.365042e+001 2.363942e+001 5.500000e+000
      vertex   -2.263827e+001 1.878680e+001 5.500000e+000
      vertex   -2.260805e+001 1.892547e+001 5.500000e+000
    endloop
  endfacet
  facet normal 4.617500e-001 -1.006226e-001 -8.240480e-005
    outer loop
      vertex   -2.260901e+001 1.892351e+001 2.500000e+000
      vertex   -2.260805e+001 1.892547e+001 5.500000e+000
      vertex   -2.263827e+001 1.878680e+001 5.500000e+000
    endloop
  endfacet
  facet normal 9.369772e+000 -3.493899e+000 -7.245267e-004
    outer loop
      vertex   -2.260901e+001 1.892351e+001 2.500000e+000
      vertex   -2.256028e+001 1.905419e+001 2.500000e+000
      vertex   -2.260805e+001 1.892547e+001 5.500000e+000
    endloop
  endfacet
  facet normal 0.000000e+000 0.000000e+000 1.156686e-001
    outer loop
      vertex   -3.365042e+001 2.363942e+001 5.500000e+000
      vertex   -2.265042e+001 1.863942e+001 5.500000e+000
      vertex   -2.263827e+001 1.878680e+001 5.500000e+000
    endloop
  endfacet
  facet normal 4.906681e-001 -4.046317e-002 -1.023269e-004
    outer loop
      vertex   -2.263902e+001 1.878532e+001 2.500000e+000
      vertex   -2.263827e+001 1.878680e+001 5.500000e+000
      vertex   -2.265042e+001 1.863942e+001 5.500000e+000
    endloop
  endfacet
  facet normal 9.772309e+000 -2.121775e+000 -1.390103e-003
    outer loop
      vertex   -2.263902e+001 1.878532e+001 2.500000e+000
      vertex   -2.260901e+001 1.892351e+001 2.500000e+000
      vertex   -2.263827e+001 1.878680e+001 5.500000e+000
    endloop
  endfacet
  facet normal 0.000000e+000 0.000000e+000 3.670751e-001
    outer loop
      vertex   -2.665042e+001 1.863942e+001 5.500000e+000
      vertex   -2.263827e+001 1.849205e+001 5.500000e+000
      vertex   -2.265042e+001 1.863942e+001 5.500000e+000
    endloop
  endfacet
  facet normal 4.906559e-001 4.046216e-002 0.000000e+000
    outer loop
      vertex   -2.265042e+001 1.863942e+001 2.500000e+000
      vertex   -2.265042e+001 1.863942e+001 5.500000e+000
      vertex   -2.263827e+001 1.849205e+001 5.500000e+000
    endloop
  endfacet
  facet normal 0.000000e+000 0.000000e+000 9.929284e+000
    outer loop
      vertex   -2.666258e+001 1.878680e+001 5.500000e+000
      vertex   -2.665042e+001 1.863942e+001 5.500000e+000
      vertex   -2.265042e+001 1.863942e+001 5.500000e+000
    endloop
  endfacet
  facet normal 0.000000e+000 0.000000e+000 9.596035e+000
    outer loop
      vertex   -2.669280e+001 1.892547e+001 5.500000e+000
      vertex   -2.666258e+001 1.878680e+001 5.500000e+000
      vertex   -2.265042e+001 1.863942e+001 5.500000e+000
    endloop
  endfacet
  facet normal 0.000000e+000 0.000000e+000 8.973577e+000
    outer loop
      vertex   -2.674108e+001 1.905545e+001 5.500000e+000
      vertex   -2.669280e+001 1.892547e+001 5.500000e+000
      vertex   -2.265042e+001 1.863942e+001 5.500000e+000
    endloop
  endfacet
  facet normal 0.000000e+000 0.000000e+000 8.065710e+000
    outer loop
      vertex   -2.680892e+001 1.917859e+001 5.500000e+000
      vertex   -2.674108e+001 1.905545e+001 5.500000e+000
      vertex   -2.265042e+001 1.863942e+001 5.500000e+000
    endloop
  endfacet
  facet normal 0.000000e+000 0.000000e+000 6.986678e+000
    outer loop
      vertex   -2.689578e+001 1.929422e+001 5.500000e+000
      vertex   -2.680892e+001 1.917859e+001 5.500000e+000
      vertex   -2.265042e+001 1.863942e+001 5.500000e+000
    endloop
  endfacet
  facet normal 0.000000e+000 0.000000e+000 5.791102e+000
    outer loop
      vertex   -2.699640e+001 1.939576e+001 5.500000e+000
      vertex   -2.689578e+001 1.929422e+001 5.500000e+000
      vertex   -2.265042e+001 1.863942e+001 5.500000e+000
    endloop
  endfacet
  facet normal 0.000000e+000 0.000000e+000 4.385882e+000
    outer loop
      vertex   -2.710880e+001 1.947950e+001 5.500000e+000
      vertex   -2.699640e+001 1.939576e+001 5.500000e+000
      vertex   -2.265042e+001 1.863942e+001 5.500000e+000
    endloop
  endfacet
  facet normal 0.000000e+000 0.000000e+000 1.393285e+000
    outer loop
      vertex   -3.365042e+001 2.363942e+001 5.500000e+000
      vertex   -2.710880e+001 1.947950e+001 5.500000e+000
      vertex   -2.265042e+001 1.863942e+001 5.500000e+000
    endloop
  endfacet
  facet normal 9.957741e+000 -7.784691e-001 0.000000e+000
    outer loop
      vertex   -2.263902e+001 1.878532e+001 2.500000e+000
      vertex   -2.265042e+001 1.863942e+001 5.500000e+000
      vertex   -2.265042e+001 1.863942e+001 2.500000e+000
    endloop
  endfacet
  facet normal 0.000000e+000 0.000000e+000 4.052817e-003
    outer loop
      vertex   -2.165042e+001 1.363942e+001 5.500000e+000
      vertex   -2.260805e+001 1.835337e+001 5.500000e+000
      vertex   -2.263827e+001 1.849205e+001 5.500000e+000
    endloop
  endfacet
  facet normal 4.617230e-001 1.006167e-001 -6.549909e-005
    outer loop
      vertex   -2.263902e+001 1.849352e+001 2.500000e+000
      vertex   -2.263827e+001 1.849205e+001 5.500000e+000
      vertex   -2.260805e+001 1.835337e+001 5.500000e+000
    endloop
  endfacet
  facet normal 0.000000e+000 0.000000e+000 5.518431e+000
    outer loop
      vertex   -2.165042e+001 1.363942e+001 5.500000e+000
      vertex   -2.263827e+001 1.849205e+001 5.500000e+000
      vertex   -2.665042e+001 1.863942e+001 5.500000e+000
    endloop
  endfacet
  facet normal 9.969580e+000 7.793946e-001 -2.100165e-003
    outer loop
      vertex   -2.263902e+001 1.849352e+001 2.500000e+000
      vertex   -2.265042e+001 1.863942e+001 2.500000e+000
      vertex   -2.263827e+001 1.849205e+001 5.500000e+000
    endloop
  endfacet
  facet normal 0.000000e+000 0.000000e+000 4.588524e-002
    outer loop
      vertex   -2.165042e+001 1.363942e+001 5.500000e+000
      vertex   -2.255976e+001 1.822339e+001 5.500000e+000
      vertex   -2.260805e+001 1.835337e+001 5.500000e+000
    endloop
  endfacet
  facet normal 4.327740e-001 1.607753e-001 -3.385755e-005
    outer loop
      vertex   -2.260901e+001 1.835533e+001 2.500000e+000
      vertex   -2.260805e+001 1.835337e+001 5.500000e+000
      vertex   -2.255976e+001 1.822339e+001 5.500000e+000
    endloop
  endfacet
  facet normal 9.772308e+000 2.121775e+000 -1.749053e-003
    outer loop
      vertex   -2.260901e+001 1.835533e+001 2.500000e+000
      vertex   -2.263902e+001 1.849352e+001 2.500000e+000
      vertex   -2.260805e+001 1.835337e+001 5.500000e+000
    endloop
  endfacet
  facet normal 0.000000e+000 0.000000e+000 9.380102e-002
    outer loop
      vertex   -2.165042e+001 1.363942e+001 5.500000e+000
      vertex   -2.249193e+001 1.810026e+001 5.500000e+000
      vertex   -2.255976e+001 1.822339e+001 5.500000e+000
    endloop
  endfacet
  facet normal 4.100048e-001 2.258754e-001 2.357912e-005
    outer loop
      vertex   -2.256028e+001 1.822465e+001 2.500000e+000
      vertex   -2.255976e+001 1.822339e+001 5.500000e+000
      vertex   -2.249193e+001 1.810026e+001 5.500000e+000
    endloop
  endfacet
  facet normal 9.369773e+000 3.493900e+000 -1.598254e-004
    outer loop
      vertex   -2.256028e+001 1.822465e+001 2.500000e+000
      vertex   -2.260901e+001 1.835533e+001 2.500000e+000
      vertex   -2.255976e+001 1.822339e+001 5.500000e+000
    endloop
  endfacet
  facet normal 0.000000e+000 0.000000e+000 1.449245e-001
    outer loop
      vertex   -2.165042e+001 1.363942e+001 5.500000e+000
      vertex   -2.240507e+001 1.798462e+001 5.500000e+000
      vertex   -2.249193e+001 1.810026e+001 5.500000e+000
    endloop
  endfacet
  facet normal 3.850032e-001 2.891890e-001 -2.096920e-005
    outer loop
      vertex   -2.249135e+001 1.809927e+001 2.500000e+000
      vertex   -2.249193e+001 1.810026e+001 5.500000e+000
      vertex   -2.240507e+001 1.798462e+001 5.500000e+000
    endloop
  endfacet
  facet normal 8.762865e+000 4.817903e+000 1.042296e-004
    outer loop
      vertex   -2.249135e+001 1.809927e+001 2.500000e+000
      vertex   -2.256028e+001 1.822465e+001 2.500000e+000
      vertex   -2.249193e+001 1.810026e+001 5.500000e+000
    endloop
  endfacet
  facet normal 0.000000e+000 0.000000e+000 1.904258e-001
    outer loop
      vertex   -2.165042e+001 1.363942e+001 5.500000e+000
      vertex   -2.230445e+001 1.788308e+001 5.500000e+000
      vertex   -2.240507e+001 1.798462e+001 5.500000e+000
    endloop
  endfacet
  facet normal 3.380898e-001 3.350323e-001 -1.107059e-004
    outer loop
      vertex   -2.240540e+001 1.798396e+001 2.500000e+000
      vertex   -2.240507e+001 1.798462e+001 5.500000e+000
      vertex   -2.230445e+001 1.788308e+001 5.500000e+000
    endloop
  endfacet
  facet normal 8.017637e+000 5.976410e+000 -2.191112e-003
    outer loop
      vertex   -2.240540e+001 1.798396e+001 2.500000e+000
      vertex   -2.249135e+001 1.809927e+001 2.500000e+000
      vertex   -2.240507e+001 1.798462e+001 5.500000e+000
    endloop
  endfacet
  facet normal 0.000000e+000 0.000000e+000 2.344160e-001
    outer loop
      vertex   -2.165042e+001 1.363942e+001 5.500000e+000
      vertex   -2.219204e+001 1.779934e+001 5.500000e+000
      vertex   -2.230445e+001 1.788308e+001 5.500000e+000
    endloop
  endfacet
  facet normal 2.788137e-001 3.742628e-001 3.707688e-005
    outer loop
      vertex   -2.230588e+001 1.788445e+001 2.500000e+000
      vertex   -2.230445e+001 1.788308e+001 5.500000e+000
      vertex   -2.219204e+001 1.779934e+001 5.500000e+000
    endloop
  endfacet
  facet normal 7.071024e+000 7.071109e+000 -1.622258e-004
    outer loop
      vertex   -2.230588e+001 1.788445e+001 2.500000e+000
      vertex   -2.240540e+001 1.798396e+001 2.500000e+000
      vertex   -2.230445e+001 1.788308e+001 5.500000e+000
    endloop
  endfacet
  facet normal 0.000000e+000 0.000000e+000 2.844044e-001
    outer loop
      vertex   -2.165042e+001 1.363942e+001 5.500000e+000
      vertex   -2.206514e+001 1.773048e+001 5.500000e+000
      vertex   -2.219204e+001 1.779934e+001 5.500000e+000
    endloop
  endfacet
  facet normal 2.292792e-001 4.225245e-001 -7.179492e-006
    outer loop
      vertex   -2.219058e+001 1.779850e+001 2.500000e+000
      vertex   -2.219204e+001 1.779934e+001 5.500000e+000
      vertex   -2.206514e+001 1.773048e+001 5.500000e+000
    endloop
  endfacet
  facet normal 5.976465e+000 8.017595e+000 6.570903e-004
    outer loop
      vertex   -2.219058e+001 1.779850e+001 2.500000e+000
      vertex   -2.230588e+001 1.788445e+001 2.500000e+000
      vertex   -2.219204e+001 1.779934e+001 5.500000e+000
    endloop
  endfacet
  facet normal 0.000000e+000 0.000000e+000 3.172465e-001
    outer loop
      vertex   -2.165042e+001 1.363942e+001 5.500000e+000
      vertex   -2.193085e+001 1.767976e+001 5.500000e+000
      vertex   -2.206514e+001 1.773048e+001 5.500000e+000
    endloop
  endfacet
  facet normal 1.688758e-001 4.471133e-001 -1.402553e-004
    outer loop
      vertex   -2.206519e+001 1.772956e+001 2.500000e+000
      vertex   -2.206514e+001 1.773048e+001 5.500000e+000
      vertex   -2.193085e+001 1.767976e+001 5.500000e+000
    endloop
  endfacet
  facet normal 4.817893e+000 8.762871e+000 -2.774601e-003
    outer loop
      vertex   -2.206519e+001 1.772956e+001 2.500000e+000
      vertex   -2.219058e+001 1.779850e+001 2.500000e+000
      vertex   -2.206514e+001 1.773048e+001 5.500000e+000
    endloop
  endfacet
  facet normal 0.000000e+000 0.000000e+000 3.347921e-001
    outer loop
      vertex   -2.165042e+001 1.363942e+001 5.500000e+000
      vertex   -2.179411e+001 1.765013e+001 5.500000e+000
      vertex   -2.193085e+001 1.767976e+001 5.500000e+000
    endloop
  endfacet
  facet normal 9.865820e-002 4.552940e-001 4.639004e-005
    outer loop
      vertex   -2.193294e+001 1.768052e+001 2.500000e+000
      vertex   -2.193085e+001 1.767976e+001 5.500000e+000
      vertex   -2.179411e+001 1.765013e+001 5.500000e+000
    endloop
  endfacet
  facet normal 3.476811e+000 9.376125e+000 -4.955920e-005
    outer loop
      vertex   -2.193294e+001 1.768052e+001 2.500000e+000
      vertex   -2.206519e+001 1.772956e+001 2.500000e+000
      vertex   -2.193085e+001 1.767976e+001 5.500000e+000
    endloop
  endfacet
  facet normal 0.000000e+000 0.000000e+000 3.580363e-001
    outer loop
      vertex   -2.165042e+001 1.363942e+001 5.500000e+000
      vertex   -2.165042e+001 1.764036e+001 5.500000e+000
      vertex   -2.179411e+001 1.765013e+001 5.500000e+000
    endloop
  endfacet
  facet normal 3.254522e-002 4.784317e-001 -2.373396e-006
    outer loop
      vertex   -2.179203e+001 1.764997e+001 2.500000e+000
      vertex   -2.179411e+001 1.765013e+001 5.500000e+000
      vertex   -2.165042e+001 1.764036e+001 5.500000e+000
    endloop
  endfacet
  facet normal 2.118511e+000 9.773017e+000 9.595169e-004
    outer loop
      vertex   -2.179203e+001 1.764997e+001 2.500000e+000
      vertex   -2.193294e+001 1.768052e+001 2.500000e+000
      vertex   -2.179411e+001 1.765013e+001 5.500000e+000
    endloop
  endfacet
  facet normal 0.000000e+000 0.000000e+000 3.541733e-001
    outer loop
      vertex   -2.117820e+001 1.360178e+001 5.500000e+000
      vertex   -2.150673e+001 1.765013e+001 5.500000e+000
      vertex   -2.165042e+001 1.764036e+001 5.500000e+000
    endloop
  endfacet
  facet normal -3.254412e-002 4.784155e-001 -1.491138e-004
    outer loop
      vertex   -2.165042e+001 1.763942e+001 2.500000e+000
      vertex   -2.165042e+001 1.764036e+001 5.500000e+000
      vertex   -2.150673e+001 1.765013e+001 5.500000e+000
    endloop
  endfacet
  facet normal 0.000000e+000 0.000000e+000 9.968390e+000
    outer loop
      vertex   -2.165042e+001 1.363942e+001 5.500000e+000
      vertex   -2.117820e+001 1.360178e+001 5.500000e+000
      vertex   -2.165042e+001 1.764036e+001 5.500000e+000
    endloop
  endfacet
  facet normal 7.431661e-001 9.972346e+000 -3.108207e-003
    outer loop
      vertex   -2.165042e+001 1.763942e+001 2.500000e+000
      vertex   -2.179203e+001 1.764997e+001 2.500000e+000
      vertex   -2.165042e+001 1.764036e+001 5.500000e+000
    endloop
  endfacet
  facet normal 0.000000e+000 0.000000e+000 3.397198e-001
    outer loop
      vertex   -2.117820e+001 1.360178e+001 5.500000e+000
      vertex   -2.136999e+001 1.767976e+001 5.500000e+000
      vertex   -2.150673e+001 1.765013e+001 5.500000e+000
    endloop
  endfacet
  facet normal -9.865841e-002 4.552949e-001 4.471484e-005
    outer loop
      vertex   -2.150881e+001 1.764997e+001 2.500000e+000
      vertex   -2.150673e+001 1.765013e+001 5.500000e+000
      vertex   -2.136999e+001 1.767976e+001 5.500000e+000
    endloop
  endfacet
  facet normal -7.431722e-001 9.972344e+000 -4.239191e-006
    outer loop
      vertex   -2.150881e+001 1.764997e+001 2.500000e+000
      vertex   -2.165042e+001 1.763942e+001 2.500000e+000
      vertex   -2.150673e+001 1.765013e+001 5.500000e+000
    endloop
  endfacet
  facet normal 0.000000e+000 0.000000e+000 3.306297e-001
    outer loop
      vertex   -2.117820e+001 1.360178e+001 5.500000e+000
      vertex   -2.123571e+001 1.773048e+001 5.500000e+000
      vertex   -2.136999e+001 1.767976e+001 5.500000e+000
    endloop
  endfacet
  facet normal -1.688810e-001 4.471230e-001 -4.505790e-006
    outer loop
      vertex   -2.136790e+001 1.768052e+001 2.500000e+000
      vertex   -2.136999e+001 1.767976e+001 5.500000e+000
      vertex   -2.123571e+001 1.773048e+001 5.500000e+000
    endloop
  endfacet
  facet normal -2.118493e+000 9.773021e+000 9.952437e-004
    outer loop
      vertex   -2.136790e+001 1.768052e+001 2.500000e+000
      vertex   -2.150881e+001 1.764997e+001 2.500000e+000
      vertex   -2.136999e+001 1.767976e+001 5.500000e+000
    endloop
  endfacet
  facet normal 0.000000e+000 0.000000e+000 3.045369e-001
    outer loop
      vertex   -2.117820e+001 1.360178e+001 5.500000e+000
      vertex   -2.110880e+001 1.779934e+001 5.500000e+000
      vertex   -2.123571e+001 1.773048e+001 5.500000e+000
    endloop
  endfacet
  facet normal -2.292716e-001 4.225144e-001 -1.337296e-004
    outer loop
      vertex   -2.123565e+001 1.772956e+001 2.500000e+000
      vertex   -2.123571e+001 1.773048e+001 5.500000e+000
      vertex   -2.110880e+001 1.779934e+001 5.500000e+000
    endloop
  endfacet
  facet normal -3.476840e+000 9.376118e+000 -2.940099e-003
    outer loop
      vertex   -2.123565e+001 1.772956e+001 2.500000e+000
      vertex   -2.136790e+001 1.768052e+001 2.500000e+000
      vertex   -2.123571e+001 1.773048e+001 5.500000e+000
    endloop
  endfacet
  facet normal 0.000000e+000 0.000000e+000 2.714554e-001
    outer loop
      vertex   -2.072424e+001 1.349273e+001 5.500000e+000
      vertex   -2.099640e+001 1.788308e+001 5.500000e+000
      vertex   -2.110880e+001 1.779934e+001 5.500000e+000
    endloop
  endfacet
  facet normal -2.788150e-001 3.742645e-001 3.070168e-005
    outer loop
      vertex   -2.111027e+001 1.779850e+001 2.500000e+000
      vertex   -2.110880e+001 1.779934e+001 5.500000e+000
      vertex   -2.099640e+001 1.788308e+001 5.500000e+000
    endloop
  endfacet
  facet normal 0.000000e+000 0.000000e+000 9.760651e+000
    outer loop
      vertex   -2.117820e+001 1.360178e+001 5.500000e+000
      vertex   -2.072424e+001 1.349273e+001 5.500000e+000
      vertex   -2.110880e+001 1.779934e+001 5.500000e+000
    endloop
  endfacet
  facet normal -4.817892e+000 8.762870e+000 -1.163404e-004
    outer loop
      vertex   -2.111027e+001 1.779850e+001 2.500000e+000
      vertex   -2.123565e+001 1.772956e+001 2.500000e+000
      vertex   -2.110880e+001 1.779934e+001 5.500000e+000
    endloop
  endfacet
  facet normal 0.000000e+000 0.000000e+000 2.373954e-001
    outer loop
      vertex   -2.072424e+001 1.349273e+001 5.500000e+000
      vertex   -2.089578e+001 1.798462e+001 5.500000e+000
      vertex   -2.099640e+001 1.788308e+001 5.500000e+000
    endloop
  endfacet
  facet normal -3.380990e-001 3.350414e-001 -9.151283e-006
    outer loop
      vertex   -2.099496e+001 1.788445e+001 2.500000e+000
      vertex   -2.099640e+001 1.788308e+001 5.500000e+000
      vertex   -2.089578e+001 1.798462e+001 5.500000e+000
    endloop
  endfacet
  facet normal -5.976425e+000 8.017625e+000 7.925773e-004
    outer loop
      vertex   -2.099496e+001 1.788445e+001 2.500000e+000
      vertex   -2.111027e+001 1.779850e+001 2.500000e+000
      vertex   -2.099640e+001 1.788308e+001 5.500000e+000
    endloop
  endfacet
  facet normal 0.000000e+000 0.000000e+000 1.979151e-001
    outer loop
      vertex   -2.072424e+001 1.349273e+001 5.500000e+000
      vertex   -2.080892e+001 1.810026e+001 5.500000e+000
      vertex   -2.089578e+001 1.798462e+001 5.500000e+000
    endloop
  endfacet
  facet normal -3.849942e-001 2.891822e-001 -1.055470e-004
    outer loop
      vertex   -2.089545e+001 1.798396e+001 2.500000e+000
      vertex   -2.089578e+001 1.798462e+001 5.500000e+000
      vertex   -2.080892e+001 1.810026e+001 5.500000e+000
    endloop
  endfacet
  facet normal -7.071068e+000 7.071068e+000 -2.326682e-003
    outer loop
      vertex   -2.089545e+001 1.798396e+001 2.500000e+000
      vertex   -2.099496e+001 1.788445e+001 2.500000e+000
      vertex   -2.089578e+001 1.798462e+001 5.500000e+000
    endloop
  endfacet
  facet normal 0.000000e+000 0.000000e+000 1.481597e-001
    outer loop
      vertex   -2.072424e+001 1.349273e+001 5.500000e+000
      vertex   -2.074108e+001 1.822339e+001 5.500000e+000
      vertex   -2.080892e+001 1.810026e+001 5.500000e+000
    endloop
  endfacet
  facet normal -4.100062e-001 2.258761e-001 4.891058e-006
    outer loop
      vertex   -2.080950e+001 1.809927e+001 2.500000e+000
      vertex   -2.080892e+001 1.810026e+001 5.500000e+000
      vertex   -2.074108e+001 1.822339e+001 5.500000e+000
    endloop
  endfacet
  facet normal -8.017637e+000 5.976410e+000 -4.183622e-004
    outer loop
      vertex   -2.080950e+001 1.809927e+001 2.500000e+000
      vertex   -2.089545e+001 1.798396e+001 2.500000e+000
      vertex   -2.080892e+001 1.810026e+001 5.500000e+000
    endloop
  endfacet
  facet normal 0.000000e+000 0.000000e+000 1.002897e-001
    outer loop
      vertex   -2.072424e+001 1.349273e+001 5.500000e+000
      vertex   -2.069280e+001 1.835337e+001 5.500000e+000
      vertex   -2.074108e+001 1.822339e+001 5.500000e+000
    endloop
  endfacet
  facet normal -4.327976e-001 1.607841e-001 -7.462675e-006
    outer loop
      vertex   -2.074056e+001 1.822465e+001 2.500000e+000
      vertex   -2.074108e+001 1.822339e+001 5.500000e+000
      vertex   -2.069280e+001 1.835337e+001 5.500000e+000
    endloop
  endfacet
  facet normal -8.762864e+000 4.817902e+000 5.033910e-004
    outer loop
      vertex   -2.074056e+001 1.822465e+001 2.500000e+000
      vertex   -2.080950e+001 1.809927e+001 2.500000e+000
      vertex   -2.074108e+001 1.822339e+001 5.500000e+000
    endloop
  endfacet
  facet normal 0.000000e+000 0.000000e+000 7.938014e-002
    outer loop
      vertex   -2.028774e+001 1.331193e+001 5.500000e+000
      vertex   -2.066258e+001 1.849205e+001 5.500000e+000
      vertex   -2.069280e+001 1.835337e+001 5.500000e+000
    endloop
  endfacet
  facet normal -4.617500e-001 1.006186e-001 -8.222389e-005
    outer loop
      vertex   -2.069184e+001 1.835533e+001 2.500000e+000
      vertex   -2.069280e+001 1.835337e+001 5.500000e+000
      vertex   -2.066258e+001 1.849205e+001 5.500000e+000
    endloop
  endfacet
  facet normal 0.000000e+000 0.000000e+000 9.263356e+000
    outer loop
      vertex   -2.072424e+001 1.349273e+001 5.500000e+000
      vertex   -2.028774e+001 1.331193e+001 5.500000e+000
      vertex   -2.069280e+001 1.835337e+001 5.500000e+000
    endloop
  endfacet
  facet normal -9.369772e+000 3.493899e+000 -7.208035e-004
    outer loop
      vertex   -2.069184e+001 1.835533e+001 2.500000e+000
      vertex   -2.074056e+001 1.822465e+001 2.500000e+000
      vertex   -2.069280e+001 1.835337e+001 5.500000e+000
    endloop
  endfacet
  facet normal -9.772292e+000 2.121856e+000 -1.393942e-003
    outer loop
      vertex   -2.066183e+001 1.849352e+001 2.500000e+000
      vertex   -2.069184e+001 1.835533e+001 2.500000e+000
      vertex   -2.066258e+001 1.849205e+001 5.500000e+000
    endloop
  endfacet
  facet normal -4.906559e-001 -4.046216e-002 0.000000e+000
    outer loop
      vertex   -2.665042e+001 1.863942e+001 2.500000e+000
      vertex   -2.665042e+001 1.863942e+001 5.500000e+000
      vertex   -2.666258e+001 1.878680e+001 5.500000e+000
    endloop
  endfacet
  facet normal 0.000000e+000 0.000000e+000 1.616945e-001
    outer loop
      vertex   -2.165042e+001 1.363942e+001 5.500000e+000
      vertex   -2.665042e+001 1.863942e+001 5.500000e+000
      vertex   -2.666258e+001 1.849205e+001 5.500000e+000
    endloop
  endfacet
  facet normal -4.906681e-001 4.046317e-002 -1.023269e-004
    outer loop
      vertex   -2.666183e+001 1.849352e+001 2.500000e+000
      vertex   -2.666258e+001 1.849205e+001 5.500000e+000
      vertex   -2.665042e+001 1.863942e+001 5.500000e+000
    endloop
  endfacet
  facet normal -9.969581e+000 7.793947e-001 0.000000e+000
    outer loop
      vertex   -2.665042e+001 1.863942e+001 2.500000e+000
      vertex   -2.666183e+001 1.849352e+001 2.500000e+000
      vertex   -2.665042e+001 1.863942e+001 5.500000e+000
    endloop
  endfacet
  facet normal -4.617230e-001 -1.006167e-001 -6.549909e-005
    outer loop
      vertex   -2.666183e+001 1.878532e+001 2.500000e+000
      vertex   -2.666258e+001 1.878680e+001 5.500000e+000
      vertex   -2.669280e+001 1.892547e+001 5.500000e+000
    endloop
  endfacet
  facet normal -9.969580e+000 -7.793946e-001 -2.100165e-003
    outer loop
      vertex   -2.666183e+001 1.878532e+001 2.500000e+000
      vertex   -2.665042e+001 1.863942e+001 2.500000e+000
      vertex   -2.666258e+001 1.878680e+001 5.500000e+000
    endloop
  endfacet
  facet normal -4.327740e-001 -1.607753e-001 -3.385755e-005
    outer loop
      vertex   -2.669184e+001 1.892351e+001 2.500000e+000
      vertex   -2.669280e+001 1.892547e+001 5.500000e+000
      vertex   -2.674108e+001 1.905545e+001 5.500000e+000
    endloop
  endfacet
  facet normal -9.772308e+000 -2.121775e+000 -1.749053e-003
    outer loop
      vertex   -2.669184e+001 1.892351e+001 2.500000e+000
      vertex   -2.666183e+001 1.878532e+001 2.500000e+000
      vertex   -2.669280e+001 1.892547e+001 5.500000e+000
    endloop
  endfacet
  facet normal -4.100048e-001 -2.258714e-001 2.357745e-005
    outer loop
      vertex   -2.674056e+001 1.905419e+001 2.500000e+000
      vertex   -2.674108e+001 1.905545e+001 5.500000e+000
      vertex   -2.680892e+001 1.917859e+001 5.500000e+000
    endloop
  endfacet
  facet normal -9.369773e+000 -3.493900e+000 -1.598254e-004
    outer loop
      vertex   -2.674056e+001 1.905419e+001 2.500000e+000
      vertex   -2.669184e+001 1.892351e+001 2.500000e+000
      vertex   -2.674108e+001 1.905545e+001 5.500000e+000
    endloop
  endfacet
  facet normal -3.850032e-001 -2.891910e-001 -2.081687e-005
    outer loop
      vertex   -2.680950e+001 1.917957e+001 2.500000e+000
      vertex   -2.680892e+001 1.917859e+001 5.500000e+000
      vertex   -2.689578e+001 1.929422e+001 5.500000e+000
    endloop
  endfacet
  facet normal -8.762865e+000 -4.817903e+000 1.077117e-004
    outer loop
      vertex   -2.680950e+001 1.917957e+001 2.500000e+000
      vertex   -2.674056e+001 1.905419e+001 2.500000e+000
      vertex   -2.680892e+001 1.917859e+001 5.500000e+000
    endloop
  endfacet
  facet normal -3.380898e-001 -3.350303e-001 -1.106383e-004
    outer loop
      vertex   -2.689545e+001 1.929488e+001 2.500000e+000
      vertex   -2.689578e+001 1.929422e+001 5.500000e+000
      vertex   -2.699640e+001 1.939576e+001 5.500000e+000
    endloop
  endfacet
  facet normal -8.017637e+000 -5.976410e+000 -2.189519e-003
    outer loop
      vertex   -2.689545e+001 1.929488e+001 2.500000e+000
      vertex   -2.680950e+001 1.917957e+001 2.500000e+000
      vertex   -2.689578e+001 1.929422e+001 5.500000e+000
    endloop
  endfacet
  facet normal -2.788137e-001 -3.742648e-001 3.707778e-005
    outer loop
      vertex   -2.699496e+001 1.939439e+001 2.500000e+000
      vertex   -2.699640e+001 1.939576e+001 5.500000e+000
      vertex   -2.710880e+001 1.947950e+001 5.500000e+000
    endloop
  endfacet
  facet normal -7.071066e+000 -7.071066e+000 -1.622653e-004
    outer loop
      vertex   -2.699496e+001 1.939439e+001 2.500000e+000
      vertex   -2.689545e+001 1.929488e+001 2.500000e+000
      vertex   -2.699640e+001 1.939576e+001 5.500000e+000
    endloop
  endfacet
  facet normal 0.000000e+000 0.000000e+000 1.312849e-002
    outer loop
      vertex   -3.365042e+001 2.363942e+001 5.500000e+000
      vertex   -2.723571e+001 1.954836e+001 5.500000e+000
      vertex   -2.710880e+001 1.947950e+001 5.500000e+000
    endloop
  endfacet
  facet normal -2.292792e-001 -4.225265e-001 -7.088943e-006
    outer loop
      vertex   -2.711027e+001 1.948034e+001 2.500000e+000
      vertex   -2.710880e+001 1.947950e+001 5.500000e+000
      vertex   -2.723571e+001 1.954836e+001 5.500000e+000
    endloop
  endfacet
  facet normal -5.976406e+000 -8.017639e+000 6.594235e-004
    outer loop
      vertex   -2.711027e+001 1.948034e+001 2.500000e+000
      vertex   -2.699496e+001 1.939439e+001 2.500000e+000
      vertex   -2.710880e+001 1.947950e+001 5.500000e+000
    endloop
  endfacet
  facet normal 0.000000e+000 0.000000e+000 3.942798e-002
    outer loop
      vertex   -3.365042e+001 2.363942e+001 5.500000e+000
      vertex   -2.736999e+001 1.959908e+001 5.500000e+000
      vertex   -2.723571e+001 1.954836e+001 5.500000e+000
    endloop
  endfacet
  facet normal -1.688758e-001 -4.471133e-001 -1.402889e-004
    outer loop
      vertex   -2.723565e+001 1.954928e+001 2.500000e+000
      vertex   -2.723571e+001 1.954836e+001 5.500000e+000
      vertex   -2.736999e+001 1.959908e+001 5.500000e+000
    endloop
  endfacet
  facet normal -4.817928e+000 -8.762852e+000 -2.775553e-003
    outer loop
      vertex   -2.723565e+001 1.954928e+001 2.500000e+000
      vertex   -2.711027e+001 1.948034e+001 2.500000e+000
      vertex   -2.723571e+001 1.954836e+001 5.500000e+000
    endloop
  endfacet
  facet normal 0.000000e+000 0.000000e+000 6.686990e-002
    outer loop
      vertex   -3.365042e+001 2.363942e+001 5.500000e+000
      vertex   -2.750673e+001 1.962871e+001 5.500000e+000
      vertex   -2.736999e+001 1.959908e+001 5.500000e+000
    endloop
  endfacet
  facet normal -9.865820e-002 -4.552920e-001 4.638954e-005
    outer loop
      vertex   -2.736791e+001 1.959832e+001 2.500000e+000
      vertex   -2.736999e+001 1.959908e+001 5.500000e+000
      vertex   -2.750673e+001 1.962871e+001 5.500000e+000
    endloop
  endfacet
  facet normal -3.476797e+000 -9.376131e+000 -4.954833e-005
    outer loop
      vertex   -2.736791e+001 1.959832e+001 2.500000e+000
      vertex   -2.723565e+001 1.954928e+001 2.500000e+000
      vertex   -2.736999e+001 1.959908e+001 5.500000e+000
    endloop
  endfacet
  facet normal 0.000000e+000 0.000000e+000 9.756855e-002
    outer loop
      vertex   -3.365042e+001 2.363942e+001 5.500000e+000
      vertex   -2.765042e+001 1.963849e+001 5.500000e+000
      vertex   -2.750673e+001 1.962871e+001 5.500000e+000
    endloop
  endfacet
  facet normal -3.254522e-002 -4.784317e-001 -2.360464e-006
    outer loop
      vertex   -2.750881e+001 1.962887e+001 2.500000e+000
      vertex   -2.750673e+001 1.962871e+001 5.500000e+000
      vertex   -2.765042e+001 1.963849e+001 5.500000e+000
    endloop
  endfacet
  facet normal -2.118502e+000 -9.773019e+000 9.603526e-004
    outer loop
      vertex   -2.750881e+001 1.962887e+001 2.500000e+000
      vertex   -2.736791e+001 1.959832e+001 2.500000e+000
      vertex   -2.750673e+001 1.962871e+001 5.500000e+000
    endloop
  endfacet
  facet normal 0.000000e+000 0.000000e+000 1.237668e-001
    outer loop
      vertex   -3.365042e+001 2.363942e+001 5.500000e+000
      vertex   -2.779411e+001 1.962871e+001 5.500000e+000
      vertex   -2.765042e+001 1.963849e+001 5.500000e+000
    endloop
  endfacet
  facet normal 3.254412e-002 -4.784155e-001 -1.491138e-004
    outer loop
      vertex   -2.765042e+001 1.963942e+001 2.500000e+000
      vertex   -2.765042e+001 1.963849e+001 5.500000e+000
      vertex   -2.779411e+001 1.962871e+001 5.500000e+000
    endloop
  endfacet
  facet normal -7.431723e-001 -9.972345e+000 -3.108207e-003
    outer loop
      vertex   -2.765042e+001 1.963942e+001 2.500000e+000
      vertex   -2.750881e+001 1.962887e+001 2.500000e+000
      vertex   -2.765042e+001 1.963849e+001 5.500000e+000
    endloop
  endfacet
  facet normal 0.000000e+000 0.000000e+000 1.452470e-001
    outer loop
      vertex   -3.365042e+001 2.363942e+001 5.500000e+000
      vertex   -2.793085e+001 1.959908e+001 5.500000e+000
      vertex   -2.779411e+001 1.962871e+001 5.500000e+000
    endloop
  endfacet
  facet normal 9.865841e-002 -4.552949e-001 4.471484e-005
    outer loop
      vertex   -2.779203e+001 1.962887e+001 2.500000e+000
      vertex   -2.779411e+001 1.962871e+001 5.500000e+000
      vertex   -2.793085e+001 1.959908e+001 5.500000e+000
    endloop
  endfacet
  facet normal 7.431722e-001 -9.972344e+000 -4.239191e-006
    outer loop
      vertex   -2.779203e+001 1.962887e+001 2.500000e+000
      vertex   -2.765042e+001 1.963942e+001 2.500000e+000
      vertex   -2.779411e+001 1.962871e+001 5.500000e+000
    endloop
  endfacet
  facet normal 0.000000e+000 0.000000e+000 1.717477e-001
    outer loop
      vertex   -3.365042e+001 2.363942e+001 5.500000e+000
      vertex   -2.806514e+001 1.954836e+001 5.500000e+000
      vertex   -2.793085e+001 1.959908e+001 5.500000e+000
    endloop
  endfacet
  facet normal 1.688810e-001 -4.471269e-001 -4.504787e-006
    outer loop
      vertex   -2.793294e+001 1.959832e+001 2.500000e+000
      vertex   -2.793085e+001 1.959908e+001 5.500000e+000
      vertex   -2.806514e+001 1.954836e+001 5.500000e+000
    endloop
  endfacet
  facet normal 2.118493e+000 -9.773021e+000 9.952437e-004
    outer loop
      vertex   -2.793294e+001 1.959832e+001 2.500000e+000
      vertex   -2.779203e+001 1.962887e+001 2.500000e+000
      vertex   -2.793085e+001 1.959908e+001 5.500000e+000
    endloop
  endfacet
  facet normal 0.000000e+000 0.000000e+000 1.902130e-001
    outer loop
      vertex   -3.365042e+001 2.363942e+001 5.500000e+000
      vertex   -2.819204e+001 1.947950e+001 5.500000e+000
      vertex   -2.806514e+001 1.954836e+001 5.500000e+000
    endloop
  endfacet
  facet normal 2.292716e-001 -4.225125e-001 -1.337290e-004
    outer loop
      vertex   -2.806519e+001 1.954928e+001 2.500000e+000
      vertex   -2.806514e+001 1.954836e+001 5.500000e+000
      vertex   -2.819204e+001 1.947950e+001 5.500000e+000
    endloop
  endfacet
  facet normal 3.476812e+000 -9.376127e+000 -2.940101e-003
    outer loop
      vertex   -2.806519e+001 1.954928e+001 2.500000e+000
      vertex   -2.793294e+001 1.959832e+001 2.500000e+000
      vertex   -2.806514e+001 1.954836e+001 5.500000e+000
    endloop
  endfacet
  facet normal 0.000000e+000 0.000000e+000 1.973983e-001
    outer loop
      vertex   -3.365042e+001 2.363942e+001 5.500000e+000
      vertex   -2.830445e+001 1.939576e+001 5.500000e+000
      vertex   -2.819204e+001 1.947950e+001 5.500000e+000
    endloop
  endfacet
  facet normal 2.788150e-001 -3.742645e-001 3.075708e-005
    outer loop
      vertex   -2.819058e+001 1.948034e+001 2.500000e+000
      vertex   -2.819204e+001 1.947950e+001 5.500000e+000
      vertex   -2.830445e+001 1.939576e+001 5.500000e+000
    endloop
  endfacet
  facet normal 4.817927e+000 -8.762850e+000 -1.153606e-004
    outer loop
      vertex   -2.819058e+001 1.948034e+001 2.500000e+000
      vertex   -2.806519e+001 1.954928e+001 2.500000e+000
      vertex   -2.819204e+001 1.947950e+001 5.500000e+000
    endloop
  endfacet
  facet normal 0.000000e+000 0.000000e+000 2.086088e-001
    outer loop
      vertex   -3.365042e+001 2.363942e+001 5.500000e+000
      vertex   -2.840507e+001 1.929422e+001 5.500000e+000
      vertex   -2.830445e+001 1.939576e+001 5.500000e+000
    endloop
  endfacet
  facet normal 3.380990e-001 -3.350395e-001 -9.152188e-006
    outer loop
      vertex   -2.830588e+001 1.939439e+001 2.500000e+000
      vertex   -2.830445e+001 1.939576e+001 5.500000e+000
      vertex   -2.840507e+001 1.929422e+001 5.500000e+000
    endloop
  endfacet
  facet normal 5.976405e+000 -8.017639e+000 7.925936e-004
    outer loop
      vertex   -2.830588e+001 1.939439e+001 2.500000e+000
      vertex   -2.819058e+001 1.948034e+001 2.500000e+000
      vertex   -2.830445e+001 1.939576e+001 5.500000e+000
    endloop
  endfacet
  facet normal 0.000000e+000 0.000000e+000 2.118207e-001
    outer loop
      vertex   -3.365042e+001 2.363942e+001 5.500000e+000
      vertex   -2.849193e+001 1.917859e+001 5.500000e+000
      vertex   -2.840507e+001 1.929422e+001 5.500000e+000
    endloop
  endfacet
  facet normal 3.849942e-001 -2.891842e-001 -1.056239e-004
    outer loop
      vertex   -2.840540e+001 1.929488e+001 2.500000e+000
      vertex   -2.840507e+001 1.929422e+001 5.500000e+000
      vertex   -2.849193e+001 1.917859e+001 5.500000e+000
    endloop
  endfacet
  facet normal 7.071068e+000 -7.071068e+000 -2.328086e-003
    outer loop
      vertex   -2.840540e+001 1.929488e+001 2.500000e+000
      vertex   -2.830588e+001 1.939439e+001 2.500000e+000
      vertex   -2.840507e+001 1.929422e+001 5.500000e+000
    endloop
  endfacet
  facet normal 0.000000e+000 0.000000e+000 2.007422e-001
    outer loop
      vertex   -3.365042e+001 2.363942e+001 5.500000e+000
      vertex   -2.855976e+001 1.905545e+001 5.500000e+000
      vertex   -2.849193e+001 1.917859e+001 5.500000e+000
    endloop
  endfacet
  facet normal 4.100062e-001 -2.258742e-001 4.891712e-006
    outer loop
      vertex   -2.849135e+001 1.917957e+001 2.500000e+000
      vertex   -2.849193e+001 1.917859e+001 5.500000e+000
      vertex   -2.855976e+001 1.905545e+001 5.500000e+000
    endloop
  endfacet
  facet normal 8.017637e+000 -5.976410e+000 -4.183622e-004
    outer loop
      vertex   -2.849135e+001 1.917957e+001 2.500000e+000
      vertex   -2.840540e+001 1.929488e+001 2.500000e+000
      vertex   -2.849193e+001 1.917859e+001 5.500000e+000
    endloop
  endfacet
  facet normal 0.000000e+000 0.000000e+000 1.867361e-001
    outer loop
      vertex   -3.365042e+001 2.363942e+001 5.500000e+000
      vertex   -2.860805e+001 1.892547e+001 5.500000e+000
      vertex   -2.855976e+001 1.905545e+001 5.500000e+000
    endloop
  endfacet
  facet normal 4.327976e-001 -1.607821e-001 -7.635485e-006
    outer loop
      vertex   -2.856029e+001 1.905419e+001 2.500000e+000
      vertex   -2.855976e+001 1.905545e+001 5.500000e+000
      vertex   -2.860805e+001 1.892547e+001 5.500000e+000
    endloop
  endfacet
  facet normal 8.762847e+000 -4.817934e+000 4.999254e-004
    outer loop
      vertex   -2.856029e+001 1.905419e+001 2.500000e+000
      vertex   -2.849135e+001 1.917957e+001 2.500000e+000
      vertex   -2.855976e+001 1.905545e+001 5.500000e+000
    endloop
  endfacet
  facet normal 0.000000e+000 0.000000e+000 1.747890e-001
    outer loop
      vertex   -3.365042e+001 2.363942e+001 5.500000e+000
      vertex   -2.863827e+001 1.878680e+001 5.500000e+000
      vertex   -2.860805e+001 1.892547e+001 5.500000e+000
    endloop
  endfacet
  facet normal 4.617500e-001 -1.006226e-001 -8.240480e-005
    outer loop
      vertex   -2.860901e+001 1.892351e+001 2.500000e+000
      vertex   -2.860805e+001 1.892547e+001 5.500000e+000
      vertex   -2.863827e+001 1.878680e+001 5.500000e+000
    endloop
  endfacet
  facet normal 9.369785e+000 -3.493862e+000 -7.245556e-004
    outer loop
      vertex   -2.860901e+001 1.892351e+001 2.500000e+000
      vertex   -2.856029e+001 1.905419e+001 2.500000e+000
      vertex   -2.860805e+001 1.892547e+001 5.500000e+000
    endloop
  endfacet
  facet normal 0.000000e+000 0.000000e+000 1.616950e-001
    outer loop
      vertex   -3.365042e+001 2.363942e+001 5.500000e+000
      vertex   -2.865042e+001 1.863942e+001 5.500000e+000
      vertex   -2.863827e+001 1.878680e+001 5.500000e+000
    endloop
  endfacet
  facet normal 4.906681e-001 -4.046515e-002 -1.023259e-004
    outer loop
      vertex   -2.863902e+001 1.878532e+001 2.500000e+000
      vertex   -2.863827e+001 1.878680e+001 5.500000e+000
      vertex   -2.865042e+001 1.863942e+001 5.500000e+000
    endloop
  endfacet
  facet normal 9.772309e+000 -2.121775e+000 -1.390103e-003
    outer loop
      vertex   -2.863902e+001 1.878532e+001 2.500000e+000
      vertex   -2.860901e+001 1.892351e+001 2.500000e+000
      vertex   -2.863827e+001 1.878680e+001 5.500000e+000
    endloop
  endfacet
  facet normal 0.000000e+000 0.000000e+000 9.700103e-001
    outer loop
      vertex   -3.015042e+001 1.863942e+001 5.500000e+000
      vertex   -2.863827e+001 1.849205e+001 5.500000e+000
      vertex   -2.865042e+001 1.863942e+001 5.500000e+000
    endloop
  endfacet
  facet normal 4.906559e-001 4.046415e-002 0.000000e+000
    outer loop
      vertex   -2.865042e+001 1.863942e+001 2.500000e+000
      vertex   -2.865042e+001 1.863942e+001 5.500000e+000
      vertex   -2.863827e+001 1.849205e+001 5.500000e+000
    endloop
  endfacet
  facet normal 0.000000e+000 0.000000e+000 9.187860e+000
    outer loop
      vertex   -3.019076e+001 1.916589e+001 5.500000e+000
      vertex   -3.015042e+001 1.863942e+001 5.500000e+000
      vertex   -2.865042e+001 1.863942e+001 5.500000e+000
    endloop
  endfacet
  facet normal 0.000000e+000 0.000000e+000 7.100868e+000
    outer loop
      vertex   -3.030577e+001 1.967053e+001 5.500000e+000
      vertex   -3.019076e+001 1.916589e+001 5.500000e+000
      vertex   -2.865042e+001 1.863942e+001 5.500000e+000
    endloop
  endfacet
  facet normal 0.000000e+000 0.000000e+000 4.861977e+000
    outer loop
      vertex   -3.049771e+001 2.015822e+001 5.500000e+000
      vertex   -3.030577e+001 1.967053e+001 5.500000e+000
      vertex   -2.865042e+001 1.863942e+001 5.500000e+000
    endloop
  endfacet
  facet normal 0.000000e+000 0.000000e+000 2.919713e+000
    outer loop
      vertex   -3.075811e+001 2.061022e+001 5.500000e+000
      vertex   -3.049771e+001 2.015822e+001 5.500000e+000
      vertex   -2.865042e+001 1.863942e+001 5.500000e+000
    endloop
  endfacet
  facet normal 0.000000e+000 0.000000e+000 1.224093e+000
    outer loop
      vertex   -3.108562e+001 2.102026e+001 5.500000e+000
      vertex   -3.075811e+001 2.061022e+001 5.500000e+000
      vertex   -2.865042e+001 1.863942e+001 5.500000e+000
    endloop
  endfacet
  facet normal 0.000000e+000 0.000000e+000 1.048452e-001
    outer loop
      vertex   -3.365042e+001 2.363942e+001 5.500000e+000
      vertex   -3.108562e+001 2.102026e+001 5.500000e+000
      vertex   -2.865042e+001 1.863942e+001 5.500000e+000
    endloop
  endfacet
  facet normal 9.957737e+000 -7.785095e-001 -8.673617e-018
    outer loop
      vertex   -2.863902e+001 1.878532e+001 2.500000e+000
      vertex   -2.865042e+001 1.863942e+001 5.500000e+000
      vertex   -2.865042e+001 1.863942e+001 2.500000e+000
    endloop
  endfacet
  facet normal 0.000000e+000 0.000000e+000 8.611733e-001
    outer loop
      vertex   -3.015042e+001 1.863942e+001 5.500000e+000
      vertex   -2.860805e+001 1.835337e+001 5.500000e+000
      vertex   -2.863827e+001 1.849205e+001 5.500000e+000
    endloop
  endfacet
  facet normal 4.617230e-001 1.006167e-001 -6.549909e-005
    outer loop
      vertex   -2.863902e+001 1.849352e+001 2.500000e+000
      vertex   -2.863827e+001 1.849205e+001 5.500000e+000
      vertex   -2.860805e+001 1.835337e+001 5.500000e+000
    endloop
  endfacet
  facet normal 9.969576e+000 7.794351e-001 -2.100144e-003
    outer loop
      vertex   -2.863902e+001 1.849352e+001 2.500000e+000
      vertex   -2.865042e+001 1.863942e+001 2.500000e+000
      vertex   -2.863827e+001 1.849205e+001 5.500000e+000
    endloop
  endfacet
  facet normal 0.000000e+000 0.000000e+000 7.237181e-001
    outer loop
      vertex   -3.015042e+001 1.863942e+001 5.500000e+000
      vertex   -2.855976e+001 1.822339e+001 5.500000e+000
      vertex   -2.860805e+001 1.835337e+001 5.500000e+000
    endloop
  endfacet
  facet normal 4.327740e-001 1.607733e-001 -3.385884e-005
    outer loop
      vertex   -2.860901e+001 1.835533e+001 2.500000e+000
      vertex   -2.860805e+001 1.835337e+001 5.500000e+000
      vertex   -2.855976e+001 1.822339e+001 5.500000e+000
    endloop
  endfacet
  facet normal 9.772308e+000 2.121775e+000 -1.749053e-003
    outer loop
      vertex   -2.860901e+001 1.835533e+001 2.500000e+000
      vertex   -2.863902e+001 1.849352e+001 2.500000e+000
      vertex   -2.860805e+001 1.835337e+001 5.500000e+000
    endloop
  endfacet
  facet normal 0.000000e+000 0.000000e+000 5.846932e-001
    outer loop
      vertex   -3.015042e+001 1.863942e+001 5.500000e+000
      vertex   -2.849193e+001 1.810026e+001 5.500000e+000
      vertex   -2.855976e+001 1.822339e+001 5.500000e+000
    endloop
  endfacet
  facet normal 4.100048e-001 2.258734e-001 2.357829e-005
    outer loop
      vertex   -2.856029e+001 1.822465e+001 2.500000e+000
      vertex   -2.855976e+001 1.822339e+001 5.500000e+000
      vertex   -2.849193e+001 1.810026e+001 5.500000e+000
    endloop
  endfacet
  facet normal 9.369787e+000 3.493862e+000 -1.598436e-004
    outer loop
      vertex   -2.856029e+001 1.822465e+001 2.500000e+000
      vertex   -2.860901e+001 1.835533e+001 2.500000e+000
      vertex   -2.855976e+001 1.822339e+001 5.500000e+000
    endloop
  endfacet
  facet normal 0.000000e+000 0.000000e+000 4.458618e-001
    outer loop
      vertex   -3.015042e+001 1.863942e+001 5.500000e+000
      vertex   -2.840507e+001 1.798462e+001 5.500000e+000
      vertex   -2.849193e+001 1.810026e+001 5.500000e+000
    endloop
  endfacet
  facet normal 3.850032e-001 2.891910e-001 -2.081687e-005
    outer loop
      vertex   -2.849135e+001 1.809927e+001 2.500000e+000
      vertex   -2.849193e+001 1.810026e+001 5.500000e+000
      vertex   -2.840507e+001 1.798462e+001 5.500000e+000
    endloop
  endfacet
  facet normal 8.762847e+000 4.817935e+000 1.076977e-004
    outer loop
      vertex   -2.849135e+001 1.809927e+001 2.500000e+000
      vertex   -2.856029e+001 1.822465e+001 2.500000e+000
      vertex   -2.849193e+001 1.810026e+001 5.500000e+000
    endloop
  endfacet
  facet normal 0.000000e+000 0.000000e+000 2.993937e-001
    outer loop
      vertex   -3.015042e+001 1.863942e+001 5.500000e+000
      vertex   -2.830445e+001 1.788308e+001 5.500000e+000
      vertex   -2.840507e+001 1.798462e+001 5.500000e+000
    endloop
  endfacet
  facet normal 3.380898e-001 3.350303e-001 -1.106383e-004
    outer loop
      vertex   -2.840540e+001 1.798396e+001 2.500000e+000
      vertex   -2.840507e+001 1.798462e+001 5.500000e+000
      vertex   -2.830445e+001 1.788308e+001 5.500000e+000
    endloop
  endfacet
  facet normal 8.017637e+000 5.976410e+000 -2.189519e-003
    outer loop
      vertex   -2.840540e+001 1.798396e+001 2.500000e+000
      vertex   -2.849135e+001 1.809927e+001 2.500000e+000
      vertex   -2.840507e+001 1.798462e+001 5.500000e+000
    endloop
  endfacet
  facet normal 0.000000e+000 0.000000e+000 1.636339e-001
    outer loop
      vertex   -3.015042e+001 1.863942e+001 5.500000e+000
      vertex   -2.819204e+001 1.779934e+001 5.500000e+000
      vertex   -2.830445e+001 1.788308e+001 5.500000e+000
    endloop
  endfacet
  facet normal 2.788137e-001 3.742628e-001 3.707688e-005
    outer loop
      vertex   -2.830588e+001 1.788445e+001 2.500000e+000
      vertex   -2.830445e+001 1.788308e+001 5.500000e+000
      vertex   -2.819204e+001 1.779934e+001 5.500000e+000
    endloop
  endfacet
  facet normal 7.071066e+000 7.071066e+000 -1.622653e-004
    outer loop
      vertex   -2.830588e+001 1.788445e+001 2.500000e+000
      vertex   -2.840540e+001 1.798396e+001 2.500000e+000
      vertex   -2.830445e+001 1.788308e+001 5.500000e+000
    endloop
  endfacet
  facet normal 0.000000e+000 0.000000e+000 1.312848e-002
    outer loop
      vertex   -2.165042e+001 1.363942e+001 5.500000e+000
      vertex   -2.806514e+001 1.773048e+001 5.500000e+000
      vertex   -2.819204e+001 1.779934e+001 5.500000e+000
    endloop
  endfacet
  facet normal 2.292792e-001 4.225265e-001 -7.043390e-006
    outer loop
      vertex   -2.819058e+001 1.779850e+001 2.500000e+000
      vertex   -2.819204e+001 1.779934e+001 5.500000e+000
      vertex   -2.806514e+001 1.773048e+001 5.500000e+000
    endloop
  endfacet
  facet normal 0.000000e+000 0.000000e+000 3.467970e-001
    outer loop
      vertex   -2.165042e+001 1.363942e+001 5.500000e+000
      vertex   -2.819204e+001 1.779934e+001 5.500000e+000
      vertex   -3.015042e+001 1.863942e+001 5.500000e+000
    endloop
  endfacet
  facet normal 5.976406e+000 8.017639e+000 6.606110e-004
    outer loop
      vertex   -2.819058e+001 1.779850e+001 2.500000e+000
      vertex   -2.830588e+001 1.788445e+001 2.500000e+000
      vertex   -2.819204e+001 1.779934e+001 5.500000e+000
    endloop
  endfacet
  facet normal 0.000000e+000 0.000000e+000 3.942797e-002
    outer loop
      vertex   -2.165042e+001 1.363942e+001 5.500000e+000
      vertex   -2.793085e+001 1.767976e+001 5.500000e+000
      vertex   -2.806514e+001 1.773048e+001 5.500000e+000
    endloop
  endfacet
  facet normal 1.688758e-001 4.471133e-001 -1.402553e-004
    outer loop
      vertex   -2.806519e+001 1.772956e+001 2.500000e+000
      vertex   -2.806514e+001 1.773048e+001 5.500000e+000
      vertex   -2.793085e+001 1.767976e+001 5.500000e+000
    endloop
  endfacet
  facet normal 4.817928e+000 8.762852e+000 -2.774595e-003
    outer loop
      vertex   -2.806519e+001 1.772956e+001 2.500000e+000
      vertex   -2.819058e+001 1.779850e+001 2.500000e+000
      vertex   -2.806514e+001 1.773048e+001 5.500000e+000
    endloop
  endfacet
  facet normal 0.000000e+000 0.000000e+000 6.687032e-002
    outer loop
      vertex   -2.165042e+001 1.363942e+001 5.500000e+000
      vertex   -2.779411e+001 1.765013e+001 5.500000e+000
      vertex   -2.793085e+001 1.767976e+001 5.500000e+000
    endloop
  endfacet
  facet normal 9.865820e-002 4.552940e-001 4.639004e-005
    outer loop
      vertex   -2.793294e+001 1.768052e+001 2.500000e+000
      vertex   -2.793085e+001 1.767976e+001 5.500000e+000
      vertex   -2.779411e+001 1.765013e+001 5.500000e+000
    endloop
  endfacet
  facet normal 3.476811e+000 9.376125e+000 -4.955920e-005
    outer loop
      vertex   -2.793294e+001 1.768052e+001 2.500000e+000
      vertex   -2.806519e+001 1.772956e+001 2.500000e+000
      vertex   -2.793085e+001 1.767976e+001 5.500000e+000
    endloop
  endfacet
  facet normal 0.000000e+000 0.000000e+000 9.756855e-002
    outer loop
      vertex   -2.165042e+001 1.363942e+001 5.500000e+000
      vertex   -2.765042e+001 1.764036e+001 5.500000e+000
      vertex   -2.779411e+001 1.765013e+001 5.500000e+000
    endloop
  endfacet
  facet normal 3.254522e-002 4.784317e-001 -2.360464e-006
    outer loop
      vertex   -2.779203e+001 1.764997e+001 2.500000e+000
      vertex   -2.779411e+001 1.765013e+001 5.500000e+000
      vertex   -2.765042e+001 1.764036e+001 5.500000e+000
    endloop
  endfacet
  facet normal 2.118494e+000 9.773021e+000 9.603466e-004
    outer loop
      vertex   -2.779203e+001 1.764997e+001 2.500000e+000
      vertex   -2.793294e+001 1.768052e+001 2.500000e+000
      vertex   -2.779411e+001 1.765013e+001 5.500000e+000
    endloop
  endfacet
  facet normal 0.000000e+000 0.000000e+000 1.237668e-001
    outer loop
      vertex   -2.165042e+001 1.363942e+001 5.500000e+000
      vertex   -2.750673e+001 1.765013e+001 5.500000e+000
      vertex   -2.765042e+001 1.764036e+001 5.500000e+000
    endloop
  endfacet
  facet normal -3.254412e-002 4.784155e-001 -1.491138e-004
    outer loop
      vertex   -2.765042e+001 1.763942e+001 2.500000e+000
      vertex   -2.765042e+001 1.764036e+001 5.500000e+000
      vertex   -2.750673e+001 1.765013e+001 5.500000e+000
    endloop
  endfacet
  facet normal 7.431723e-001 9.972345e+000 -3.108207e-003
    outer loop
      vertex   -2.765042e+001 1.763942e+001 2.500000e+000
      vertex   -2.779203e+001 1.764997e+001 2.500000e+000
      vertex   -2.765042e+001 1.764036e+001 5.500000e+000
    endloop
  endfacet
  facet normal 0.000000e+000 0.000000e+000 1.452464e-001
    outer loop
      vertex   -2.165042e+001 1.363942e+001 5.500000e+000
      vertex   -2.736999e+001 1.767976e+001 5.500000e+000
      vertex   -2.750673e+001 1.765013e+001 5.500000e+000
    endloop
  endfacet
  facet normal -9.865841e-002 4.552929e-001 4.471494e-005
    outer loop
      vertex   -2.750881e+001 1.764997e+001 2.500000e+000
      vertex   -2.750673e+001 1.765013e+001 5.500000e+000
      vertex   -2.736999e+001 1.767976e+001 5.500000e+000
    endloop
  endfacet
  facet normal -7.431722e-001 9.972344e+000 -4.239191e-006
    outer loop
      vertex   -2.750881e+001 1.764997e+001 2.500000e+000
      vertex   -2.765042e+001 1.763942e+001 2.500000e+000
      vertex   -2.750673e+001 1.765013e+001 5.500000e+000
    endloop
  endfacet
  facet normal 0.000000e+000 0.000000e+000 1.717477e-001
    outer loop
      vertex   -2.165042e+001 1.363942e+001 5.500000e+000
      vertex   -2.723571e+001 1.773048e+001 5.500000e+000
      vertex   -2.736999e+001 1.767976e+001 5.500000e+000
    endloop
  endfacet
  facet normal -1.688810e-001 4.471269e-001 -4.504787e-006
    outer loop
      vertex   -2.736791e+001 1.768052e+001 2.500000e+000
      vertex   -2.736999e+001 1.767976e+001 5.500000e+000
      vertex   -2.723571e+001 1.773048e+001 5.500000e+000
    endloop
  endfacet
  facet normal -2.118502e+000 9.773019e+000 9.952371e-004
    outer loop
      vertex   -2.736791e+001 1.768052e+001 2.500000e+000
      vertex   -2.750881e+001 1.764997e+001 2.500000e+000
      vertex   -2.736999e+001 1.767976e+001 5.500000e+000
    endloop
  endfacet
  facet normal 0.000000e+000 0.000000e+000 1.902130e-001
    outer loop
      vertex   -2.165042e+001 1.363942e+001 5.500000e+000
      vertex   -2.710880e+001 1.779934e+001 5.500000e+000
      vertex   -2.723571e+001 1.773048e+001 5.500000e+000
    endloop
  endfacet
  facet normal -2.292716e-001 4.225125e-001 -1.337745e-004
    outer loop
      vertex   -2.723565e+001 1.772956e+001 2.500000e+000
      vertex   -2.723571e+001 1.773048e+001 5.500000e+000
      vertex   -2.710880e+001 1.779934e+001 5.500000e+000
    endloop
  endfacet
  facet normal -3.476798e+000 9.376133e+000 -2.940793e-003
    outer loop
      vertex   -2.723565e+001 1.772956e+001 2.500000e+000
      vertex   -2.736791e+001 1.768052e+001 2.500000e+000
      vertex   -2.723571e+001 1.773048e+001 5.500000e+000
    endloop
  endfacet
  facet normal 0.000000e+000 0.000000e+000 1.973989e-001
    outer loop
      vertex   -2.165042e+001 1.363942e+001 5.500000e+000
      vertex   -2.699640e+001 1.788308e+001 5.500000e+000
      vertex   -2.710880e+001 1.779934e+001 5.500000e+000
    endloop
  endfacet
  facet normal -2.788150e-001 3.742665e-001 3.070112e-005
    outer loop
      vertex   -2.711027e+001 1.779850e+001 2.500000e+000
      vertex   -2.710880e+001 1.779934e+001 5.500000e+000
      vertex   -2.699640e+001 1.788308e+001 5.500000e+000
    endloop
  endfacet
  facet normal -4.817927e+000 8.762850e+000 -1.163178e-004
    outer loop
      vertex   -2.711027e+001 1.779850e+001 2.500000e+000
      vertex   -2.723565e+001 1.772956e+001 2.500000e+000
      vertex   -2.710880e+001 1.779934e+001 5.500000e+000
    endloop
  endfacet
  facet normal 0.000000e+000 0.000000e+000 2.086088e-001
    outer loop
      vertex   -2.165042e+001 1.363942e+001 5.500000e+000
      vertex   -2.689578e+001 1.798462e+001 5.500000e+000
      vertex   -2.699640e+001 1.788308e+001 5.500000e+000
    endloop
  endfacet
  facet normal -3.380990e-001 3.350395e-001 -9.152188e-006
    outer loop
      vertex   -2.699496e+001 1.788445e+001 2.500000e+000
      vertex   -2.699640e+001 1.788308e+001 5.500000e+000
      vertex   -2.689578e+001 1.798462e+001 5.500000e+000
    endloop
  endfacet
  facet normal -5.976405e+000 8.017639e+000 7.925936e-004
    outer loop
      vertex   -2.699496e+001 1.788445e+001 2.500000e+000
      vertex   -2.711027e+001 1.779850e+001 2.500000e+000
      vertex   -2.699640e+001 1.788308e+001 5.500000e+000
    endloop
  endfacet
  facet normal 0.000000e+000 0.000000e+000 2.118207e-001
    outer loop
      vertex   -2.165042e+001 1.363942e+001 5.500000e+000
      vertex   -2.680892e+001 1.810026e+001 5.500000e+000
      vertex   -2.689578e+001 1.798462e+001 5.500000e+000
    endloop
  endfacet
  facet normal -3.849942e-001 2.891842e-001 -1.056239e-004
    outer loop
      vertex   -2.689545e+001 1.798396e+001 2.500000e+000
      vertex   -2.689578e+001 1.798462e+001 5.500000e+000
      vertex   -2.680892e+001 1.810026e+001 5.500000e+000
    endloop
  endfacet
  facet normal -7.071068e+000 7.071068e+000 -2.328086e-003
    outer loop
      vertex   -2.689545e+001 1.798396e+001 2.500000e+000
      vertex   -2.699496e+001 1.788445e+001 2.500000e+000
      vertex   -2.689578e+001 1.798462e+001 5.500000e+000
    endloop
  endfacet
  facet normal 0.000000e+000 0.000000e+000 2.007416e-001
    outer loop
      vertex   -2.165042e+001 1.363942e+001 5.500000e+000
      vertex   -2.674108e+001 1.822339e+001 5.500000e+000
      vertex   -2.680892e+001 1.810026e+001 5.500000e+000
    endloop
  endfacet
  facet normal -4.100062e-001 2.258722e-001 4.892367e-006
    outer loop
      vertex   -2.680950e+001 1.809927e+001 2.500000e+000
      vertex   -2.680892e+001 1.810026e+001 5.500000e+000
      vertex   -2.674108e+001 1.822339e+001 5.500000e+000
    endloop
  endfacet
  facet normal -8.017637e+000 5.976410e+000 -4.183622e-004
    outer loop
      vertex   -2.680950e+001 1.809927e+001 2.500000e+000
      vertex   -2.689545e+001 1.798396e+001 2.500000e+000
      vertex   -2.680892e+001 1.810026e+001 5.500000e+000
    endloop
  endfacet
  facet normal 0.000000e+000 0.000000e+000 1.867367e-001
    outer loop
      vertex   -2.165042e+001 1.363942e+001 5.500000e+000
      vertex   -2.669280e+001 1.835337e+001 5.500000e+000
      vertex   -2.674108e+001 1.822339e+001 5.500000e+000
    endloop
  endfacet
  facet normal -4.327976e-001 1.607841e-001 -7.634653e-006
    outer loop
      vertex   -2.674056e+001 1.822465e+001 2.500000e+000
      vertex   -2.674108e+001 1.822339e+001 5.500000e+000
      vertex   -2.669280e+001 1.835337e+001 5.500000e+000
    endloop
  endfacet
  facet normal -8.762864e+000 4.817902e+000 4.999090e-004
    outer loop
      vertex   -2.674056e+001 1.822465e+001 2.500000e+000
      vertex   -2.680950e+001 1.809927e+001 2.500000e+000
      vertex   -2.674108e+001 1.822339e+001 5.500000e+000
    endloop
  endfacet
  facet normal 0.000000e+000 0.000000e+000 1.747890e-001
    outer loop
      vertex   -2.165042e+001 1.363942e+001 5.500000e+000
      vertex   -2.666258e+001 1.849205e+001 5.500000e+000
      vertex   -2.669280e+001 1.835337e+001 5.500000e+000
    endloop
  endfacet
  facet normal -4.617500e-001 1.006226e-001 -8.240480e-005
    outer loop
      vertex   -2.669184e+001 1.835533e+001 2.500000e+000
      vertex   -2.669280e+001 1.835337e+001 5.500000e+000
      vertex   -2.666258e+001 1.849205e+001 5.500000e+000
    endloop
  endfacet
  facet normal -9.369772e+000 3.493899e+000 -7.245267e-004
    outer loop
      vertex   -2.669184e+001 1.835533e+001 2.500000e+000
      vertex   -2.674056e+001 1.822465e+001 2.500000e+000
      vertex   -2.669280e+001 1.835337e+001 5.500000e+000
    endloop
  endfacet
  facet normal -9.772309e+000 2.121775e+000 -1.390103e-003
    outer loop
      vertex   -2.666183e+001 1.849352e+001 2.500000e+000
      vertex   -2.669184e+001 1.835533e+001 2.500000e+000
      vertex   -2.666258e+001 1.849205e+001 5.500000e+000
    endloop
  endfacet
  facet normal -7.947718e+000 -6.088597e-001 0.000000e+000
    outer loop
      vertex   -3.015042e+001 1.863942e+001 5.100000e+000
      vertex   -3.015042e+001 1.863942e+001 5.500000e+000
      vertex   -3.019076e+001 1.916589e+001 5.500000e+000
    endloop
  endfacet
  facet normal 0.000000e+000 0.000000e+000 4.918907e-001
    outer loop
      vertex   -2.165042e+001 1.363942e+001 5.500000e+000
      vertex   -3.015042e+001 1.863942e+001 5.500000e+000
      vertex   -3.019076e+001 1.811295e+001 5.500000e+000
    endloop
  endfacet
  facet normal -7.930439e+000 6.075359e-001 9.286751e-003
    outer loop
      vertex   -3.019136e+001 1.811119e+001 5.100000e+000
      vertex   -3.019076e+001 1.811295e+001 5.500000e+000
      vertex   -3.015042e+001 1.863942e+001 5.500000e+000
    endloop
  endfacet
  facet normal -6.007391e+000 4.655419e-001 6.938894e-017
    outer loop
      vertex   -3.019136e+001 1.811119e+001 5.100000e+000
      vertex   -3.015042e+001 1.863942e+001 5.500000e+000
      vertex   -3.015042e+001 1.863942e+001 5.100000e+000
    endloop
  endfacet
  facet normal -7.731798e+000 -1.762228e+000 3.908132e-003
    outer loop
      vertex   -3.019136e+001 1.916765e+001 5.100000e+000
      vertex   -3.019076e+001 1.916589e+001 5.500000e+000
      vertex   -3.030577e+001 1.967053e+001 5.500000e+000
    endloop
  endfacet
  facet normal -9.969999e+000 -7.726237e-001 1.163624e-002
    outer loop
      vertex   -3.019136e+001 1.916765e+001 5.100000e+000
      vertex   -3.015042e+001 1.863942e+001 5.100000e+000
      vertex   -3.019076e+001 1.916589e+001 5.500000e+000
    endloop
  endfacet
  facet normal -7.409584e+000 -2.916130e+000 -2.282800e-003
    outer loop
      vertex   -3.030618e+001 1.967188e+001 5.100000e+000
      vertex   -3.030577e+001 1.967053e+001 5.500000e+000
      vertex   -3.049771e+001 2.015822e+001 5.500000e+000
    endloop
  endfacet
  facet normal -5.975734e+000 -1.360783e+000 1.506956e-003
    outer loop
      vertex   -3.019136e+001 1.916765e+001 5.100000e+000
      vertex   -3.030577e+001 1.967053e+001 5.500000e+000
      vertex   -3.030618e+001 1.967188e+001 5.100000e+000
    endloop
  endfacet
  facet normal -6.866965e+000 -3.956057e+000 6.386539e-003
    outer loop
      vertex   -3.049744e+001 2.015711e+001 5.100000e+000
      vertex   -3.049771e+001 2.015822e+001 5.500000e+000
      vertex   -3.075811e+001 2.061022e+001 5.500000e+000
    endloop
  endfacet
  facet normal -5.653928e+000 -2.228578e+000 2.400450e-003
    outer loop
      vertex   -3.030618e+001 1.967188e+001 5.100000e+000
      vertex   -3.049771e+001 2.015822e+001 5.500000e+000
      vertex   -3.049744e+001 2.015711e+001 5.100000e+000
    endloop
  endfacet
  facet normal -6.230630e+000 -4.976598e+000 -2.737481e-003
    outer loop
      vertex   -3.075938e+001 2.061203e+001 5.100000e+000
      vertex   -3.075811e+001 2.061022e+001 5.500000e+000
      vertex   -3.108562e+001 2.102026e+001 5.500000e+000
    endloop
  endfacet
  facet normal -5.266378e+000 -3.032281e+000 2.996655e-003
    outer loop
      vertex   -3.049744e+001 2.015711e+001 5.100000e+000
      vertex   -3.075811e+001 2.061022e+001 5.500000e+000
      vertex   -3.075938e+001 2.061203e+001 5.100000e+000
    endloop
  endfacet
  facet normal 0.000000e+000 0.000000e+000 7.808620e-002
    outer loop
      vertex   -3.365042e+001 2.363942e+001 5.500000e+000
      vertex   -3.146736e+001 2.137499e+001 5.500000e+000
      vertex   -3.108562e+001 2.102026e+001 5.500000e+000
    endloop
  endfacet
  facet normal -5.388170e+000 -5.798511e+000 7.023809e-003
    outer loop
      vertex   -3.108456e+001 2.101880e+001 5.100000e+000
      vertex   -3.108562e+001 2.102026e+001 5.500000e+000
      vertex   -3.146736e+001 2.137499e+001 5.500000e+000
    endloop
  endfacet
  facet normal -4.747541e+000 -3.795399e+000 1.374097e-003
    outer loop
      vertex   -3.075938e+001 2.061203e+001 5.100000e+000
      vertex   -3.108562e+001 2.102026e+001 5.500000e+000
      vertex   -3.108456e+001 2.101880e+001 5.100000e+000
    endloop
  endfacet
  facet normal 0.000000e+000 0.000000e+000 4.076725e-001
    outer loop
      vertex   -3.365042e+001 2.363942e+001 5.500000e+000
      vertex   -3.190152e+001 2.167065e+001 5.500000e+000
      vertex   -3.146736e+001 2.137499e+001 5.500000e+000
    endloop
  endfacet
  facet normal -4.492993e+000 -6.597682e+000 -2.971528e-003
    outer loop
      vertex   -3.146957e+001 2.137667e+001 5.100000e+000
      vertex   -3.146736e+001 2.137499e+001 5.500000e+000
      vertex   -3.190152e+001 2.167065e+001 5.500000e+000
    endloop
  endfacet
  facet normal -4.136673e+000 -4.450255e+000 4.101300e-003
    outer loop
      vertex   -3.108456e+001 2.101880e+001 5.100000e+000
      vertex   -3.146736e+001 2.137499e+001 5.500000e+000
      vertex   -3.146957e+001 2.137667e+001 5.100000e+000
    endloop
  endfacet
  facet normal 0.000000e+000 0.000000e+000 9.272902e-001
    outer loop
      vertex   -3.365042e+001 2.363942e+001 5.500000e+000
      vertex   -3.237059e+001 2.189681e+001 5.500000e+000
      vertex   -3.190152e+001 2.167065e+001 5.500000e+000
    endloop
  endfacet
  facet normal -3.434471e+000 -7.123239e+000 7.371435e-003
    outer loop
      vertex   -3.189957e+001 2.166929e+001 5.100000e+000
      vertex   -3.190152e+001 2.167065e+001 5.500000e+000
      vertex   -3.237059e+001 2.189681e+001 5.500000e+000
    endloop
  endfacet
  facet normal -3.419925e+000 -5.025496e+000 3.449717e-004
    outer loop
      vertex   -3.146957e+001 2.137667e+001 5.100000e+000
      vertex   -3.190152e+001 2.167065e+001 5.500000e+000
      vertex   -3.189957e+001 2.166929e+001 5.100000e+000
    endloop
  endfacet
  facet normal 0.000000e+000 0.000000e+000 1.771436e+000
    outer loop
      vertex   -3.365042e+001 2.363942e+001 5.500000e+000
      vertex   -3.287284e+001 2.205158e+001 5.500000e+000
      vertex   -3.237059e+001 2.189681e+001 5.500000e+000
    endloop
  endfacet
  facet normal -2.351885e+000 -7.632199e+000 -2.653608e-003
    outer loop
      vertex   -3.237346e+001 2.189783e+001 5.100000e+000
      vertex   -3.237059e+001 2.189681e+001 5.500000e+000
      vertex   -3.287284e+001 2.205158e+001 5.500000e+000
    endloop
  endfacet
  facet normal -2.638636e+000 -5.471316e+000 4.909334e-003
    outer loop
      vertex   -3.189957e+001 2.166929e+001 5.100000e+000
      vertex   -3.237059e+001 2.189681e+001 5.500000e+000
      vertex   -3.237346e+001 2.189783e+001 5.100000e+000
    endloop
  endfacet
  facet normal 0.000000e+000 0.000000e+000 2.793024e+000
    outer loop
      vertex   -3.365042e+001 2.363942e+001 5.500000e+000
      vertex   -3.338760e+001 2.212925e+001 5.500000e+000
      vertex   -3.287284e+001 2.205158e+001 5.500000e+000
    endloop
  endfacet
  facet normal -1.179109e+000 -7.814401e+000 7.390305e-003
    outer loop
      vertex   -3.287016e+001 2.205080e+001 5.100000e+000
      vertex   -3.287284e+001 2.205158e+001 5.500000e+000
      vertex   -3.338760e+001 2.212925e+001 5.500000e+000
    endloop
  endfacet
  facet normal -1.789038e+000 -5.809313e+000 -6.230569e-004
    outer loop
      vertex   -3.237346e+001 2.189783e+001 5.100000e+000
      vertex   -3.287284e+001 2.205158e+001 5.500000e+000
      vertex   -3.287016e+001 2.205080e+001 5.100000e+000
    endloop
  endfacet
  facet normal 0.000000e+000 0.000000e+000 3.378444e+000
    outer loop
      vertex   -3.365042e+001 2.363942e+001 5.500000e+000
      vertex   -3.391325e+001 2.212925e+001 5.500000e+000
      vertex   -3.338760e+001 2.212925e+001 5.500000e+000
    endloop
  endfacet
  facet normal -2.710505e-019 -7.986830e+000 -1.892307e-003
    outer loop
      vertex   -3.339063e+001 2.212935e+001 5.100000e+000
      vertex   -3.338760e+001 2.212925e+001 5.500000e+000
      vertex   -3.391325e+001 2.212925e+001 5.500000e+000
    endloop
  endfacet
  facet normal -9.062087e-001 -6.004539e+000 5.435559e-003
    outer loop
      vertex   -3.287016e+001 2.205080e+001 5.100000e+000
      vertex   -3.338760e+001 2.212925e+001 5.500000e+000
      vertex   -3.339063e+001 2.212935e+001 5.100000e+000
    endloop
  endfacet
  facet normal 0.000000e+000 0.000000e+000 3.335522e+000
    outer loop
      vertex   -3.428429e+001 2.359819e+001 5.500000e+000
      vertex   -3.442800e+001 2.205158e+001 5.500000e+000
      vertex   -3.391325e+001 2.212925e+001 5.500000e+000
    endloop
  endfacet
  facet normal 1.178764e+000 -7.812114e+000 7.070055e-003
    outer loop
      vertex   -3.391022e+001 2.212935e+001 5.100000e+000
      vertex   -3.391325e+001 2.212925e+001 5.500000e+000
      vertex   -3.442800e+001 2.205158e+001 5.500000e+000
    endloop
  endfacet
  facet normal 0.000000e+000 0.000000e+000 9.719834e+000
    outer loop
      vertex   -3.365042e+001 2.363942e+001 5.500000e+000
      vertex   -3.428429e+001 2.359819e+001 5.500000e+000
      vertex   -3.391325e+001 2.212925e+001 5.500000e+000
    endloop
  endfacet
  facet normal -0.000000e+000 -6.077790e+000 -1.440001e-003
    outer loop
      vertex   -3.339063e+001 2.212935e+001 5.100000e+000
      vertex   -3.391325e+001 2.212925e+001 5.500000e+000
      vertex   -3.391022e+001 2.212935e+001 5.100000e+000
    endloop
  endfacet
  facet normal 0.000000e+000 0.000000e+000 3.314764e+000
    outer loop
      vertex   -3.489607e+001 2.348171e+001 5.500000e+000
      vertex   -3.493025e+001 2.189681e+001 5.500000e+000
      vertex   -3.442800e+001 2.205158e+001 5.500000e+000
    endloop
  endfacet
  facet normal 2.351212e+000 -7.630017e+000 -8.281806e-004
    outer loop
      vertex   -3.443068e+001 2.205080e+001 5.100000e+000
      vertex   -3.442800e+001 2.205158e+001 5.500000e+000
      vertex   -3.493025e+001 2.189681e+001 5.500000e+000
    endloop
  endfacet
  facet normal 0.000000e+000 0.000000e+000 9.608366e+000
    outer loop
      vertex   -3.428429e+001 2.359819e+001 5.500000e+000
      vertex   -3.489607e+001 2.348171e+001 5.500000e+000
      vertex   -3.442800e+001 2.205158e+001 5.500000e+000
    endloop
  endfacet
  facet normal 9.059474e-001 -6.002808e+000 5.675769e-003
    outer loop
      vertex   -3.391022e+001 2.212935e+001 5.100000e+000
      vertex   -3.442800e+001 2.205158e+001 5.500000e+000
      vertex   -3.443068e+001 2.205080e+001 5.100000e+000
    endloop
  endfacet
  facet normal 0.000000e+000 0.000000e+000 3.206926e+000
    outer loop
      vertex   -3.548941e+001 2.328832e+001 5.500000e+000
      vertex   -3.539933e+001 2.167065e+001 5.500000e+000
      vertex   -3.493025e+001 2.189681e+001 5.500000e+000
    endloop
  endfacet
  facet normal 3.431630e+000 -7.117347e+000 6.380348e-003
    outer loop
      vertex   -3.492739e+001 2.189783e+001 5.100000e+000
      vertex   -3.493025e+001 2.189681e+001 5.500000e+000
      vertex   -3.539933e+001 2.167065e+001 5.500000e+000
    endloop
  endfacet
  facet normal 0.000000e+000 0.000000e+000 9.438689e+000
    outer loop
      vertex   -3.489607e+001 2.348171e+001 5.500000e+000
      vertex   -3.548941e+001 2.328832e+001 5.500000e+000
      vertex   -3.493025e+001 2.189681e+001 5.500000e+000
    endloop
  endfacet
  facet normal 1.788519e+000 -5.807627e+000 -2.027227e-003
    outer loop
      vertex   -3.443068e+001 2.205080e+001 5.100000e+000
      vertex   -3.493025e+001 2.189681e+001 5.500000e+000
      vertex   -3.492739e+001 2.189783e+001 5.100000e+000
    endloop
  endfacet
  facet normal 0.000000e+000 0.000000e+000 2.314382e+000
    outer loop
      vertex   -3.548941e+001 2.328832e+001 5.500000e+000
      vertex   -3.583349e+001 2.137499e+001 5.500000e+000
      vertex   -3.539933e+001 2.167065e+001 5.500000e+000
    endloop
  endfacet
  facet normal 4.490850e+000 -6.594536e+000 4.372387e-004
    outer loop
      vertex   -3.540128e+001 2.166929e+001 5.100000e+000
      vertex   -3.539933e+001 2.167065e+001 5.500000e+000
      vertex   -3.583349e+001 2.137499e+001 5.500000e+000
    endloop
  endfacet
  facet normal 2.636483e+000 -5.466853e+000 5.654225e-003
    outer loop
      vertex   -3.492739e+001 2.189783e+001 5.100000e+000
      vertex   -3.539933e+001 2.167065e+001 5.500000e+000
      vertex   -3.540128e+001 2.166929e+001 5.100000e+000
    endloop
  endfacet
  facet normal 0.000000e+000 0.000000e+000 2.127632e+000
    outer loop
      vertex   -3.606062e+001 2.301970e+001 5.500000e+000
      vertex   -3.621523e+001 2.102026e+001 5.500000e+000
      vertex   -3.583349e+001 2.137499e+001 5.500000e+000
    endloop
  endfacet
  facet normal 5.381653e+000 -5.791497e+000 5.327693e-003
    outer loop
      vertex   -3.583128e+001 2.137667e+001 5.100000e+000
      vertex   -3.583349e+001 2.137499e+001 5.500000e+000
      vertex   -3.621523e+001 2.102026e+001 5.500000e+000
    endloop
  endfacet
  facet normal 0.000000e+000 0.000000e+000 8.153231e+000
    outer loop
      vertex   -3.548941e+001 2.328832e+001 5.500000e+000
      vertex   -3.606062e+001 2.301970e+001 5.500000e+000
      vertex   -3.583349e+001 2.137499e+001 5.500000e+000
    endloop
  endfacet
  facet normal 3.418272e+000 -5.023067e+000 -2.275665e-003
    outer loop
      vertex   -3.540128e+001 2.166929e+001 5.100000e+000
      vertex   -3.583349e+001 2.137499e+001 5.500000e+000
      vertex   -3.583128e+001 2.137667e+001 5.100000e+000
    endloop
  endfacet
  facet normal 0.000000e+000 0.000000e+000 1.971052e+000
    outer loop
      vertex   -3.658765e+001 2.268535e+001 5.500000e+000
      vertex   -3.654274e+001 2.061022e+001 5.500000e+000
      vertex   -3.621523e+001 2.102026e+001 5.500000e+000
    endloop
  endfacet
  facet normal 6.227647e+000 -4.974216e+000 1.786191e-003
    outer loop
      vertex   -3.621629e+001 2.101880e+001 5.100000e+000
      vertex   -3.621523e+001 2.102026e+001 5.500000e+000
      vertex   -3.654274e+001 2.061022e+001 5.500000e+000
    endloop
  endfacet
  facet normal 0.000000e+000 0.000000e+000 8.005954e+000
    outer loop
      vertex   -3.606062e+001 2.301970e+001 5.500000e+000
      vertex   -3.658765e+001 2.268535e+001 5.500000e+000
      vertex   -3.621523e+001 2.102026e+001 5.500000e+000
    endloop
  endfacet
  facet normal 4.131726e+000 -4.444933e+000 5.380651e-003
    outer loop
      vertex   -3.583128e+001 2.137667e+001 5.100000e+000
      vertex   -3.621523e+001 2.102026e+001 5.500000e+000
      vertex   -3.621629e+001 2.101880e+001 5.100000e+000
    endloop
  endfacet
  facet normal 0.000000e+000 0.000000e+000 1.065005e+000
    outer loop
      vertex   -3.658765e+001 2.268535e+001 5.500000e+000
      vertex   -3.680314e+001 2.015822e+001 5.500000e+000
      vertex   -3.654274e+001 2.061022e+001 5.500000e+000
    endloop
  endfacet
  facet normal 6.857747e+000 -3.950747e+000 3.892285e-003
    outer loop
      vertex   -3.654147e+001 2.061203e+001 5.100000e+000
      vertex   -3.654274e+001 2.061022e+001 5.500000e+000
      vertex   -3.680314e+001 2.015822e+001 5.500000e+000
    endloop
  endfacet
  facet normal 4.745244e+000 -3.793563e+000 -2.100190e-003
    outer loop
      vertex   -3.621629e+001 2.101880e+001 5.100000e+000
      vertex   -3.654274e+001 2.061022e+001 5.500000e+000
      vertex   -3.654147e+001 2.061203e+001 5.100000e+000
    endloop
  endfacet
  facet normal 0.000000e+000 0.000000e+000 9.641602e-001
    outer loop
      vertex   -3.707363e+001 2.228292e+001 5.500000e+000
      vertex   -3.699508e+001 1.967053e+001 5.500000e+000
      vertex   -3.680314e+001 2.015822e+001 5.500000e+000
    endloop
  endfacet
  facet normal 7.407145e+000 -2.915170e+000 3.132401e-003
    outer loop
      vertex   -3.680341e+001 2.015711e+001 5.100000e+000
      vertex   -3.680314e+001 2.015822e+001 5.500000e+000
      vertex   -3.699508e+001 1.967053e+001 5.500000e+000
    endloop
  endfacet
  facet normal 0.000000e+000 0.000000e+000 7.132358e+000
    outer loop
      vertex   -3.658765e+001 2.268535e+001 5.500000e+000
      vertex   -3.707363e+001 2.228292e+001 5.500000e+000
      vertex   -3.680314e+001 2.015822e+001 5.500000e+000
    endloop
  endfacet
  facet normal 5.259368e+000 -3.028245e+000 4.886756e-003
    outer loop
      vertex   -3.654147e+001 2.061203e+001 5.100000e+000
      vertex   -3.680314e+001 2.015822e+001 5.500000e+000
      vertex   -3.680341e+001 2.015711e+001 5.100000e+000
    endloop
  endfacet
  facet normal 0.000000e+000 0.000000e+000 4.174556e-001
    outer loop
      vertex   -3.707363e+001 2.228292e+001 5.500000e+000
      vertex   -3.711009e+001 1.916589e+001 5.500000e+000
      vertex   -3.699508e+001 1.967053e+001 5.500000e+000
    endloop
  endfacet
  facet normal 7.701421e+000 -1.755305e+000 1.936897e-003
    outer loop
      vertex   -3.699467e+001 1.967188e+001 5.100000e+000
      vertex   -3.699508e+001 1.967053e+001 5.500000e+000
      vertex   -3.711009e+001 1.916589e+001 5.500000e+000
    endloop
  endfacet
  facet normal 5.652055e+000 -2.227839e+000 -1.752833e-003
    outer loop
      vertex   -3.680341e+001 2.015711e+001 5.100000e+000
      vertex   -3.699508e+001 1.967053e+001 5.500000e+000
      vertex   -3.699467e+001 1.967188e+001 5.100000e+000
    endloop
  endfacet
  facet normal 0.000000e+000 0.000000e+000 3.636351e-001
    outer loop
      vertex   -3.750217e+001 2.182742e+001 5.500000e+000
      vertex   -3.715042e+001 1.863942e+001 5.500000e+000
      vertex   -3.711009e+001 1.916589e+001 5.500000e+000
    endloop
  endfacet
  facet normal 7.930439e+000 -6.075359e-001 9.286751e-003
    outer loop
      vertex   -3.710949e+001 1.916765e+001 5.100000e+000
      vertex   -3.711009e+001 1.916589e+001 5.500000e+000
      vertex   -3.715042e+001 1.863942e+001 5.500000e+000
    endloop
  endfacet
  facet normal 0.000000e+000 0.000000e+000 6.766630e+000
    outer loop
      vertex   -3.707363e+001 2.228292e+001 5.500000e+000
      vertex   -3.750217e+001 2.182742e+001 5.500000e+000
      vertex   -3.711009e+001 1.916589e+001 5.500000e+000
    endloop
  endfacet
  facet normal 5.952229e+000 -1.355430e+000 3.013902e-003
    outer loop
      vertex   -3.699467e+001 1.967188e+001 5.100000e+000
      vertex   -3.711009e+001 1.916589e+001 5.500000e+000
      vertex   -3.710949e+001 1.916765e+001 5.100000e+000
    endloop
  endfacet
  facet normal 0.000000e+000 0.000000e+000 9.376560e-002
    outer loop
      vertex   -3.707363e+001 1.499592e+001 5.500000e+000
      vertex   -3.711009e+001 1.811295e+001 5.500000e+000
      vertex   -3.715042e+001 1.863942e+001 5.500000e+000
    endloop
  endfacet
  facet normal 7.947718e+000 6.088597e-001 0.000000e+000
    outer loop
      vertex   -3.715042e+001 1.863942e+001 5.100000e+000
      vertex   -3.715042e+001 1.863942e+001 5.500000e+000
      vertex   -3.711009e+001 1.811295e+001 5.500000e+000
    endloop
  endfacet
  facet normal 0.000000e+000 0.000000e+000 4.722489e-001
    outer loop
      vertex   -3.750217e+001 2.182742e+001 5.500000e+000
      vertex   -3.707363e+001 1.499592e+001 5.500000e+000
      vertex   -3.715042e+001 1.863942e+001 5.500000e+000
    endloop
  endfacet
  facet normal 6.007391e+000 -4.655419e-001 6.938894e-017
    outer loop
      vertex   -3.710949e+001 1.916765e+001 5.100000e+000
      vertex   -3.715042e+001 1.863942e+001 5.500000e+000
      vertex   -3.715042e+001 1.863942e+001 5.100000e+000
    endloop
  endfacet
  facet normal 0.000000e+000 0.000000e+000 4.174556e-001
    outer loop
      vertex   -3.707363e+001 1.499592e+001 5.500000e+000
      vertex   -3.699508e+001 1.760831e+001 5.500000e+000
      vertex   -3.711009e+001 1.811295e+001 5.500000e+000
    endloop
  endfacet
  facet normal 7.731798e+000 1.762228e+000 3.908132e-003
    outer loop
      vertex   -3.710949e+001 1.811119e+001 5.100000e+000
      vertex   -3.711009e+001 1.811295e+001 5.500000e+000
      vertex   -3.699508e+001 1.760831e+001 5.500000e+000
    endloop
  endfacet
  facet normal 6.020415e+000 4.665512e-001 7.026582e-003
    outer loop
      vertex   -3.715042e+001 1.863942e+001 5.100000e+000
      vertex   -3.711009e+001 1.811295e+001 5.500000e+000
      vertex   -3.710949e+001 1.811119e+001 5.100000e+000
    endloop
  endfacet
  facet normal 0.000000e+000 0.000000e+000 4.924296e-001
    outer loop
      vertex   -3.658765e+001 1.459349e+001 5.500000e+000
      vertex   -3.680314e+001 1.712062e+001 5.500000e+000
      vertex   -3.699508e+001 1.760831e+001 5.500000e+000
    endloop
  endfacet
  facet normal 7.409584e+000 2.916130e+000 -2.282800e-003
    outer loop
      vertex   -3.699467e+001 1.760696e+001 5.100000e+000
      vertex   -3.699508e+001 1.760831e+001 5.500000e+000
      vertex   -3.680314e+001 1.712062e+001 5.500000e+000
    endloop
  endfacet
  facet normal 0.000000e+000 0.000000e+000 7.890297e+000
    outer loop
      vertex   -3.707363e+001 1.499592e+001 5.500000e+000
      vertex   -3.658765e+001 1.459349e+001 5.500000e+000
      vertex   -3.699508e+001 1.760831e+001 5.500000e+000
    endloop
  endfacet
  facet normal 5.975734e+000 1.360783e+000 1.506956e-003
    outer loop
      vertex   -3.710949e+001 1.811119e+001 5.100000e+000
      vertex   -3.699508e+001 1.760831e+001 5.500000e+000
      vertex   -3.699467e+001 1.760696e+001 5.100000e+000
    endloop
  endfacet
  facet normal 0.000000e+000 0.000000e+000 1.065005e+000
    outer loop
      vertex   -3.658765e+001 1.459349e+001 5.500000e+000
      vertex   -3.654274e+001 1.666862e+001 5.500000e+000
      vertex   -3.680314e+001 1.712062e+001 5.500000e+000
    endloop
  endfacet
  facet normal 6.866965e+000 3.956057e+000 6.386539e-003
    outer loop
      vertex   -3.680341e+001 1.712173e+001 5.100000e+000
      vertex   -3.680314e+001 1.712062e+001 5.500000e+000
      vertex   -3.654274e+001 1.666862e+001 5.500000e+000
    endloop
  endfacet
  facet normal 5.653928e+000 2.228578e+000 2.400450e-003
    outer loop
      vertex   -3.699467e+001 1.760696e+001 5.100000e+000
      vertex   -3.680314e+001 1.712062e+001 5.500000e+000
      vertex   -3.680341e+001 1.712173e+001 5.100000e+000
    endloop
  endfacet
  facet normal 0.000000e+000 0.000000e+000 1.200219e+000
    outer loop
      vertex   -3.606062e+001 1.425914e+001 5.500000e+000
      vertex   -3.621523e+001 1.625858e+001 5.500000e+000
      vertex   -3.654274e+001 1.666862e+001 5.500000e+000
    endloop
  endfacet
  facet normal 6.230630e+000 4.976598e+000 -2.737481e-003
    outer loop
      vertex   -3.654147e+001 1.666681e+001 5.100000e+000
      vertex   -3.654274e+001 1.666862e+001 5.500000e+000
      vertex   -3.621523e+001 1.625858e+001 5.500000e+000
    endloop
  endfacet
  facet normal 0.000000e+000 0.000000e+000 8.558034e+000
    outer loop
      vertex   -3.658765e+001 1.459349e+001 5.500000e+000
      vertex   -3.606062e+001 1.425914e+001 5.500000e+000
      vertex   -3.654274e+001 1.666862e+001 5.500000e+000
    endloop
  endfacet
  facet normal 5.266378e+000 3.032281e+000 2.996655e-003
    outer loop
      vertex   -3.680341e+001 1.712173e+001 5.100000e+000
      vertex   -3.654274e+001 1.666862e+001 5.500000e+000
      vertex   -3.654147e+001 1.666681e+001 5.100000e+000
    endloop
  endfacet
  facet normal 0.000000e+000 0.000000e+000 2.127632e+000
    outer loop
      vertex   -3.606062e+001 1.425914e+001 5.500000e+000
      vertex   -3.583349e+001 1.590385e+001 5.500000e+000
      vertex   -3.621523e+001 1.625858e+001 5.500000e+000
    endloop
  endfacet
  facet normal 5.388170e+000 5.798511e+000 7.023809e-003
    outer loop
      vertex   -3.621629e+001 1.626005e+001 5.100000e+000
      vertex   -3.621523e+001 1.625858e+001 5.500000e+000
      vertex   -3.583349e+001 1.590385e+001 5.500000e+000
    endloop
  endfacet
  facet normal 4.747541e+000 3.795399e+000 1.374097e-003
    outer loop
      vertex   -3.654147e+001 1.666681e+001 5.100000e+000
      vertex   -3.621523e+001 1.625858e+001 5.500000e+000
      vertex   -3.621629e+001 1.626005e+001 5.100000e+000
    endloop
  endfacet
  facet normal 0.000000e+000 0.000000e+000 2.314382e+000
    outer loop
      vertex   -3.548941e+001 1.399052e+001 5.500000e+000
      vertex   -3.539933e+001 1.560820e+001 5.500000e+000
      vertex   -3.583349e+001 1.590385e+001 5.500000e+000
    endloop
  endfacet
  facet normal 4.492993e+000 6.597682e+000 -2.971528e-003
    outer loop
      vertex   -3.583128e+001 1.590217e+001 5.100000e+000
      vertex   -3.583349e+001 1.590385e+001 5.500000e+000
      vertex   -3.539933e+001 1.560820e+001 5.500000e+000
    endloop
  endfacet
  facet normal 0.000000e+000 0.000000e+000 9.546391e+000
    outer loop
      vertex   -3.606062e+001 1.425914e+001 5.500000e+000
      vertex   -3.548941e+001 1.399052e+001 5.500000e+000
      vertex   -3.583349e+001 1.590385e+001 5.500000e+000
    endloop
  endfacet
  facet normal 4.136673e+000 4.450255e+000 4.101300e-003
    outer loop
      vertex   -3.621629e+001 1.626005e+001 5.100000e+000
      vertex   -3.583349e+001 1.590385e+001 5.500000e+000
      vertex   -3.583128e+001 1.590217e+001 5.100000e+000
    endloop
  endfacet
  facet normal 0.000000e+000 0.000000e+000 2.468988e+000
    outer loop
      vertex   -3.489607e+001 1.379713e+001 5.500000e+000
      vertex   -3.493025e+001 1.538203e+001 5.500000e+000
      vertex   -3.539933e+001 1.560820e+001 5.500000e+000
    endloop
  endfacet
  facet normal 3.434471e+000 7.123239e+000 7.371435e-003
    outer loop
      vertex   -3.540128e+001 1.560955e+001 5.100000e+000
      vertex   -3.539933e+001 1.560820e+001 5.500000e+000
      vertex   -3.493025e+001 1.538203e+001 5.500000e+000
    endloop
  endfacet
  facet normal 0.000000e+000 0.000000e+000 9.665299e+000
    outer loop
      vertex   -3.548941e+001 1.399052e+001 5.500000e+000
      vertex   -3.489607e+001 1.379713e+001 5.500000e+000
      vertex   -3.539933e+001 1.560820e+001 5.500000e+000
    endloop
  endfacet
  facet normal 3.419925e+000 5.025496e+000 3.449717e-004
    outer loop
      vertex   -3.583128e+001 1.590217e+001 5.100000e+000
      vertex   -3.539933e+001 1.560820e+001 5.500000e+000
      vertex   -3.540128e+001 1.560955e+001 5.100000e+000
    endloop
  endfacet
  facet normal 0.000000e+000 0.000000e+000 3.314764e+000
    outer loop
      vertex   -3.489607e+001 1.379713e+001 5.500000e+000
      vertex   -3.442800e+001 1.522726e+001 5.500000e+000
      vertex   -3.493025e+001 1.538203e+001 5.500000e+000
    endloop
  endfacet
  facet normal 2.351885e+000 7.632199e+000 -2.653608e-003
    outer loop
      vertex   -3.492739e+001 1.538101e+001 5.100000e+000
      vertex   -3.493025e+001 1.538203e+001 5.500000e+000
      vertex   -3.442800e+001 1.522726e+001 5.500000e+000
    endloop
  endfacet
  facet normal 2.638636e+000 5.471316e+000 4.909334e-003
    outer loop
      vertex   -3.540128e+001 1.560955e+001 5.100000e+000
      vertex   -3.493025e+001 1.538203e+001 5.500000e+000
      vertex   -3.492739e+001 1.538101e+001 5.100000e+000
    endloop
  endfacet
  facet normal 0.000000e+000 0.000000e+000 3.335522e+000
    outer loop
      vertex   -3.428429e+001 1.368065e+001 5.500000e+000
      vertex   -3.391325e+001 1.514959e+001 5.500000e+000
      vertex   -3.442800e+001 1.522726e+001 5.500000e+000
    endloop
  endfacet
  facet normal 1.179109e+000 7.814401e+000 7.390305e-003
    outer loop
      vertex   -3.443068e+001 1.522804e+001 5.100000e+000
      vertex   -3.442800e+001 1.522726e+001 5.500000e+000
      vertex   -3.391325e+001 1.514959e+001 5.500000e+000
    endloop
  endfacet
  facet normal 0.000000e+000 0.000000e+000 9.917982e+000
    outer loop
      vertex   -3.489607e+001 1.379713e+001 5.500000e+000
      vertex   -3.428429e+001 1.368065e+001 5.500000e+000
      vertex   -3.442800e+001 1.522726e+001 5.500000e+000
    endloop
  endfacet
  facet normal 1.789038e+000 5.809313e+000 -6.230569e-004
    outer loop
      vertex   -3.492739e+001 1.538101e+001 5.100000e+000
      vertex   -3.442800e+001 1.522726e+001 5.500000e+000
      vertex   -3.443068e+001 1.522804e+001 5.100000e+000
    endloop
  endfacet
  facet normal 0.000000e+000 0.000000e+000 3.378444e+000
    outer loop
      vertex   -3.365042e+001 1.363942e+001 5.500000e+000
      vertex   -3.338760e+001 1.514959e+001 5.500000e+000
      vertex   -3.391325e+001 1.514959e+001 5.500000e+000
    endloop
  endfacet
  facet normal 2.710505e-019 7.986830e+000 -1.892307e-003
    outer loop
      vertex   -3.391022e+001 1.514949e+001 5.100000e+000
      vertex   -3.391325e+001 1.514959e+001 5.500000e+000
      vertex   -3.338760e+001 1.514959e+001 5.500000e+000
    endloop
  endfacet
  facet normal 0.000000e+000 0.000000e+000 9.834001e+000
    outer loop
      vertex   -3.428429e+001 1.368065e+001 5.500000e+000
      vertex   -3.365042e+001 1.363942e+001 5.500000e+000
      vertex   -3.391325e+001 1.514959e+001 5.500000e+000
    endloop
  endfacet
  facet normal 9.062087e-001 6.004539e+000 5.435559e-003
    outer loop
      vertex   -3.443068e+001 1.522804e+001 5.100000e+000
      vertex   -3.391325e+001 1.514959e+001 5.500000e+000
      vertex   -3.391022e+001 1.514949e+001 5.100000e+000
    endloop
  endfacet
  facet normal 0.000000e+000 0.000000e+000 1.259234e-001
    outer loop
      vertex   -2.165042e+001 1.363942e+001 5.500000e+000
      vertex   -3.287284e+001 1.522726e+001 5.500000e+000
      vertex   -3.338760e+001 1.514959e+001 5.500000e+000
    endloop
  endfacet
  facet normal -1.178764e+000 7.812114e+000 7.070055e-003
    outer loop
      vertex   -3.339063e+001 1.514949e+001 5.100000e+000
      vertex   -3.338760e+001 1.514959e+001 5.500000e+000
      vertex   -3.287284e+001 1.522726e+001 5.500000e+000
    endloop
  endfacet
  facet normal 0.000000e+000 0.000000e+000 9.851909e+000
    outer loop
      vertex   -3.365042e+001 1.363942e+001 5.500000e+000
      vertex   -2.165042e+001 1.363942e+001 5.500000e+000
      vertex   -3.338760e+001 1.514959e+001 5.500000e+000
    endloop
  endfacet
  facet normal 0.000000e+000 6.077790e+000 -1.440001e-003
    outer loop
      vertex   -3.391022e+001 1.514949e+001 5.100000e+000
      vertex   -3.338760e+001 1.514959e+001 5.500000e+000
      vertex   -3.339063e+001 1.514949e+001 5.100000e+000
    endloop
  endfacet
  facet normal 0.000000e+000 0.000000e+000 2.058822e-001
    outer loop
      vertex   -2.165042e+001 1.363942e+001 5.500000e+000
      vertex   -3.237059e+001 1.538203e+001 5.500000e+000
      vertex   -3.287284e+001 1.522726e+001 5.500000e+000
    endloop
  endfacet
  facet normal -2.351212e+000 7.630017e+000 -8.281806e-004
    outer loop
      vertex   -3.287016e+001 1.522804e+001 5.100000e+000
      vertex   -3.287284e+001 1.522726e+001 5.500000e+000
      vertex   -3.237059e+001 1.538203e+001 5.500000e+000
    endloop
  endfacet
  facet normal -9.059474e-001 6.002808e+000 5.675769e-003
    outer loop
      vertex   -3.339063e+001 1.514949e+001 5.100000e+000
      vertex   -3.287284e+001 1.522726e+001 5.500000e+000
      vertex   -3.287016e+001 1.522804e+001 5.100000e+000
    endloop
  endfacet
  facet normal 0.000000e+000 0.000000e+000 2.859614e-001
    outer loop
      vertex   -2.165042e+001 1.363942e+001 5.500000e+000
      vertex   -3.190152e+001 1.560820e+001 5.500000e+000
      vertex   -3.237059e+001 1.538203e+001 5.500000e+000
    endloop
  endfacet
  facet normal -3.431630e+000 7.117347e+000 6.380348e-003
    outer loop
      vertex   -3.237346e+001 1.538101e+001 5.100000e+000
      vertex   -3.237059e+001 1.538203e+001 5.500000e+000
      vertex   -3.190152e+001 1.560820e+001 5.500000e+000
    endloop
  endfacet
  facet normal -1.788519e+000 5.807627e+000 -2.027227e-003
    outer loop
      vertex   -3.287016e+001 1.522804e+001 5.100000e+000
      vertex   -3.237059e+001 1.538203e+001 5.500000e+000
      vertex   -3.237346e+001 1.538101e+001 5.100000e+000
    endloop
  endfacet
  facet normal 0.000000e+000 0.000000e+000 3.694768e-001
    outer loop
      vertex   -2.165042e+001 1.363942e+001 5.500000e+000
      vertex   -3.146736e+001 1.590385e+001 5.500000e+000
      vertex   -3.190152e+001 1.560820e+001 5.500000e+000
    endloop
  endfacet
  facet normal -4.490850e+000 6.594536e+000 4.372387e-004
    outer loop
      vertex   -3.189957e+001 1.560955e+001 5.100000e+000
      vertex   -3.190152e+001 1.560820e+001 5.500000e+000
      vertex   -3.146736e+001 1.590385e+001 5.500000e+000
    endloop
  endfacet
  facet normal -2.636483e+000 5.466853e+000 5.654225e-003
    outer loop
      vertex   -3.237346e+001 1.538101e+001 5.100000e+000
      vertex   -3.190152e+001 1.560820e+001 5.500000e+000
      vertex   -3.189957e+001 1.560955e+001 5.100000e+000
    endloop
  endfacet
  facet normal 0.000000e+000 0.000000e+000 4.406174e-001
    outer loop
      vertex   -2.165042e+001 1.363942e+001 5.500000e+000
      vertex   -3.108562e+001 1.625858e+001 5.500000e+000
      vertex   -3.146736e+001 1.590385e+001 5.500000e+000
    endloop
  endfacet
  facet normal -5.381653e+000 5.791497e+000 5.327693e-003
    outer loop
      vertex   -3.146957e+001 1.590217e+001 5.100000e+000
      vertex   -3.146736e+001 1.590385e+001 5.500000e+000
      vertex   -3.108562e+001 1.625858e+001 5.500000e+000
    endloop
  endfacet
  facet normal -3.418272e+000 5.023067e+000 -2.275665e-003
    outer loop
      vertex   -3.189957e+001 1.560955e+001 5.100000e+000
      vertex   -3.146736e+001 1.590385e+001 5.500000e+000
      vertex   -3.146957e+001 1.590217e+001 5.100000e+000
    endloop
  endfacet
  facet normal 0.000000e+000 0.000000e+000 5.029071e-001
    outer loop
      vertex   -2.165042e+001 1.363942e+001 5.500000e+000
      vertex   -3.075811e+001 1.666862e+001 5.500000e+000
      vertex   -3.108562e+001 1.625858e+001 5.500000e+000
    endloop
  endfacet
  facet normal -6.227647e+000 4.974216e+000 1.786191e-003
    outer loop
      vertex   -3.108456e+001 1.626005e+001 5.100000e+000
      vertex   -3.108562e+001 1.625858e+001 5.500000e+000
      vertex   -3.075811e+001 1.666862e+001 5.500000e+000
    endloop
  endfacet
  facet normal -4.131726e+000 4.444933e+000 5.380651e-003
    outer loop
      vertex   -3.146957e+001 1.590217e+001 5.100000e+000
      vertex   -3.108562e+001 1.625858e+001 5.500000e+000
      vertex   -3.108456e+001 1.626005e+001 5.100000e+000
    endloop
  endfacet
  facet normal 0.000000e+000 0.000000e+000 5.375553e-001
    outer loop
      vertex   -2.165042e+001 1.363942e+001 5.500000e+000
      vertex   -3.049771e+001 1.712062e+001 5.500000e+000
      vertex   -3.075811e+001 1.666862e+001 5.500000e+000
    endloop
  endfacet
  facet normal -6.857747e+000 3.950747e+000 3.892285e-003
    outer loop
      vertex   -3.075938e+001 1.666681e+001 5.100000e+000
      vertex   -3.075811e+001 1.666862e+001 5.500000e+000
      vertex   -3.049771e+001 1.712062e+001 5.500000e+000
    endloop
  endfacet
  facet normal -4.745244e+000 3.793563e+000 -2.100190e-003
    outer loop
      vertex   -3.108456e+001 1.626005e+001 5.100000e+000
      vertex   -3.075811e+001 1.666862e+001 5.500000e+000
      vertex   -3.075938e+001 1.666681e+001 5.100000e+000
    endloop
  endfacet
  facet normal 0.000000e+000 0.000000e+000 5.504170e-001
    outer loop
      vertex   -2.165042e+001 1.363942e+001 5.500000e+000
      vertex   -3.030577e+001 1.760831e+001 5.500000e+000
      vertex   -3.049771e+001 1.712062e+001 5.500000e+000
    endloop
  endfacet
  facet normal -7.407145e+000 2.915170e+000 3.132401e-003
    outer loop
      vertex   -3.049744e+001 1.712173e+001 5.100000e+000
      vertex   -3.049771e+001 1.712062e+001 5.500000e+000
      vertex   -3.030577e+001 1.760831e+001 5.500000e+000
    endloop
  endfacet
  facet normal -5.259368e+000 3.028245e+000 4.886756e-003
    outer loop
      vertex   -3.075938e+001 1.666681e+001 5.100000e+000
      vertex   -3.049771e+001 1.712062e+001 5.500000e+000
      vertex   -3.049744e+001 1.712173e+001 5.100000e+000
    endloop
  endfacet
  facet normal 0.000000e+000 0.000000e+000 5.255114e-001
    outer loop
      vertex   -2.165042e+001 1.363942e+001 5.500000e+000
      vertex   -3.019076e+001 1.811295e+001 5.500000e+000
      vertex   -3.030577e+001 1.760831e+001 5.500000e+000
    endloop
  endfacet
  facet normal -7.701421e+000 1.755305e+000 1.936897e-003
    outer loop
      vertex   -3.030618e+001 1.760696e+001 5.100000e+000
      vertex   -3.030577e+001 1.760831e+001 5.500000e+000
      vertex   -3.019076e+001 1.811295e+001 5.500000e+000
    endloop
  endfacet
  facet normal -5.652055e+000 2.227839e+000 -1.752833e-003
    outer loop
      vertex   -3.049744e+001 1.712173e+001 5.100000e+000
      vertex   -3.030577e+001 1.760831e+001 5.500000e+000
      vertex   -3.030618e+001 1.760696e+001 5.100000e+000
    endloop
  endfacet
  facet normal -5.952229e+000 1.355430e+000 3.013902e-003
    outer loop
      vertex   -3.030618e+001 1.760696e+001 5.100000e+000
      vertex   -3.019076e+001 1.811295e+001 5.500000e+000
      vertex   -3.019136e+001 1.811119e+001 5.100000e+000
    endloop
  endfacet
  facet normal 0.000000e+000 0.000000e+000 1.215003e-001
    outer loop
      vertex   -5.257062e+000 8.678781e+000 5.500000e+000
      vertex   -5.650424e+000 2.013942e+001 5.500000e+000
      vertex   -5.650424e+000 1.713942e+001 5.500000e+000
    endloop
  endfacet
  facet normal -4.472136e+000 0.000000e+000 0.000000e+000
    outer loop
      vertex   -5.650424e+000 2.013942e+001 -5.000004e-001
      vertex   -5.650424e+000 1.713942e+001 5.500000e+000
      vertex   -5.650424e+000 2.013942e+001 5.500000e+000
    endloop
  endfacet
  facet normal 0.000000e+000 0.000000e+000 9.529258e+000
    outer loop
      vertex   -5.650424e+000 1.363942e+001 5.500000e+000
      vertex   -5.650424e+000 1.713942e+001 5.500000e+000
      vertex   -1.665042e+001 1.713942e+001 5.500000e+000
    endloop
  endfacet
  facet normal 0.000000e+000 8.778955e+000 0.000000e+000
    outer loop
      vertex   -1.665042e+001 1.713942e+001 -5.000004e-001
      vertex   -1.665042e+001 1.713942e+001 5.500000e+000
      vertex   -5.650424e+000 1.713942e+001 5.500000e+000
    endloop
  endfacet
  facet normal 0.000000e+000 0.000000e+000 3.266552e-001
    outer loop
      vertex   -5.257062e+000 8.678781e+000 5.500000e+000
      vertex   -5.650424e+000 1.713942e+001 5.500000e+000
      vertex   -5.650424e+000 1.363942e+001 5.500000e+000
    endloop
  endfacet
  facet normal 0.000000e+000 4.788522e+000 0.000000e+000
    outer loop
      vertex   -1.665042e+001 1.713942e+001 -5.000004e-001
      vertex   -5.650424e+000 1.713942e+001 5.500000e+000
      vertex   -5.650424e+000 1.713942e+001 -5.000004e-001
    endloop
  endfacet
  facet normal -8.944272e+000 0.000000e+000 0.000000e+000
    outer loop
      vertex   -5.650424e+000 2.013942e+001 -5.000004e-001
      vertex   -5.650424e+000 1.713942e+001 -5.000004e-001
      vertex   -5.650424e+000 1.713942e+001 5.500000e+000
    endloop
  endfacet
  facet normal 0.000000e+000 0.000000e+000 5.961239e+000
    outer loop
      vertex   -1.950829e+001 2.363942e+001 5.500000e+000
      vertex   -1.665042e+001 2.013942e+001 5.500000e+000
      vertex   -5.650424e+000 2.013942e+001 5.500000e+000
    endloop
  endfacet
  facet normal 0.000000e+000 -8.778955e+000 0.000000e+000
    outer loop
      vertex   -5.650424e+000 2.013942e+001 -5.000004e-001
      vertex   -5.650424e+000 2.013942e+001 5.500000e+000
      vertex   -1.665042e+001 2.013942e+001 5.500000e+000
    endloop
  endfacet
  facet normal 0.000000e+000 0.000000e+000 2.910963e+000
    outer loop
      vertex   -3.689784e+000 1.024606e+001 5.500000e+000
      vertex   -3.650424e+000 1.063942e+001 5.500000e+000
      vertex   -5.650424e+000 2.013942e+001 5.500000e+000
    endloop
  endfacet
  facet normal 0.000000e+000 0.000000e+000 2.969727e+000
    outer loop
      vertex   -3.612787e+000 1.111164e+001 5.500000e+000
      vertex   -5.650424e+000 2.013942e+001 5.500000e+000
      vertex   -3.650424e+000 1.063942e+001 5.500000e+000
    endloop
  endfacet
  facet normal 0.000000e+000 0.000000e+000 4.556822e+000
    outer loop
      vertex   -3.802528e+000 9.875052e+000 5.500000e+000
      vertex   -3.689784e+000 1.024606e+001 5.500000e+000
      vertex   -5.650424e+000 2.013942e+001 5.500000e+000
    endloop
  endfacet
  facet normal 0.000000e+000 0.000000e+000 6.018421e+000
    outer loop
      vertex   -3.988027e+000 9.527622e+000 5.500000e+000
      vertex   -3.802528e+000 9.875052e+000 5.500000e+000
      vertex   -5.650424e+000 2.013942e+001 5.500000e+000
    endloop
  endfacet
  facet normal 0.000000e+000 0.000000e+000 7.292346e+000
    outer loop
      vertex   -4.236530e+000 9.225527e+000 5.500000e+000
      vertex   -3.988027e+000 9.527622e+000 5.500000e+000
      vertex   -5.650424e+000 2.013942e+001 5.500000e+000
    endloop
  endfacet
  facet normal 0.000000e+000 0.000000e+000 8.314434e+000
    outer loop
      vertex   -4.538623e+000 8.977025e+000 5.500000e+000
      vertex   -4.236530e+000 9.225527e+000 5.500000e+000
      vertex   -5.650424e+000 2.013942e+001 5.500000e+000
    endloop
  endfacet
  facet normal 0.000000e+000 0.000000e+000 9.117961e+000
    outer loop
      vertex   -4.886054e+000 8.791524e+000 5.500000e+000
      vertex   -4.538623e+000 8.977025e+000 5.500000e+000
      vertex   -5.650424e+000 2.013942e+001 5.500000e+000
    endloop
  endfacet
  facet normal 0.000000e+000 0.000000e+000 9.662080e+000
    outer loop
      vertex   -5.257062e+000 8.678781e+000 5.500000e+000
      vertex   -4.886054e+000 8.791524e+000 5.500000e+000
      vertex   -5.650424e+000 2.013942e+001 5.500000e+000
    endloop
  endfacet
  facet normal 0.000000e+000 0.000000e+000 8.647264e+000
    outer loop
      vertex   -1.122648e+000 1.360178e+001 5.500000e+000
      vertex   -6.504242e-001 1.363942e+001 5.500000e+000
      vertex   -5.650424e+000 2.013942e+001 5.500000e+000
    endloop
  endfacet
  facet normal 0.000000e+000 0.000000e+000 9.510759e+000
    outer loop
      vertex   -1.576614e+000 1.349273e+001 5.500000e+000
      vertex   -1.122648e+000 1.360178e+001 5.500000e+000
      vertex   -5.650424e+000 2.013942e+001 5.500000e+000
    endloop
  endfacet
  facet normal 0.000000e+000 0.000000e+000 9.953186e+000
    outer loop
      vertex   -2.013103e+000 1.331193e+001 5.500000e+000
      vertex   -1.576614e+000 1.349273e+001 5.500000e+000
      vertex   -5.650424e+000 2.013942e+001 5.500000e+000
    endloop
  endfacet
  facet normal 0.000000e+000 0.000000e+000 9.926907e+000
    outer loop
      vertex   -2.413251e+000 1.306648e+001 5.500000e+000
      vertex   -2.013103e+000 1.331193e+001 5.500000e+000
      vertex   -5.650424e+000 2.013942e+001 5.500000e+000
    endloop
  endfacet
  facet normal 0.000000e+000 0.000000e+000 9.446819e+000
    outer loop
      vertex   -2.771744e+000 1.276074e+001 5.500000e+000
      vertex   -2.413251e+000 1.306648e+001 5.500000e+000
      vertex   -5.650424e+000 2.013942e+001 5.500000e+000
    endloop
  endfacet
  facet normal 0.000000e+000 0.000000e+000 8.558466e+000
    outer loop
      vertex   -3.077485e+000 1.240225e+001 5.500000e+000
      vertex   -2.771744e+000 1.276074e+001 5.500000e+000
      vertex   -5.650424e+000 2.013942e+001 5.500000e+000
    endloop
  endfacet
  facet normal 0.000000e+000 0.000000e+000 7.371189e+000
    outer loop
      vertex   -3.322932e+000 1.200210e+001 5.500000e+000
      vertex   -3.077485e+000 1.240225e+001 5.500000e+000
      vertex   -5.650424e+000 2.013942e+001 5.500000e+000
    endloop
  endfacet
  facet normal 0.000000e+000 0.000000e+000 5.956153e+000
    outer loop
      vertex   -3.503732e+000 1.156561e+001 5.500000e+000
      vertex   -3.322932e+000 1.200210e+001 5.500000e+000
      vertex   -5.650424e+000 2.013942e+001 5.500000e+000
    endloop
  endfacet
  facet normal 0.000000e+000 0.000000e+000 4.419295e+000
    outer loop
      vertex   -3.612787e+000 1.111164e+001 5.500000e+000
      vertex   -3.503732e+000 1.156561e+001 5.500000e+000
      vertex   -5.650424e+000 2.013942e+001 5.500000e+000
    endloop
  endfacet
  facet normal 0.000000e+000 0.000000e+000 2.672223e+000
    outer loop
      vertex   -1.950829e+001 2.363942e+001 5.500000e+000
      vertex   -1.665042e+001 1.713942e+001 5.500000e+000
      vertex   -1.665042e+001 2.013942e+001 5.500000e+000
    endloop
  endfacet
  facet normal 4.472136e+000 0.000000e+000 0.000000e+000
    outer loop
      vertex   -1.665042e+001 1.713942e+001 -5.000004e-001
      vertex   -1.665042e+001 2.013942e+001 5.500000e+000
      vertex   -1.665042e+001 1.713942e+001 5.500000e+000
    endloop
  endfacet
  facet normal 1.000000e+001 0.000000e+000 0.000000e+000
    outer loop
      vertex   -1.665042e+001 2.013942e+001 -5.000004e-001
      vertex   -1.665042e+001 2.013942e+001 5.500000e+000
      vertex   -1.665042e+001 1.713942e+001 -5.000004e-001
    endloop
  endfacet
  facet normal 0.000000e+000 -4.788522e+000 0.000000e+000
    outer loop
      vertex   -5.650424e+000 2.013942e+001 -5.000004e-001
      vertex   -1.665042e+001 2.013942e+001 5.500000e+000
      vertex   -1.665042e+001 2.013942e+001 -5.000004e-001
    endloop
  endfacet
  facet normal 0.000000e+000 0.000000e+000 3.032037e+000
    outer loop
      vertex   -5.650424e+000 1.363942e+001 5.500000e+000
      vertex   -1.665042e+001 1.713942e+001 5.500000e+000
      vertex   -1.665042e+001 1.363942e+001 5.500000e+000
    endloop
  endfacet
  facet normal 0.000000e+000 0.000000e+000 1.354476e+000
    outer loop
      vertex   -1.950829e+001 2.363942e+001 5.500000e+000
      vertex   -1.665042e+001 1.363942e+001 5.500000e+000
      vertex   -1.665042e+001 1.713942e+001 5.500000e+000
    endloop
  endfacet
  facet normal 0.000000e+000 0.000000e+000 6.193311e-001
    outer loop
      vertex   -1.950829e+001 2.363942e+001 5.500000e+000
      vertex   -1.665042e+001 1.063942e+001 5.500000e+000
      vertex   -1.665042e+001 1.363942e+001 5.500000e+000
    endloop
  endfacet
  facet normal 4.472136e+000 0.000000e+000 0.000000e+000
    outer loop
      vertex   -1.665042e+001 1.063942e+001 -5.000004e-001
      vertex   -1.665042e+001 1.363942e+001 5.500000e+000
      vertex   -1.665042e+001 1.063942e+001 5.500000e+000
    endloop
  endfacet
  facet normal 0.000000e+000 -8.778955e+000 0.000000e+000
    outer loop
      vertex   -5.650424e+000 1.363942e+001 -5.000004e-001
      vertex   -5.650424e+000 1.363942e+001 5.500000e+000
      vertex   -1.665042e+001 1.363942e+001 5.500000e+000
    endloop
  endfacet
  facet normal 0.000000e+000 -4.788522e+000 0.000000e+000
    outer loop
      vertex   -5.650424e+000 1.363942e+001 -5.000004e-001
      vertex   -1.665042e+001 1.363942e+001 5.500000e+000
      vertex   -1.665042e+001 1.363942e+001 -5.000004e-001
    endloop
  endfacet
  facet normal 8.944272e+000 0.000000e+000 0.000000e+000
    outer loop
      vertex   -1.665042e+001 1.063942e+001 -5.000004e-001
      vertex   -1.665042e+001 1.363942e+001 -5.000004e-001
      vertex   -1.665042e+001 1.363942e+001 5.500000e+000
    endloop
  endfacet
  facet normal 0.000000e+000 0.000000e+000 9.838699e+000
    outer loop
      vertex   -5.650424e+000 8.639421e+000 5.500000e+000
      vertex   -5.650424e+000 1.063942e+001 5.500000e+000
      vertex   -1.665042e+001 1.063942e+001 5.500000e+000
    endloop
  endfacet
  facet normal 0.000000e+000 8.778955e+000 0.000000e+000
    outer loop
      vertex   -1.665042e+001 1.063942e+001 -5.000004e-001
      vertex   -1.665042e+001 1.063942e+001 5.500000e+000
      vertex   -5.650424e+000 1.063942e+001 5.500000e+000
    endloop
  endfacet
  facet normal 0.000000e+000 0.000000e+000 1.000000e+001
    outer loop
      vertex   -1.665042e+001 8.639421e+000 5.500000e+000
      vertex   -5.650424e+000 8.639421e+000 5.500000e+000
      vertex   -1.665042e+001 1.063942e+001 5.500000e+000
    endloop
  endfacet
  facet normal 0.000000e+000 0.000000e+000 2.812199e-001
    outer loop
      vertex   -1.950829e+001 2.363942e+001 5.500000e+000
      vertex   -1.665042e+001 8.639421e+000 5.500000e+000
      vertex   -1.665042e+001 1.063942e+001 5.500000e+000
    endloop
  endfacet
  facet normal 0.000000e+000 0.000000e+000 1.185899e+000
    outer loop
      vertex   -5.257062e+000 8.678781e+000 5.500000e+000
      vertex   -5.650424e+000 1.363942e+001 5.500000e+000
      vertex   -5.650424e+000 1.063942e+001 5.500000e+000
    endloop
  endfacet
  facet normal -4.472136e+000 0.000000e+000 0.000000e+000
    outer loop
      vertex   -5.650424e+000 1.363942e+001 -5.000004e-001
      vertex   -5.650424e+000 1.063942e+001 5.500000e+000
      vertex   -5.650424e+000 1.363942e+001 5.500000e+000
    endloop
  endfacet
  facet normal 0.000000e+000 0.000000e+000 9.950313e+000
    outer loop
      vertex   -5.650424e+000 8.639421e+000 5.500000e+000
      vertex   -5.257062e+000 8.678781e+000 5.500000e+000
      vertex   -5.650424e+000 1.063942e+001 5.500000e+000
    endloop
  endfacet
  facet normal -1.000000e+001 0.000000e+000 0.000000e+000
    outer loop
      vertex   -5.650424e+000 1.063942e+001 -5.000004e-001
      vertex   -5.650424e+000 1.063942e+001 5.500000e+000
      vertex   -5.650424e+000 1.363942e+001 -5.000004e-001
    endloop
  endfacet
  facet normal 0.000000e+000 4.788522e+000 0.000000e+000
    outer loop
      vertex   -1.665042e+001 1.063942e+001 -5.000004e-001
      vertex   -5.650424e+000 1.063942e+001 5.500000e+000
      vertex   -5.650424e+000 1.063942e+001 -5.000004e-001
    endloop
  endfacet
  facet normal 6.541830e-001 -6.545894e-002 0.000000e+000
    outer loop
      vertex   -3.650424e+000 1.063942e+001 -5.000004e-001
      vertex   -3.650424e+000 1.063942e+001 5.500000e+000
      vertex   -3.689784e+000 1.024606e+001 5.500000e+000
    endloop
  endfacet
  facet normal 7.845979e-001 -6.253333e-002 0.000000e+000
    outer loop
      vertex   -3.612787e+000 1.111164e+001 -5.000004e-001
      vertex   -3.612787e+000 1.111164e+001 5.500000e+000
      vertex   -3.650424e+000 1.063942e+001 5.500000e+000
    endloop
  endfacet
  facet normal 9.937464e+000 -7.920269e-001 8.673617e-018
    outer loop
      vertex   -3.612787e+000 1.111164e+001 -5.000004e-001
      vertex   -3.650424e+000 1.063942e+001 5.500000e+000
      vertex   -3.650424e+000 1.063942e+001 -5.000004e-001
    endloop
  endfacet
  facet normal 6.170592e-001 -1.875144e-001 0.000000e+000
    outer loop
      vertex   -3.689784e+000 1.024606e+001 -5.000004e-001
      vertex   -3.689784e+000 1.024606e+001 5.500000e+000
      vertex   -3.802528e+000 9.875052e+000 5.500000e+000
    endloop
  endfacet
  facet normal 9.928782e+000 -9.934951e-001 8.673617e-018
    outer loop
      vertex   -3.650424e+000 1.063942e+001 -5.000004e-001
      vertex   -3.689784e+000 1.024606e+001 5.500000e+000
      vertex   -3.689784e+000 1.024606e+001 -5.000004e-001
    endloop
  endfacet
  facet normal 5.778057e-001 -3.085014e-001 0.000000e+000
    outer loop
      vertex   -3.802528e+000 9.875052e+000 -5.000004e-001
      vertex   -3.802528e+000 9.875052e+000 5.500000e+000
      vertex   -3.988027e+000 9.527622e+000 5.500000e+000
    endloop
  endfacet
  facet normal 9.548056e+000 -2.901501e+000 0.000000e+000
    outer loop
      vertex   -3.689784e+000 1.024606e+001 -5.000004e-001
      vertex   -3.802528e+000 9.875052e+000 5.500000e+000
      vertex   -3.802528e+000 9.875052e+000 -5.000004e-001
    endloop
  endfacet
  facet normal 5.024257e-001 -4.132954e-001 0.000000e+000
    outer loop
      vertex   -3.988027e+000 9.527622e+000 -5.000004e-001
      vertex   -3.988027e+000 9.527622e+000 5.500000e+000
      vertex   -4.236530e+000 9.225527e+000 5.500000e+000
    endloop
  endfacet
  facet normal 8.802441e+000 -4.699789e+000 3.469447e-017
    outer loop
      vertex   -3.802528e+000 9.875052e+000 -5.000004e-001
      vertex   -3.988027e+000 9.527622e+000 5.500000e+000
      vertex   -3.988027e+000 9.527622e+000 -5.000004e-001
    endloop
  endfacet
  facet normal 4.132924e-001 -5.024217e-001 0.000000e+000
    outer loop
      vertex   -4.236530e+000 9.225527e+000 -5.000004e-001
      vertex   -4.236530e+000 9.225527e+000 5.500000e+000
      vertex   -4.538623e+000 8.977025e+000 5.500000e+000
    endloop
  endfacet
  facet normal 7.706463e+000 -6.339336e+000 0.000000e+000
    outer loop
      vertex   -3.988027e+000 9.527622e+000 -5.000004e-001
      vertex   -4.236530e+000 9.225527e+000 5.500000e+000
      vertex   -4.236530e+000 9.225527e+000 -5.000004e-001
    endloop
  endfacet
  facet normal 3.085043e-001 -5.778077e-001 0.000000e+000
    outer loop
      vertex   -4.538623e+000 8.977025e+000 -5.000004e-001
      vertex   -4.538623e+000 8.977025e+000 5.500000e+000
      vertex   -4.886054e+000 8.791524e+000 5.500000e+000
    endloop
  endfacet
  facet normal 6.339339e+000 -7.706461e+000 6.938894e-017
    outer loop
      vertex   -4.236530e+000 9.225527e+000 -5.000004e-001
      vertex   -4.538623e+000 8.977025e+000 5.500000e+000
      vertex   -4.538623e+000 8.977025e+000 -5.000004e-001
    endloop
  endfacet
  facet normal 1.875144e-001 -6.170592e-001 0.000000e+000
    outer loop
      vertex   -4.886054e+000 8.791524e+000 -5.000004e-001
      vertex   -4.886054e+000 8.791524e+000 5.500000e+000
      vertex   -5.257062e+000 8.678781e+000 5.500000e+000
    endloop
  endfacet
  facet normal 4.699812e+000 -8.802427e+000 0.000000e+000
    outer loop
      vertex   -4.538623e+000 8.977025e+000 -5.000004e-001
      vertex   -4.886054e+000 8.791524e+000 5.500000e+000
      vertex   -4.886054e+000 8.791524e+000 -5.000004e-001
    endloop
  endfacet
  facet normal 6.545795e-002 -6.541849e-001 0.000000e+000
    outer loop
      vertex   -5.257062e+000 8.678781e+000 -5.000004e-001
      vertex   -5.257062e+000 8.678781e+000 5.500000e+000
      vertex   -5.650424e+000 8.639421e+000 5.500000e+000
    endloop
  endfacet
  facet normal 2.901501e+000 -9.548056e+000 0.000000e+000
    outer loop
      vertex   -4.886054e+000 8.791524e+000 -5.000004e-001
      vertex   -5.257062e+000 8.678781e+000 5.500000e+000
      vertex   -5.257062e+000 8.678781e+000 -5.000004e-001
    endloop
  endfacet
  facet normal 0.000000e+000 -8.778955e+000 0.000000e+000
    outer loop
      vertex   -5.650424e+000 8.639421e+000 -5.000004e-001
      vertex   -5.650424e+000 8.639421e+000 5.500000e+000
      vertex   -1.665042e+001 8.639421e+000 5.500000e+000
    endloop
  endfacet
  facet normal 9.934772e-001 -9.928784e+000 -8.673617e-018
    outer loop
      vertex   -5.257062e+000 8.678781e+000 -5.000004e-001
      vertex   -5.650424e+000 8.639421e+000 5.500000e+000
      vertex   -5.650424e+000 8.639421e+000 -5.000004e-001
    endloop
  endfacet
  facet normal 0.000000e+000 0.000000e+000 2.499912e-001
    outer loop
      vertex   -1.950829e+001 2.363942e+001 5.500000e+000
      vertex   -1.704378e+001 8.678781e+000 5.500000e+000
      vertex   -1.665042e+001 8.639421e+000 5.500000e+000
    endloop
  endfacet
  facet normal -6.545795e-002 -6.541830e-001 0.000000e+000
    outer loop
      vertex   -1.665042e+001 8.639421e+000 -5.000004e-001
      vertex   -1.665042e+001 8.639421e+000 5.500000e+000
      vertex   -1.704378e+001 8.678781e+000 5.500000e+000
    endloop
  endfacet
  facet normal 0.000000e+000 -4.788522e+000 0.000000e+000
    outer loop
      vertex   -5.650424e+000 8.639421e+000 -5.000004e-001
      vertex   -1.665042e+001 8.639421e+000 5.500000e+000
      vertex   -1.665042e+001 8.639421e+000 -5.000004e-001
    endloop
  endfacet
  facet normal 0.000000e+000 0.000000e+000 2.319135e-001
    outer loop
      vertex   -1.950829e+001 2.363942e+001 5.500000e+000
      vertex   -1.741479e+001 8.791524e+000 5.500000e+000
      vertex   -1.704378e+001 8.678781e+000 5.500000e+000
    endloop
  endfacet
  facet normal -1.875144e-001 -6.170592e-001 0.000000e+000
    outer loop
      vertex   -1.704378e+001 8.678781e+000 -5.000004e-001
      vertex   -1.704378e+001 8.678781e+000 5.500000e+000
      vertex   -1.741479e+001 8.791524e+000 5.500000e+000
    endloop
  endfacet
  facet normal -9.934802e-001 -9.928784e+000 8.673617e-018
    outer loop
      vertex   -1.665042e+001 8.639421e+000 -5.000004e-001
      vertex   -1.704378e+001 8.678781e+000 5.500000e+000
      vertex   -1.704378e+001 8.678781e+000 -5.000004e-001
    endloop
  endfacet
  facet normal 0.000000e+000 0.000000e+000 2.154464e-001
    outer loop
      vertex   -1.950829e+001 2.363942e+001 5.500000e+000
      vertex   -1.776222e+001 8.977025e+000 5.500000e+000
      vertex   -1.741479e+001 8.791524e+000 5.500000e+000
    endloop
  endfacet
  facet normal -3.085043e-001 -5.778057e-001 0.000000e+000
    outer loop
      vertex   -1.741479e+001 8.791524e+000 -5.000004e-001
      vertex   -1.741479e+001 8.791524e+000 5.500000e+000
      vertex   -1.776222e+001 8.977025e+000 5.500000e+000
    endloop
  endfacet
  facet normal -2.901501e+000 -9.548056e+000 0.000000e+000
    outer loop
      vertex   -1.704378e+001 8.678781e+000 -5.000004e-001
      vertex   -1.741479e+001 8.791524e+000 5.500000e+000
      vertex   -1.741479e+001 8.791524e+000 -5.000004e-001
    endloop
  endfacet
  facet normal 0.000000e+000 0.000000e+000 1.867941e-001
    outer loop
      vertex   -1.950829e+001 2.363942e+001 5.500000e+000
      vertex   -1.806432e+001 9.225527e+000 5.500000e+000
      vertex   -1.776222e+001 8.977025e+000 5.500000e+000
    endloop
  endfacet
  facet normal -4.132924e-001 -5.024257e-001 0.000000e+000
    outer loop
      vertex   -1.776222e+001 8.977025e+000 -5.000004e-001
      vertex   -1.776222e+001 8.977025e+000 5.500000e+000
      vertex   -1.806432e+001 9.225527e+000 5.500000e+000
    endloop
  endfacet
  facet normal -4.699824e+000 -8.802422e+000 0.000000e+000
    outer loop
      vertex   -1.741479e+001 8.791524e+000 -5.000004e-001
      vertex   -1.776222e+001 8.977025e+000 5.500000e+000
      vertex   -1.776222e+001 8.977025e+000 -5.000004e-001
    endloop
  endfacet
  facet normal 0.000000e+000 0.000000e+000 1.533305e-001
    outer loop
      vertex   -1.950829e+001 2.363942e+001 5.500000e+000
      vertex   -1.831282e+001 9.527622e+000 5.500000e+000
      vertex   -1.806432e+001 9.225527e+000 5.500000e+000
    endloop
  endfacet
  facet normal -5.024257e-001 -4.132934e-001 0.000000e+000
    outer loop
      vertex   -1.806432e+001 9.225527e+000 -5.000004e-001
      vertex   -1.806432e+001 9.225527e+000 5.500000e+000
      vertex   -1.831282e+001 9.527622e+000 5.500000e+000
    endloop
  endfacet
  facet normal -6.339309e+000 -7.706485e+000 0.000000e+000
    outer loop
      vertex   -1.776222e+001 8.977025e+000 -5.000004e-001
      vertex   -1.806432e+001 9.225527e+000 5.500000e+000
      vertex   -1.806432e+001 9.225527e+000 -5.000004e-001
    endloop
  endfacet
  facet normal 0.000000e+000 0.000000e+000 1.126781e-001
    outer loop
      vertex   -1.950829e+001 2.363942e+001 5.500000e+000
      vertex   -1.849832e+001 9.875052e+000 5.500000e+000
      vertex   -1.831282e+001 9.527622e+000 5.500000e+000
    endloop
  endfacet
  facet normal -5.778057e-001 -3.085034e-001 0.000000e+000
    outer loop
      vertex   -1.831282e+001 9.527622e+000 -5.000004e-001
      vertex   -1.831282e+001 9.527622e+000 5.500000e+000
      vertex   -1.849832e+001 9.875052e+000 5.500000e+000
    endloop
  endfacet
  facet normal -7.706478e+000 -6.339318e+000 0.000000e+000
    outer loop
      vertex   -1.806432e+001 9.225527e+000 -5.000004e-001
      vertex   -1.831282e+001 9.527622e+000 5.500000e+000
      vertex   -1.831282e+001 9.527622e+000 -5.000004e-001
    endloop
  endfacet
  facet normal 0.000000e+000 0.000000e+000 6.353926e-002
    outer loop
      vertex   -1.950829e+001 2.363942e+001 5.500000e+000
      vertex   -1.861106e+001 1.024606e+001 5.500000e+000
      vertex   -1.849832e+001 9.875052e+000 5.500000e+000
    endloop
  endfacet
  facet normal -6.170592e-001 -1.875144e-001 0.000000e+000
    outer loop
      vertex   -1.849832e+001 9.875052e+000 -5.000004e-001
      vertex   -1.849832e+001 9.875052e+000 5.500000e+000
      vertex   -1.861106e+001 1.024606e+001 5.500000e+000
    endloop
  endfacet
  facet normal -8.802427e+000 -4.699813e+000 0.000000e+000
    outer loop
      vertex   -1.831282e+001 9.527622e+000 -5.000004e-001
      vertex   -1.849832e+001 9.875052e+000 5.500000e+000
      vertex   -1.849832e+001 9.875052e+000 -5.000004e-001
    endloop
  endfacet
  facet normal 0.000000e+000 0.000000e+000 9.962942e-003
    outer loop
      vertex   -1.950829e+001 2.363942e+001 5.500000e+000
      vertex   -1.865042e+001 1.063942e+001 5.500000e+000
      vertex   -1.861106e+001 1.024606e+001 5.500000e+000
    endloop
  endfacet
  facet normal -6.541830e-001 -6.545894e-002 0.000000e+000
    outer loop
      vertex   -1.861106e+001 1.024606e+001 -5.000004e-001
      vertex   -1.861106e+001 1.024606e+001 5.500000e+000
      vertex   -1.865042e+001 1.063942e+001 5.500000e+000
    endloop
  endfacet
  facet normal -9.548056e+000 -2.901501e+000 0.000000e+000
    outer loop
      vertex   -1.849832e+001 9.875052e+000 -5.000004e-001
      vertex   -1.861106e+001 1.024606e+001 5.500000e+000
      vertex   -1.861106e+001 1.024606e+001 -5.000004e-001
    endloop
  endfacet
  facet normal 0.000000e+000 0.000000e+000 5.145257e-003
    outer loop
      vertex   -1.950829e+001 2.363942e+001 5.500000e+000
      vertex   -1.868806e+001 1.111164e+001 5.500000e+000
      vertex   -1.865042e+001 1.063942e+001 5.500000e+000
    endloop
  endfacet
  facet normal -7.845979e-001 -6.253134e-002 0.000000e+000
    outer loop
      vertex   -1.865042e+001 1.063942e+001 -5.000004e-001
      vertex   -1.865042e+001 1.063942e+001 5.500000e+000
      vertex   -1.868806e+001 1.111164e+001 5.500000e+000
    endloop
  endfacet
  facet normal -9.928782e+000 -9.934951e-001 -8.673617e-018
    outer loop
      vertex   -1.861106e+001 1.024606e+001 -5.000004e-001
      vertex   -1.865042e+001 1.063942e+001 5.500000e+000
      vertex   -1.865042e+001 1.063942e+001 -5.000004e-001
    endloop
  endfacet
  facet normal 0.000000e+000 0.000000e+000 6.545267e-002
    outer loop
      vertex   -1.950829e+001 2.363942e+001 5.500000e+000
      vertex   -1.879711e+001 1.156561e+001 5.500000e+000
      vertex   -1.868806e+001 1.111164e+001 5.500000e+000
    endloop
  endfacet
  facet normal -7.543272e-001 -1.812106e-001 0.000000e+000
    outer loop
      vertex   -1.868806e+001 1.111164e+001 -5.000004e-001
      vertex   -1.868806e+001 1.111164e+001 5.500000e+000
      vertex   -1.879711e+001 1.156561e+001 5.500000e+000
    endloop
  endfacet
  facet normal -9.937466e+000 -7.920020e-001 8.673617e-018
    outer loop
      vertex   -1.865042e+001 1.063942e+001 -5.000004e-001
      vertex   -1.868806e+001 1.111164e+001 5.500000e+000
      vertex   -1.868806e+001 1.111164e+001 -5.000004e-001
    endloop
  endfacet
  facet normal 0.000000e+000 0.000000e+000 1.329027e-001
    outer loop
      vertex   -1.950829e+001 2.363942e+001 5.500000e+000
      vertex   -1.897792e+001 1.200210e+001 5.500000e+000
      vertex   -1.879711e+001 1.156561e+001 5.500000e+000
    endloop
  endfacet
  facet normal -7.252417e-001 -3.004074e-001 0.000000e+000
    outer loop
      vertex   -1.879711e+001 1.156561e+001 -5.000004e-001
      vertex   -1.879711e+001 1.156561e+001 5.500000e+000
      vertex   -1.897792e+001 1.200210e+001 5.500000e+000
    endloop
  endfacet
  facet normal -9.694065e+000 -2.328787e+000 0.000000e+000
    outer loop
      vertex   -1.868806e+001 1.111164e+001 -5.000004e-001
      vertex   -1.879711e+001 1.156561e+001 5.500000e+000
      vertex   -1.879711e+001 1.156561e+001 -5.000004e-001
    endloop
  endfacet
  facet normal 0.000000e+000 0.000000e+000 2.019197e-001
    outer loop
      vertex   -1.950829e+001 2.363942e+001 5.500000e+000
      vertex   -1.922336e+001 1.240225e+001 5.500000e+000
      vertex   -1.897792e+001 1.200210e+001 5.500000e+000
    endloop
  endfacet
  facet normal -6.648806e-001 -4.078303e-001 0.000000e+000
    outer loop
      vertex   -1.897792e+001 1.200210e+001 -5.000004e-001
      vertex   -1.897792e+001 1.200210e+001 5.500000e+000
      vertex   -1.922336e+001 1.240225e+001 5.500000e+000
    endloop
  endfacet
  facet normal -9.210275e+000 -3.815051e+000 0.000000e+000
    outer loop
      vertex   -1.879711e+001 1.156561e+001 -5.000004e-001
      vertex   -1.897792e+001 1.200210e+001 5.500000e+000
      vertex   -1.897792e+001 1.200210e+001 -5.000004e-001
    endloop
  endfacet
  facet normal 0.000000e+000 0.000000e+000 2.726011e-001
    outer loop
      vertex   -1.950829e+001 2.363942e+001 5.500000e+000
      vertex   -1.952910e+001 1.276074e+001 5.500000e+000
      vertex   -1.922336e+001 1.240225e+001 5.500000e+000
    endloop
  endfacet
  facet normal -5.956541e-001 -5.080022e-001 0.000000e+000
    outer loop
      vertex   -1.922336e+001 1.240225e+001 -5.000004e-001
      vertex   -1.922336e+001 1.240225e+001 5.500000e+000
      vertex   -1.952910e+001 1.276074e+001 5.500000e+000
    endloop
  endfacet
  facet normal -8.498198e+000 -5.212700e+000 0.000000e+000
    outer loop
      vertex   -1.897792e+001 1.200210e+001 -5.000004e-001
      vertex   -1.922336e+001 1.240225e+001 5.500000e+000
      vertex   -1.922336e+001 1.240225e+001 -5.000004e-001
    endloop
  endfacet
  facet normal -5.080041e-001 -5.956571e-001 0.000000e+000
    outer loop
      vertex   -1.952910e+001 1.276074e+001 -5.000004e-001
      vertex   -1.952910e+001 1.276074e+001 5.500000e+000
      vertex   -1.988760e+001 1.306648e+001 5.500000e+000
    endloop
  endfacet
  facet normal -7.585340e+000 -6.469138e+000 0.000000e+000
    outer loop
      vertex   -1.922336e+001 1.240225e+001 -5.000004e-001
      vertex   -1.952910e+001 1.276074e+001 5.500000e+000
      vertex   -1.952910e+001 1.276074e+001 -5.000004e-001
    endloop
  endfacet
  facet normal -4.078313e-001 -6.648785e-001 0.000000e+000
    outer loop
      vertex   -1.988760e+001 1.306648e+001 -5.000004e-001
      vertex   -1.988760e+001 1.306648e+001 5.500000e+000
      vertex   -2.028774e+001 1.331193e+001 5.500000e+000
    endloop
  endfacet
  facet normal -6.469134e+000 -7.585343e+000 -6.938894e-017
    outer loop
      vertex   -1.952910e+001 1.276074e+001 -5.000004e-001
      vertex   -1.988760e+001 1.306648e+001 5.500000e+000
      vertex   -1.988760e+001 1.306648e+001 -5.000004e-001
    endloop
  endfacet
  facet normal -3.004054e-001 -7.252436e-001 0.000000e+000
    outer loop
      vertex   -2.028774e+001 1.331193e+001 -5.000004e-001
      vertex   -2.028774e+001 1.331193e+001 5.500000e+000
      vertex   -2.072424e+001 1.349273e+001 5.500000e+000
    endloop
  endfacet
  facet normal -5.212720e+000 -8.498185e+000 6.938894e-017
    outer loop
      vertex   -1.988760e+001 1.306648e+001 -5.000004e-001
      vertex   -2.028774e+001 1.331193e+001 5.500000e+000
      vertex   -2.028774e+001 1.331193e+001 -5.000004e-001
    endloop
  endfacet
  facet normal -1.812106e-001 -7.543253e-001 0.000000e+000
    outer loop
      vertex   -2.072424e+001 1.349273e+001 -5.000004e-001
      vertex   -2.072424e+001 1.349273e+001 5.500000e+000
      vertex   -2.117820e+001 1.360178e+001 5.500000e+000
    endloop
  endfacet
  facet normal -3.815021e+000 -9.210287e+000 3.469447e-017
    outer loop
      vertex   -2.028774e+001 1.331193e+001 -5.000004e-001
      vertex   -2.072424e+001 1.349273e+001 5.500000e+000
      vertex   -2.072424e+001 1.349273e+001 -5.000004e-001
    endloop
  endfacet
  facet normal -6.253234e-002 -7.845979e-001 0.000000e+000
    outer loop
      vertex   -2.117820e+001 1.360178e+001 -5.000004e-001
      vertex   -2.117820e+001 1.360178e+001 5.500000e+000
      vertex   -2.165042e+001 1.363942e+001 5.500000e+000
    endloop
  endfacet
  facet normal -2.328793e+000 -9.694064e+000 0.000000e+000
    outer loop
      vertex   -2.072424e+001 1.349273e+001 -5.000004e-001
      vertex   -2.117820e+001 1.360178e+001 5.500000e+000
      vertex   -2.117820e+001 1.360178e+001 -5.000004e-001
    endloop
  endfacet
  facet normal 0.000000e+000 -8.944272e+000 0.000000e+000
    outer loop
      vertex   -2.165042e+001 1.363942e+001 -5.000004e-001
      vertex   -2.165042e+001 1.363942e+001 5.500000e+000
      vertex   -3.365042e+001 1.363942e+001 5.500000e+000
    endloop
  endfacet
  facet normal -7.920145e-001 -9.937466e+000 0.000000e+000
    outer loop
      vertex   -2.117820e+001 1.360178e+001 -5.000004e-001
      vertex   -2.165042e+001 1.363942e+001 5.500000e+000
      vertex   -2.165042e+001 1.363942e+001 -5.000004e-001
    endloop
  endfacet
  facet normal -6.833827e-002 -1.050581e+000 0.000000e+000
    outer loop
      vertex   -3.365042e+001 1.363942e+001 -5.000004e-001
      vertex   -3.365042e+001 1.363942e+001 5.500000e+000
      vertex   -3.428429e+001 1.368065e+001 5.500000e+000
    endloop
  endfacet
  facet normal 0.000000e+000 -4.472136e+000 0.000000e+000
    outer loop
      vertex   -2.165042e+001 1.363942e+001 -5.000004e-001
      vertex   -3.365042e+001 1.363942e+001 5.500000e+000
      vertex   -3.365042e+001 1.363942e+001 -5.000004e-001
    endloop
  endfacet
  facet normal -1.930915e-001 -1.014181e+000 0.000000e+000
    outer loop
      vertex   -3.428429e+001 1.368065e+001 -5.000004e-001
      vertex   -3.428429e+001 1.368065e+001 5.500000e+000
      vertex   -3.489607e+001 1.379713e+001 5.500000e+000
    endloop
  endfacet
  facet normal -6.455015e-001 -9.923454e+000 0.000000e+000
    outer loop
      vertex   -3.365042e+001 1.363942e+001 -5.000004e-001
      vertex   -3.428429e+001 1.368065e+001 5.500000e+000
      vertex   -3.428429e+001 1.368065e+001 -5.000004e-001
    endloop
  endfacet
  facet normal -3.205872e-001 -9.835856e-001 0.000000e+000
    outer loop
      vertex   -3.489607e+001 1.379713e+001 -5.000004e-001
      vertex   -3.489607e+001 1.379713e+001 5.500000e+000
      vertex   -3.548941e+001 1.399052e+001 5.500000e+000
    endloop
  endfacet
  facet normal -1.860325e+000 -9.771046e+000 -3.469447e-017
    outer loop
      vertex   -3.428429e+001 1.368065e+001 -5.000004e-001
      vertex   -3.489607e+001 1.379713e+001 5.500000e+000
      vertex   -3.489607e+001 1.379713e+001 -5.000004e-001
    endloop
  endfacet
  facet normal -4.452413e-001 -9.467876e-001 0.000000e+000
    outer loop
      vertex   -3.548941e+001 1.399052e+001 -5.000004e-001
      vertex   -3.548941e+001 1.399052e+001 5.500000e+000
      vertex   -3.606062e+001 1.425914e+001 5.500000e+000
    endloop
  endfacet
  facet normal -3.082292e+000 -9.456704e+000 0.000000e+000
    outer loop
      vertex   -3.489607e+001 1.379713e+001 -5.000004e-001
      vertex   -3.548941e+001 1.399052e+001 5.500000e+000
      vertex   -3.548941e+001 1.399052e+001 -5.000004e-001
    endloop
  endfacet
  facet normal -5.542649e-001 -8.736783e-001 0.000000e+000
    outer loop
      vertex   -3.606062e+001 1.425914e+001 -5.000004e-001
      vertex   -3.606062e+001 1.425914e+001 5.500000e+000
      vertex   -3.658765e+001 1.459349e+001 5.500000e+000
    endloop
  endfacet
  facet normal -4.232222e+000 -8.999647e+000 0.000000e+000
    outer loop
      vertex   -3.548941e+001 1.399052e+001 -5.000004e-001
      vertex   -3.606062e+001 1.425914e+001 5.500000e+000
      vertex   -3.606062e+001 1.425914e+001 -5.000004e-001
    endloop
  endfacet
  facet normal -6.670344e-001 -8.055216e-001 0.000000e+000
    outer loop
      vertex   -3.658765e+001 1.459349e+001 -5.000004e-001
      vertex   -3.658765e+001 1.459349e+001 5.500000e+000
      vertex   -3.707363e+001 1.499592e+001 5.500000e+000
    endloop
  endfacet
  facet normal -5.328220e+000 -8.398782e+000 0.000000e+000
    outer loop
      vertex   -3.606062e+001 1.425914e+001 -5.000004e-001
      vertex   -3.658765e+001 1.459349e+001 5.500000e+000
      vertex   -3.658765e+001 1.459349e+001 -5.000004e-001
    endloop
  endfacet
  facet normal 0.000000e+000 0.000000e+000 6.260763e-001
    outer loop
      vertex   -3.750217e+001 2.182742e+001 5.500000e+000
      vertex   -3.750217e+001 1.545142e+001 5.500000e+000
      vertex   -3.707363e+001 1.499592e+001 5.500000e+000
    endloop
  endfacet
  facet normal -7.550737e-001 -7.103927e-001 0.000000e+000
    outer loop
      vertex   -3.707363e+001 1.499592e+001 -5.000004e-001
      vertex   -3.707363e+001 1.499592e+001 5.500000e+000
      vertex   -3.750217e+001 1.545142e+001 5.500000e+000
    endloop
  endfacet
  facet normal -6.342946e+000 -7.659845e+000 0.000000e+000
    outer loop
      vertex   -3.658765e+001 1.459349e+001 -5.000004e-001
      vertex   -3.707363e+001 1.499592e+001 5.500000e+000
      vertex   -3.707363e+001 1.499592e+001 -5.000004e-001
    endloop
  endfacet
  facet normal 0.000000e+000 0.000000e+000 6.283295e-001
    outer loop
      vertex   -3.787152e+001 2.131798e+001 5.500000e+000
      vertex   -3.787152e+001 1.596087e+001 5.500000e+000
      vertex   -3.750217e+001 1.545142e+001 5.500000e+000
    endloop
  endfacet
  facet normal -8.444459e-001 -6.122139e-001 0.000000e+000
    outer loop
      vertex   -3.750217e+001 1.545142e+001 -5.000004e-001
      vertex   -3.750217e+001 1.545142e+001 5.500000e+000
      vertex   -3.787152e+001 1.596087e+001 5.500000e+000
    endloop
  endfacet
  facet normal 0.000000e+000 0.000000e+000 5.869617e+000
    outer loop
      vertex   -3.750217e+001 2.182742e+001 5.500000e+000
      vertex   -3.787152e+001 2.131798e+001 5.500000e+000
      vertex   -3.750217e+001 1.545142e+001 5.500000e+000
    endloop
  endfacet
  facet normal -7.244029e+000 -6.815369e+000 0.000000e+000
    outer loop
      vertex   -3.707363e+001 1.499592e+001 -5.000004e-001
      vertex   -3.750217e+001 1.545142e+001 5.500000e+000
      vertex   -3.750217e+001 1.545142e+001 -5.000004e-001
    endloop
  endfacet
  facet normal 0.000000e+000 0.000000e+000 6.297619e-001
    outer loop
      vertex   -3.817484e+001 2.076769e+001 5.500000e+000
      vertex   -3.817484e+001 1.651115e+001 5.500000e+000
      vertex   -3.787152e+001 1.596087e+001 5.500000e+000
    endloop
  endfacet
  facet normal -9.121552e-001 -5.027798e-001 0.000000e+000
    outer loop
      vertex   -3.787152e+001 1.596087e+001 -5.000004e-001
      vertex   -3.787152e+001 1.596087e+001 5.500000e+000
      vertex   -3.817484e+001 1.651115e+001 5.500000e+000
    endloop
  endfacet
  facet normal 0.000000e+000 0.000000e+000 4.827253e+000
    outer loop
      vertex   -3.787152e+001 2.131798e+001 5.500000e+000
      vertex   -3.817484e+001 2.076769e+001 5.500000e+000
      vertex   -3.787152e+001 1.596087e+001 5.500000e+000
    endloop
  endfacet
  facet normal -8.051988e+000 -5.837602e+000 1.387779e-016
    outer loop
      vertex   -3.750217e+001 1.545142e+001 -5.000004e-001
      vertex   -3.787152e+001 1.596087e+001 5.500000e+000
      vertex   -3.787152e+001 1.596087e+001 -5.000004e-001
    endloop
  endfacet
  facet normal 0.000000e+000 0.000000e+000 6.245326e-001
    outer loop
      vertex   -3.840474e+001 2.018518e+001 5.500000e+000
      vertex   -3.840474e+001 1.709366e+001 5.500000e+000
      vertex   -3.817484e+001 1.651115e+001 5.500000e+000
    endloop
  endfacet
  facet normal -9.656080e-001 -3.811027e-001 0.000000e+000
    outer loop
      vertex   -3.817484e+001 1.651115e+001 -5.000004e-001
      vertex   -3.817484e+001 1.651115e+001 5.500000e+000
      vertex   -3.840474e+001 1.709366e+001 5.500000e+000
    endloop
  endfacet
  facet normal 0.000000e+000 0.000000e+000 3.671179e+000
    outer loop
      vertex   -3.817484e+001 2.076769e+001 5.500000e+000
      vertex   -3.840474e+001 2.018518e+001 5.500000e+000
      vertex   -3.817484e+001 1.651115e+001 5.500000e+000
    endloop
  endfacet
  facet normal -8.710086e+000 -4.800999e+000 0.000000e+000
    outer loop
      vertex   -3.787152e+001 1.596087e+001 -5.000004e-001
      vertex   -3.817484e+001 1.651115e+001 5.500000e+000
      vertex   -3.817484e+001 1.651115e+001 -5.000004e-001
    endloop
  endfacet
  facet normal 0.000000e+000 0.000000e+000 6.325228e-001
    outer loop
      vertex   -3.856197e+001 1.957454e+001 5.500000e+000
      vertex   -3.856197e+001 1.770430e+001 5.500000e+000
      vertex   -3.840474e+001 1.709366e+001 5.500000e+000
    endloop
  endfacet
  facet normal -1.012159e+000 -2.606245e-001 0.000000e+000
    outer loop
      vertex   -3.840474e+001 1.709366e+001 -5.000004e-001
      vertex   -3.840474e+001 1.709366e+001 5.500000e+000
      vertex   -3.856197e+001 1.770430e+001 5.500000e+000
    endloop
  endfacet
  facet normal 0.000000e+000 0.000000e+000 2.493596e+000
    outer loop
      vertex   -3.840474e+001 2.018518e+001 5.500000e+000
      vertex   -3.856197e+001 1.957454e+001 5.500000e+000
      vertex   -3.840474e+001 1.709366e+001 5.500000e+000
    endloop
  endfacet
  facet normal -9.251489e+000 -3.651345e+000 0.000000e+000
    outer loop
      vertex   -3.817484e+001 1.651115e+001 -5.000004e-001
      vertex   -3.840474e+001 1.709366e+001 5.500000e+000
      vertex   -3.840474e+001 1.709366e+001 -5.000004e-001
    endloop
  endfacet
  facet normal 0.000000e+000 0.000000e+000 6.221889e-001
    outer loop
      vertex   -3.863995e+001 1.895507e+001 5.500000e+000
      vertex   -3.863995e+001 1.832377e+001 5.500000e+000
      vertex   -3.856197e+001 1.770430e+001 5.500000e+000
    endloop
  endfacet
  facet normal -1.026902e+000 -1.292561e-001 0.000000e+000
    outer loop
      vertex   -3.856197e+001 1.770430e+001 -5.000004e-001
      vertex   -3.856197e+001 1.770430e+001 5.500000e+000
      vertex   -3.863995e+001 1.832377e+001 5.500000e+000
    endloop
  endfacet
  facet normal 0.000000e+000 0.000000e+000 1.248845e+000
    outer loop
      vertex   -3.856197e+001 1.957454e+001 5.500000e+000
      vertex   -3.863995e+001 1.895507e+001 5.500000e+000
      vertex   -3.856197e+001 1.770430e+001 5.500000e+000
    endloop
  endfacet
  facet normal -9.631070e+000 -2.479939e+000 0.000000e+000
    outer loop
      vertex   -3.840474e+001 1.709366e+001 -5.000004e-001
      vertex   -3.856197e+001 1.770430e+001 5.500000e+000
      vertex   -3.856197e+001 1.770430e+001 -5.000004e-001
    endloop
  endfacet
  facet normal -1.046389e+000 0.000000e+000 0.000000e+000
    outer loop
      vertex   -3.863995e+001 1.832377e+001 -5.000004e-001
      vertex   -3.863995e+001 1.832377e+001 5.500000e+000
      vertex   -3.863995e+001 1.895507e+001 5.500000e+000
    endloop
  endfacet
  facet normal -9.868427e+000 -1.242138e+000 -1.734723e-017
    outer loop
      vertex   -3.856197e+001 1.770430e+001 -5.000004e-001
      vertex   -3.863995e+001 1.832377e+001 5.500000e+000
      vertex   -3.863995e+001 1.832377e+001 -5.000004e-001
    endloop
  endfacet
  facet normal -1.026902e+000 1.292561e-001 0.000000e+000
    outer loop
      vertex   -3.863995e+001 1.895507e+001 -5.000004e-001
      vertex   -3.863995e+001 1.895507e+001 5.500000e+000
      vertex   -3.856197e+001 1.957454e+001 5.500000e+000
    endloop
  endfacet
  facet normal -9.945103e+000 0.000000e+000 0.000000e+000
    outer loop
      vertex   -3.863995e+001 1.832377e+001 -5.000004e-001
      vertex   -3.863995e+001 1.895507e+001 5.500000e+000
      vertex   -3.863995e+001 1.895507e+001 -5.000004e-001
    endloop
  endfacet
  facet normal -1.012159e+000 2.606245e-001 0.000000e+000
    outer loop
      vertex   -3.856197e+001 1.957454e+001 -5.000004e-001
      vertex   -3.856197e+001 1.957454e+001 5.500000e+000
      vertex   -3.840474e+001 2.018518e+001 5.500000e+000
    endloop
  endfacet
  facet normal -9.868427e+000 1.242138e+000 1.734723e-017
    outer loop
      vertex   -3.863995e+001 1.895507e+001 -5.000004e-001
      vertex   -3.856197e+001 1.957454e+001 5.500000e+000
      vertex   -3.856197e+001 1.957454e+001 -5.000004e-001
    endloop
  endfacet
  facet normal -9.656080e-001 3.811027e-001 0.000000e+000
    outer loop
      vertex   -3.840474e+001 2.018518e+001 -5.000004e-001
      vertex   -3.840474e+001 2.018518e+001 5.500000e+000
      vertex   -3.817484e+001 2.076769e+001 5.500000e+000
    endloop
  endfacet
  facet normal -9.631070e+000 2.479939e+000 0.000000e+000
    outer loop
      vertex   -3.856197e+001 1.957454e+001 -5.000004e-001
      vertex   -3.840474e+001 2.018518e+001 5.500000e+000
      vertex   -3.840474e+001 2.018518e+001 -5.000004e-001
    endloop
  endfacet
  facet normal -9.121552e-001 5.027798e-001 0.000000e+000
    outer loop
      vertex   -3.817484e+001 2.076769e+001 -5.000004e-001
      vertex   -3.817484e+001 2.076769e+001 5.500000e+000
      vertex   -3.787152e+001 2.131798e+001 5.500000e+000
    endloop
  endfacet
  facet normal -9.251489e+000 3.651345e+000 0.000000e+000
    outer loop
      vertex   -3.840474e+001 2.018518e+001 -5.000004e-001
      vertex   -3.817484e+001 2.076769e+001 5.500000e+000
      vertex   -3.817484e+001 2.076769e+001 -5.000004e-001
    endloop
  endfacet
  facet normal -8.444459e-001 6.122139e-001 0.000000e+000
    outer loop
      vertex   -3.787152e+001 2.131798e+001 -5.000004e-001
      vertex   -3.787152e+001 2.131798e+001 5.500000e+000
      vertex   -3.750217e+001 2.182742e+001 5.500000e+000
    endloop
  endfacet
  facet normal -8.710086e+000 4.800999e+000 0.000000e+000
    outer loop
      vertex   -3.817484e+001 2.076769e+001 -5.000004e-001
      vertex   -3.787152e+001 2.131798e+001 5.500000e+000
      vertex   -3.787152e+001 2.131798e+001 -5.000004e-001
    endloop
  endfacet
  facet normal -7.550737e-001 7.103927e-001 0.000000e+000
    outer loop
      vertex   -3.750217e+001 2.182742e+001 -5.000004e-001
      vertex   -3.750217e+001 2.182742e+001 5.500000e+000
      vertex   -3.707363e+001 2.228292e+001 5.500000e+000
    endloop
  endfacet
  facet normal -8.051988e+000 5.837602e+000 -1.387779e-016
    outer loop
      vertex   -3.787152e+001 2.131798e+001 -5.000004e-001
      vertex   -3.750217e+001 2.182742e+001 5.500000e+000
      vertex   -3.750217e+001 2.182742e+001 -5.000004e-001
    endloop
  endfacet
  facet normal -6.670344e-001 8.055216e-001 0.000000e+000
    outer loop
      vertex   -3.707363e+001 2.228292e+001 -5.000004e-001
      vertex   -3.707363e+001 2.228292e+001 5.500000e+000
      vertex   -3.658765e+001 2.268535e+001 5.500000e+000
    endloop
  endfacet
  facet normal -7.244029e+000 6.815369e+000 0.000000e+000
    outer loop
      vertex   -3.750217e+001 2.182742e+001 -5.000004e-001
      vertex   -3.707363e+001 2.228292e+001 5.500000e+000
      vertex   -3.707363e+001 2.228292e+001 -5.000004e-001
    endloop
  endfacet
  facet normal -5.542649e-001 8.736783e-001 0.000000e+000
    outer loop
      vertex   -3.658765e+001 2.268535e+001 -5.000004e-001
      vertex   -3.658765e+001 2.268535e+001 5.500000e+000
      vertex   -3.606062e+001 2.301970e+001 5.500000e+000
    endloop
  endfacet
  facet normal -6.342946e+000 7.659845e+000 0.000000e+000
    outer loop
      vertex   -3.707363e+001 2.228292e+001 -5.000004e-001
      vertex   -3.658765e+001 2.268535e+001 5.500000e+000
      vertex   -3.658765e+001 2.268535e+001 -5.000004e-001
    endloop
  endfacet
  facet normal -4.452413e-001 9.467876e-001 0.000000e+000
    outer loop
      vertex   -3.606062e+001 2.301970e+001 -5.000004e-001
      vertex   -3.606062e+001 2.301970e+001 5.500000e+000
      vertex   -3.548941e+001 2.328832e+001 5.500000e+000
    endloop
  endfacet
  facet normal -5.328220e+000 8.398782e+000 0.000000e+000
    outer loop
      vertex   -3.658765e+001 2.268535e+001 -5.000004e-001
      vertex   -3.606062e+001 2.301970e+001 5.500000e+000
      vertex   -3.606062e+001 2.301970e+001 -5.000004e-001
    endloop
  endfacet
  facet normal -3.205872e-001 9.835856e-001 0.000000e+000
    outer loop
      vertex   -3.548941e+001 2.328832e+001 -5.000004e-001
      vertex   -3.548941e+001 2.328832e+001 5.500000e+000
      vertex   -3.489607e+001 2.348171e+001 5.500000e+000
    endloop
  endfacet
  facet normal -4.232222e+000 8.999647e+000 0.000000e+000
    outer loop
      vertex   -3.606062e+001 2.301970e+001 -5.000004e-001
      vertex   -3.548941e+001 2.328832e+001 5.500000e+000
      vertex   -3.548941e+001 2.328832e+001 -5.000004e-001
    endloop
  endfacet
  facet normal -1.930915e-001 1.014181e+000 0.000000e+000
    outer loop
      vertex   -3.489607e+001 2.348171e+001 -5.000004e-001
      vertex   -3.489607e+001 2.348171e+001 5.500000e+000
      vertex   -3.428429e+001 2.359819e+001 5.500000e+000
    endloop
  endfacet
  facet normal -3.082292e+000 9.456704e+000 0.000000e+000
    outer loop
      vertex   -3.548941e+001 2.328832e+001 -5.000004e-001
      vertex   -3.489607e+001 2.348171e+001 5.500000e+000
      vertex   -3.489607e+001 2.348171e+001 -5.000004e-001
    endloop
  endfacet
  facet normal -6.833827e-002 1.050581e+000 0.000000e+000
    outer loop
      vertex   -3.428429e+001 2.359819e+001 -5.000004e-001
      vertex   -3.428429e+001 2.359819e+001 5.500000e+000
      vertex   -3.365042e+001 2.363942e+001 5.500000e+000
    endloop
  endfacet
  facet normal -1.860325e+000 9.771046e+000 3.469447e-017
    outer loop
      vertex   -3.489607e+001 2.348171e+001 -5.000004e-001
      vertex   -3.428429e+001 2.359819e+001 5.500000e+000
      vertex   -3.428429e+001 2.359819e+001 -5.000004e-001
    endloop
  endfacet
  facet normal 0.000000e+000 9.205746e+000 0.000000e+000
    outer loop
      vertex   -3.365042e+001 2.363942e+001 -5.000004e-001
      vertex   -3.365042e+001 2.363942e+001 5.500000e+000
      vertex   -1.950829e+001 2.363942e+001 5.500000e+000
    endloop
  endfacet
  facet normal -6.455015e-001 9.923454e+000 0.000000e+000
    outer loop
      vertex   -3.428429e+001 2.359819e+001 -5.000004e-001
      vertex   -3.365042e+001 2.363942e+001 5.500000e+000
      vertex   -3.365042e+001 2.363942e+001 -5.000004e-001
    endloop
  endfacet
  facet normal 0.000000e+000 9.610281e+000 0.000000e+000
    outer loop
      vertex   -1.950829e+001 2.363942e+001 -5.000004e-001
      vertex   -1.950829e+001 2.363942e+001 5.500000e+000
      vertex   1.349576e+000 2.363942e+001 5.500000e+000
    endloop
  endfacet
  facet normal 0.000000e+000 3.905668e+000 0.000000e+000
    outer loop
      vertex   -3.365042e+001 2.363942e+001 -5.000004e-001
      vertex   -1.950829e+001 2.363942e+001 5.500000e+000
      vertex   -1.950829e+001 2.363942e+001 -5.000004e-001
    endloop
  endfacet
  facet normal 6.833827e-002 1.050585e+000 0.000000e+000
    outer loop
      vertex   1.349576e+000 2.363942e+001 -5.000004e-001
      vertex   1.349576e+000 2.363942e+001 5.500000e+000
      vertex   1.983450e+000 2.359819e+001 5.500000e+000
    endloop
  endfacet
  facet normal 0.000000e+000 2.764506e+000 0.000000e+000
    outer loop
      vertex   -1.950829e+001 2.363942e+001 -5.000004e-001
      vertex   1.349576e+000 2.363942e+001 5.500000e+000
      vertex   1.349576e+000 2.363942e+001 -5.000004e-001
    endloop
  endfacet
  facet normal 1.930915e-001 1.014176e+000 0.000000e+000
    outer loop
      vertex   1.983450e+000 2.359819e+001 -5.000004e-001
      vertex   1.983450e+000 2.359819e+001 5.500000e+000
      vertex   2.595225e+000 2.348171e+001 5.500000e+000
    endloop
  endfacet
  facet normal 6.454989e-001 9.923453e+000 1.734723e-017
    outer loop
      vertex   1.349576e+000 2.363942e+001 -5.000004e-001
      vertex   1.983450e+000 2.359819e+001 5.500000e+000
      vertex   1.983450e+000 2.359819e+001 -5.000004e-001
    endloop
  endfacet
  facet normal 3.205872e-001 9.835907e-001 0.000000e+000
    outer loop
      vertex   2.595225e+000 2.348171e+001 -5.000004e-001
      vertex   2.595225e+000 2.348171e+001 5.500000e+000
      vertex   3.188563e+000 2.328832e+001 5.500000e+000
    endloop
  endfacet
  facet normal 1.860333e+000 9.771045e+000 3.469447e-017
    outer loop
      vertex   1.983450e+000 2.359819e+001 -5.000004e-001
      vertex   2.595225e+000 2.348171e+001 5.500000e+000
      vertex   2.595225e+000 2.348171e+001 -5.000004e-001
    endloop
  endfacet
  facet normal 0.000000e+000 0.000000e+000 6.313569e-001
    outer loop
      vertex   3.759766e+000 1.425914e+001 5.500000e+000
      vertex   3.759766e+000 2.301970e+001 5.500000e+000
      vertex   3.188563e+000 2.328832e+001 5.500000e+000
    endloop
  endfacet
  facet normal 4.452413e-001 9.467805e-001 0.000000e+000
    outer loop
      vertex   3.188563e+000 2.328832e+001 -5.000004e-001
      vertex   3.188563e+000 2.328832e+001 5.500000e+000
      vertex   3.759766e+000 2.301970e+001 5.500000e+000
    endloop
  endfacet
  facet normal 0.000000e+000 0.000000e+000 9.049300e+000
    outer loop
      vertex   3.188563e+000 1.399052e+001 5.500000e+000
      vertex   3.759766e+000 1.425914e+001 5.500000e+000
      vertex   3.188563e+000 2.328832e+001 5.500000e+000
    endloop
  endfacet
  facet normal 3.082278e+000 9.456709e+000 0.000000e+000
    outer loop
      vertex   2.595225e+000 2.348171e+001 -5.000004e-001
      vertex   3.188563e+000 2.328832e+001 5.500000e+000
      vertex   3.188563e+000 2.328832e+001 -5.000004e-001
    endloop
  endfacet
  facet normal 0.000000e+000 0.000000e+000 6.242526e-001
    outer loop
      vertex   4.286803e+000 1.459349e+001 5.500000e+000
      vertex   4.286803e+000 2.268535e+001 5.500000e+000
      vertex   3.759766e+000 2.301970e+001 5.500000e+000
    endloop
  endfacet
  facet normal 5.542649e-001 8.736792e-001 0.000000e+000
    outer loop
      vertex   3.759766e+000 2.301970e+001 -5.000004e-001
      vertex   3.759766e+000 2.301970e+001 5.500000e+000
      vertex   4.286803e+000 2.268535e+001 5.500000e+000
    endloop
  endfacet
  facet normal 0.000000e+000 0.000000e+000 8.444105e+000
    outer loop
      vertex   3.759766e+000 1.425914e+001 5.500000e+000
      vertex   4.286803e+000 1.459349e+001 5.500000e+000
      vertex   3.759766e+000 2.301970e+001 5.500000e+000
    endloop
  endfacet
  facet normal 4.232248e+000 8.999636e+000 0.000000e+000
    outer loop
      vertex   3.188563e+000 2.328832e+001 -5.000004e-001
      vertex   3.759766e+000 2.301970e+001 5.500000e+000
      vertex   3.759766e+000 2.301970e+001 -5.000004e-001
    endloop
  endfacet
  facet normal 0.000000e+000 0.000000e+000 6.307527e-001
    outer loop
      vertex   4.772783e+000 1.499592e+001 5.500000e+000
      vertex   4.772783e+000 2.228292e+001 5.500000e+000
      vertex   4.286803e+000 2.268535e+001 5.500000e+000
    endloop
  endfacet
  facet normal 6.670344e-001 8.055255e-001 0.000000e+000
    outer loop
      vertex   4.286803e+000 2.268535e+001 -5.000004e-001
      vertex   4.286803e+000 2.268535e+001 5.500000e+000
      vertex   4.772783e+000 2.228292e+001 5.500000e+000
    endloop
  endfacet
  facet normal 0.000000e+000 0.000000e+000 7.702099e+000
    outer loop
      vertex   4.286803e+000 1.459349e+001 5.500000e+000
      vertex   4.772783e+000 1.499592e+001 5.500000e+000
      vertex   4.286803e+000 2.268535e+001 5.500000e+000
    endloop
  endfacet
  facet normal 5.328216e+000 8.398785e+000 0.000000e+000
    outer loop
      vertex   3.759766e+000 2.301970e+001 -5.000004e-001
      vertex   4.286803e+000 2.268535e+001 5.500000e+000
      vertex   4.286803e+000 2.268535e+001 -5.000004e-001
    endloop
  endfacet
  facet normal 0.000000e+000 0.000000e+000 6.260737e-001
    outer loop
      vertex   5.201326e+000 1.545142e+001 5.500000e+000
      vertex   5.201326e+000 2.182742e+001 5.500000e+000
      vertex   4.772783e+000 2.228292e+001 5.500000e+000
    endloop
  endfacet
  facet normal 7.550737e-001 7.103899e-001 0.000000e+000
    outer loop
      vertex   4.772783e+000 2.228292e+001 -5.000004e-001
      vertex   4.772783e+000 2.228292e+001 5.500000e+000
      vertex   5.201326e+000 2.182742e+001 5.500000e+000
    endloop
  endfacet
  facet normal 0.000000e+000 0.000000e+000 6.852277e+000
    outer loop
      vertex   4.772783e+000 1.499592e+001 5.500000e+000
      vertex   5.201326e+000 1.545142e+001 5.500000e+000
      vertex   4.772783e+000 2.228292e+001 5.500000e+000
    endloop
  endfacet
  facet normal 6.342928e+000 7.659860e+000 0.000000e+000
    outer loop
      vertex   4.286803e+000 2.268535e+001 -5.000004e-001
      vertex   4.772783e+000 2.228292e+001 5.500000e+000
      vertex   4.772783e+000 2.228292e+001 -5.000004e-001
    endloop
  endfacet
  facet normal 0.000000e+000 0.000000e+000 6.283309e-001
    outer loop
      vertex   5.570670e+000 1.596087e+001 5.500000e+000
      vertex   5.570670e+000 2.131798e+001 5.500000e+000
      vertex   5.201326e+000 2.182742e+001 5.500000e+000
    endloop
  endfacet
  facet normal 8.444459e-001 6.122153e-001 0.000000e+000
    outer loop
      vertex   5.201326e+000 2.182742e+001 -5.000004e-001
      vertex   5.201326e+000 2.182742e+001 5.500000e+000
      vertex   5.570670e+000 2.131798e+001 5.500000e+000
    endloop
  endfacet
  facet normal 0.000000e+000 0.000000e+000 5.869626e+000
    outer loop
      vertex   5.201326e+000 1.545142e+001 5.500000e+000
      vertex   5.570670e+000 1.596087e+001 5.500000e+000
      vertex   5.201326e+000 2.182742e+001 5.500000e+000
    endloop
  endfacet
  facet normal 7.244043e+000 6.815353e+000 0.000000e+000
    outer loop
      vertex   4.772783e+000 2.228292e+001 -5.000004e-001
      vertex   5.201326e+000 2.182742e+001 5.500000e+000
      vertex   5.201326e+000 2.182742e+001 -5.000004e-001
    endloop
  endfacet
  facet normal 0.000000e+000 0.000000e+000 6.297588e-001
    outer loop
      vertex   5.873986e+000 1.651115e+001 5.500000e+000
      vertex   5.873986e+000 2.076769e+001 5.500000e+000
      vertex   5.570670e+000 2.131798e+001 5.500000e+000
    endloop
  endfacet
  facet normal 9.121552e-001 5.027773e-001 0.000000e+000
    outer loop
      vertex   5.570670e+000 2.131798e+001 -5.000004e-001
      vertex   5.570670e+000 2.131798e+001 5.500000e+000
      vertex   5.873986e+000 2.076769e+001 5.500000e+000
    endloop
  endfacet
  facet normal 0.000000e+000 0.000000e+000 4.827235e+000
    outer loop
      vertex   5.570670e+000 1.596087e+001 5.500000e+000
      vertex   5.873986e+000 1.651115e+001 5.500000e+000
      vertex   5.570670e+000 2.131798e+001 5.500000e+000
    endloop
  endfacet
  facet normal 8.051981e+000 5.837611e+000 0.000000e+000
    outer loop
      vertex   5.201326e+000 2.182742e+001 -5.000004e-001
      vertex   5.570670e+000 2.131798e+001 5.500000e+000
      vertex   5.570670e+000 2.131798e+001 -5.000004e-001
    endloop
  endfacet
  facet normal 0.000000e+000 0.000000e+000 6.245350e-001
    outer loop
      vertex   6.103891e+000 1.709366e+001 5.500000e+000
      vertex   6.103891e+000 2.018518e+001 5.500000e+000
      vertex   5.873986e+000 2.076769e+001 5.500000e+000
    endloop
  endfacet
  facet normal 9.656080e-001 3.811042e-001 0.000000e+000
    outer loop
      vertex   5.873986e+000 2.076769e+001 -5.000004e-001
      vertex   5.873986e+000 2.076769e+001 5.500000e+000
      vertex   6.103891e+000 2.018518e+001 5.500000e+000
    endloop
  endfacet
  facet normal 0.000000e+000 0.000000e+000 3.671191e+000
    outer loop
      vertex   5.873986e+000 1.651115e+001 5.500000e+000
      vertex   6.103891e+000 1.709366e+001 5.500000e+000
      vertex   5.873986e+000 2.076769e+001 5.500000e+000
    endloop
  endfacet
  facet normal 8.710096e+000 4.800981e+000 0.000000e+000
    outer loop
      vertex   5.570670e+000 2.131798e+001 -5.000004e-001
      vertex   5.873986e+000 2.076769e+001 5.500000e+000
      vertex   5.873986e+000 2.076769e+001 -5.000004e-001
    endloop
  endfacet
  facet normal 0.000000e+000 0.000000e+000 6.325180e-001
    outer loop
      vertex   6.261126e+000 1.770430e+001 5.500000e+000
      vertex   6.261126e+000 1.957454e+001 5.500000e+000
      vertex   6.103891e+000 2.018518e+001 5.500000e+000
    endloop
  endfacet
  facet normal 1.012159e+000 2.606225e-001 0.000000e+000
    outer loop
      vertex   6.103891e+000 2.018518e+001 -5.000004e-001
      vertex   6.103891e+000 2.018518e+001 5.500000e+000
      vertex   6.261126e+000 1.957454e+001 5.500000e+000
    endloop
  endfacet
  facet normal 0.000000e+000 0.000000e+000 2.493579e+000
    outer loop
      vertex   6.103891e+000 1.709366e+001 5.500000e+000
      vertex   6.261126e+000 1.770430e+001 5.500000e+000
      vertex   6.103891e+000 2.018518e+001 5.500000e+000
    endloop
  endfacet
  facet normal 9.251484e+000 3.651357e+000 0.000000e+000
    outer loop
      vertex   5.873986e+000 2.076769e+001 -5.000004e-001
      vertex   6.103891e+000 2.018518e+001 5.500000e+000
      vertex   6.103891e+000 2.018518e+001 -5.000004e-001
    endloop
  endfacet
  facet normal 0.000000e+000 0.000000e+000 6.221889e-001
    outer loop
      vertex   6.339098e+000 1.832377e+001 5.500000e+000
      vertex   6.339098e+000 1.895507e+001 5.500000e+000
      vertex   6.261126e+000 1.957454e+001 5.500000e+000
    endloop
  endfacet
  facet normal 1.026902e+000 1.292561e-001 0.000000e+000
    outer loop
      vertex   6.261126e+000 1.957454e+001 -5.000004e-001
      vertex   6.261126e+000 1.957454e+001 5.500000e+000
      vertex   6.339098e+000 1.895507e+001 5.500000e+000
    endloop
  endfacet
  facet normal 0.000000e+000 0.000000e+000 1.248845e+000
    outer loop
      vertex   6.261126e+000 1.770430e+001 5.500000e+000
      vertex   6.339098e+000 1.832377e+001 5.500000e+000
      vertex   6.261126e+000 1.957454e+001 5.500000e+000
    endloop
  endfacet
  facet normal 9.631075e+000 2.479922e+000 -3.469447e-017
    outer loop
      vertex   6.103891e+000 2.018518e+001 -5.000004e-001
      vertex   6.261126e+000 1.957454e+001 5.500000e+000
      vertex   6.261126e+000 1.957454e+001 -5.000004e-001
    endloop
  endfacet
  facet normal 1.046389e+000 0.000000e+000 0.000000e+000
    outer loop
      vertex   6.339098e+000 1.895507e+001 -5.000004e-001
      vertex   6.339098e+000 1.895507e+001 5.500000e+000
      vertex   6.339098e+000 1.832377e+001 5.500000e+000
    endloop
  endfacet
  facet normal 9.868427e+000 1.242138e+000 -1.734723e-017
    outer loop
      vertex   6.261126e+000 1.957454e+001 -5.000004e-001
      vertex   6.339098e+000 1.895507e+001 5.500000e+000
      vertex   6.339098e+000 1.895507e+001 -5.000004e-001
    endloop
  endfacet
  facet normal 1.026902e+000 -1.292561e-001 0.000000e+000
    outer loop
      vertex   6.339098e+000 1.832377e+001 -5.000004e-001
      vertex   6.339098e+000 1.832377e+001 5.500000e+000
      vertex   6.261126e+000 1.770430e+001 5.500000e+000
    endloop
  endfacet
  facet normal 9.945103e+000 0.000000e+000 0.000000e+000
    outer loop
      vertex   6.339098e+000 1.895507e+001 -5.000004e-001
      vertex   6.339098e+000 1.832377e+001 5.500000e+000
      vertex   6.339098e+000 1.832377e+001 -5.000004e-001
    endloop
  endfacet
  facet normal 1.012159e+000 -2.606225e-001 0.000000e+000
    outer loop
      vertex   6.261126e+000 1.770430e+001 -5.000004e-001
      vertex   6.261126e+000 1.770430e+001 5.500000e+000
      vertex   6.103891e+000 1.709366e+001 5.500000e+000
    endloop
  endfacet
  facet normal 9.868427e+000 -1.242138e+000 1.734723e-017
    outer loop
      vertex   6.339098e+000 1.832377e+001 -5.000004e-001
      vertex   6.261126e+000 1.770430e+001 5.500000e+000
      vertex   6.261126e+000 1.770430e+001 -5.000004e-001
    endloop
  endfacet
  facet normal 9.656080e-001 -3.811042e-001 0.000000e+000
    outer loop
      vertex   6.103891e+000 1.709366e+001 -5.000004e-001
      vertex   6.103891e+000 1.709366e+001 5.500000e+000
      vertex   5.873986e+000 1.651115e+001 5.500000e+000
    endloop
  endfacet
  facet normal 9.631075e+000 -2.479922e+000 3.469447e-017
    outer loop
      vertex   6.261126e+000 1.770430e+001 -5.000004e-001
      vertex   6.103891e+000 1.709366e+001 5.500000e+000
      vertex   6.103891e+000 1.709366e+001 -5.000004e-001
    endloop
  endfacet
  facet normal 9.121552e-001 -5.027773e-001 0.000000e+000
    outer loop
      vertex   5.873986e+000 1.651115e+001 -5.000004e-001
      vertex   5.873986e+000 1.651115e+001 5.500000e+000
      vertex   5.570670e+000 1.596087e+001 5.500000e+000
    endloop
  endfacet
  facet normal 9.251484e+000 -3.651357e+000 0.000000e+000
    outer loop
      vertex   6.103891e+000 1.709366e+001 -5.000004e-001
      vertex   5.873986e+000 1.651115e+001 5.500000e+000
      vertex   5.873986e+000 1.651115e+001 -5.000004e-001
    endloop
  endfacet
  facet normal 8.444459e-001 -6.122153e-001 0.000000e+000
    outer loop
      vertex   5.570670e+000 1.596087e+001 -5.000004e-001
      vertex   5.570670e+000 1.596087e+001 5.500000e+000
      vertex   5.201326e+000 1.545142e+001 5.500000e+000
    endloop
  endfacet
  facet normal 8.710096e+000 -4.800981e+000 0.000000e+000
    outer loop
      vertex   5.873986e+000 1.651115e+001 -5.000004e-001
      vertex   5.570670e+000 1.596087e+001 5.500000e+000
      vertex   5.570670e+000 1.596087e+001 -5.000004e-001
    endloop
  endfacet
  facet normal 7.550737e-001 -7.103899e-001 0.000000e+000
    outer loop
      vertex   5.201326e+000 1.545142e+001 -5.000004e-001
      vertex   5.201326e+000 1.545142e+001 5.500000e+000
      vertex   4.772783e+000 1.499592e+001 5.500000e+000
    endloop
  endfacet
  facet normal 8.051981e+000 -5.837611e+000 0.000000e+000
    outer loop
      vertex   5.570670e+000 1.596087e+001 -5.000004e-001
      vertex   5.201326e+000 1.545142e+001 5.500000e+000
      vertex   5.201326e+000 1.545142e+001 -5.000004e-001
    endloop
  endfacet
  facet normal 6.670344e-001 -8.055255e-001 0.000000e+000
    outer loop
      vertex   4.772783e+000 1.499592e+001 -5.000004e-001
      vertex   4.772783e+000 1.499592e+001 5.500000e+000
      vertex   4.286803e+000 1.459349e+001 5.500000e+000
    endloop
  endfacet
  facet normal 7.244043e+000 -6.815353e+000 0.000000e+000
    outer loop
      vertex   5.201326e+000 1.545142e+001 -5.000004e-001
      vertex   4.772783e+000 1.499592e+001 5.500000e+000
      vertex   4.772783e+000 1.499592e+001 -5.000004e-001
    endloop
  endfacet
  facet normal 5.542649e-001 -8.736792e-001 0.000000e+000
    outer loop
      vertex   4.286803e+000 1.459349e+001 -5.000004e-001
      vertex   4.286803e+000 1.459349e+001 5.500000e+000
      vertex   3.759766e+000 1.425914e+001 5.500000e+000
    endloop
  endfacet
  facet normal 6.342928e+000 -7.659860e+000 0.000000e+000
    outer loop
      vertex   4.772783e+000 1.499592e+001 -5.000004e-001
      vertex   4.286803e+000 1.459349e+001 5.500000e+000
      vertex   4.286803e+000 1.459349e+001 -5.000004e-001
    endloop
  endfacet
  facet normal 4.452413e-001 -9.467805e-001 0.000000e+000
    outer loop
      vertex   3.759766e+000 1.425914e+001 -5.000004e-001
      vertex   3.759766e+000 1.425914e+001 5.500000e+000
      vertex   3.188563e+000 1.399052e+001 5.500000e+000
    endloop
  endfacet
  facet normal 5.328216e+000 -8.398785e+000 0.000000e+000
    outer loop
      vertex   4.286803e+000 1.459349e+001 -5.000004e-001
      vertex   3.759766e+000 1.425914e+001 5.500000e+000
      vertex   3.759766e+000 1.425914e+001 -5.000004e-001
    endloop
  endfacet
  facet normal 3.205872e-001 -9.835907e-001 0.000000e+000
    outer loop
      vertex   3.188563e+000 1.399052e+001 -5.000004e-001
      vertex   3.188563e+000 1.399052e+001 5.500000e+000
      vertex   2.595225e+000 1.379713e+001 5.500000e+000
    endloop
  endfacet
  facet normal 4.232248e+000 -8.999636e+000 0.000000e+000
    outer loop
      vertex   3.759766e+000 1.425914e+001 -5.000004e-001
      vertex   3.188563e+000 1.399052e+001 5.500000e+000
      vertex   3.188563e+000 1.399052e+001 -5.000004e-001
    endloop
  endfacet
  facet normal 1.930915e-001 -1.014176e+000 0.000000e+000
    outer loop
      vertex   2.595225e+000 1.379713e+001 -5.000004e-001
      vertex   2.595225e+000 1.379713e+001 5.500000e+000
      vertex   1.983450e+000 1.368065e+001 5.500000e+000
    endloop
  endfacet
  facet normal 3.082278e+000 -9.456709e+000 0.000000e+000
    outer loop
      vertex   3.188563e+000 1.399052e+001 -5.000004e-001
      vertex   2.595225e+000 1.379713e+001 5.500000e+000
      vertex   2.595225e+000 1.379713e+001 -5.000004e-001
    endloop
  endfacet
  facet normal 6.833827e-002 -1.050585e+000 0.000000e+000
    outer loop
      vertex   1.983450e+000 1.368065e+001 -5.000004e-001
      vertex   1.983450e+000 1.368065e+001 5.500000e+000
      vertex   1.349576e+000 1.363942e+001 5.500000e+000
    endloop
  endfacet
  facet normal 1.860333e+000 -9.771045e+000 -3.469447e-017
    outer loop
      vertex   2.595225e+000 1.379713e+001 -5.000004e-001
      vertex   1.983450e+000 1.368065e+001 5.500000e+000
      vertex   1.983450e+000 1.368065e+001 -5.000004e-001
    endloop
  endfacet
  facet normal 0.000000e+000 -3.162278e+000 0.000000e+000
    outer loop
      vertex   1.349576e+000 1.363942e+001 -5.000004e-001
      vertex   1.349576e+000 1.363942e+001 5.500000e+000
      vertex   -6.504242e-001 1.363942e+001 5.500000e+000
    endloop
  endfacet
  facet normal 6.454989e-001 -9.923453e+000 -1.734723e-017
    outer loop
      vertex   1.983450e+000 1.368065e+001 -5.000004e-001
      vertex   1.349576e+000 1.363942e+001 5.500000e+000
      vertex   1.349576e+000 1.363942e+001 -5.000004e-001
    endloop
  endfacet
  facet normal 6.253234e-002 -7.845979e-001 0.000000e+000
    outer loop
      vertex   -6.504242e-001 1.363942e+001 -5.000004e-001
      vertex   -6.504242e-001 1.363942e+001 5.500000e+000
      vertex   -1.122648e+000 1.360178e+001 5.500000e+000
    endloop
  endfacet
  facet normal 0.000000e+000 -9.486833e+000 0.000000e+000
    outer loop
      vertex   1.349576e+000 1.363942e+001 -5.000004e-001
      vertex   -6.504242e-001 1.363942e+001 5.500000e+000
      vertex   -6.504242e-001 1.363942e+001 -5.000004e-001
    endloop
  endfacet
  facet normal 1.812106e-001 -7.543291e-001 0.000000e+000
    outer loop
      vertex   -1.122648e+000 1.360178e+001 -5.000004e-001
      vertex   -1.122648e+000 1.360178e+001 5.500000e+000
      vertex   -1.576614e+000 1.349273e+001 5.500000e+000
    endloop
  endfacet
  facet normal 7.944792e-001 -9.968390e+000 0.000000e+000
    outer loop
      vertex   -1.122648e+000 1.360178e+001 -5.000004e-001
      vertex   -6.504242e-001 1.363942e+001 -5.000004e-001
      vertex   -1.122648e+000 1.360178e+001 5.500000e+000
    endloop
  endfacet
  facet normal 3.004054e-001 -7.252377e-001 0.000000e+000
    outer loop
      vertex   -1.576614e+000 1.349273e+001 -5.000004e-001
      vertex   -1.576614e+000 1.349273e+001 5.500000e+000
      vertex   -2.013103e+000 1.331193e+001 5.500000e+000
    endloop
  endfacet
  facet normal 2.328782e+000 -9.694067e+000 0.000000e+000
    outer loop
      vertex   -1.122648e+000 1.360178e+001 -5.000004e-001
      vertex   -1.576614e+000 1.349273e+001 5.500000e+000
      vertex   -1.576614e+000 1.349273e+001 -5.000004e-001
    endloop
  endfacet
  facet normal 4.078313e-001 -6.648806e-001 0.000000e+000
    outer loop
      vertex   -2.013103e+000 1.331193e+001 -5.000004e-001
      vertex   -2.013103e+000 1.331193e+001 5.500000e+000
      vertex   -2.413251e+000 1.306648e+001 5.500000e+000
    endloop
  endfacet
  facet normal 3.815048e+000 -9.210277e+000 3.469447e-017
    outer loop
      vertex   -1.576614e+000 1.349273e+001 -5.000004e-001
      vertex   -2.013103e+000 1.331193e+001 5.500000e+000
      vertex   -2.013103e+000 1.331193e+001 -5.000004e-001
    endloop
  endfacet
  facet normal 5.080041e-001 -5.956551e-001 0.000000e+000
    outer loop
      vertex   -2.413251e+000 1.306648e+001 -5.000004e-001
      vertex   -2.413251e+000 1.306648e+001 5.500000e+000
      vertex   -2.771744e+000 1.276074e+001 5.500000e+000
    endloop
  endfacet
  facet normal 5.212708e+000 -8.498193e+000 0.000000e+000
    outer loop
      vertex   -2.013103e+000 1.331193e+001 -5.000004e-001
      vertex   -2.413251e+000 1.306648e+001 5.500000e+000
      vertex   -2.413251e+000 1.306648e+001 -5.000004e-001
    endloop
  endfacet
  facet normal 5.956541e-001 -5.080041e-001 0.000000e+000
    outer loop
      vertex   -2.771744e+000 1.276074e+001 -5.000004e-001
      vertex   -2.771744e+000 1.276074e+001 5.500000e+000
      vertex   -3.077485e+000 1.240225e+001 5.500000e+000
    endloop
  endfacet
  facet normal 6.469147e+000 -7.585332e+000 -6.938894e-017
    outer loop
      vertex   -2.413251e+000 1.306648e+001 -5.000004e-001
      vertex   -2.771744e+000 1.276074e+001 5.500000e+000
      vertex   -2.771744e+000 1.276074e+001 -5.000004e-001
    endloop
  endfacet
  facet normal 6.648806e-001 -4.078323e-001 0.000000e+000
    outer loop
      vertex   -3.077485e+000 1.240225e+001 -5.000004e-001
      vertex   -3.077485e+000 1.240225e+001 5.500000e+000
      vertex   -3.322932e+000 1.200210e+001 5.500000e+000
    endloop
  endfacet
  facet normal 7.585327e+000 -6.469152e+000 6.938894e-017
    outer loop
      vertex   -2.771744e+000 1.276074e+001 -5.000004e-001
      vertex   -3.077485e+000 1.240225e+001 5.500000e+000
      vertex   -3.077485e+000 1.240225e+001 -5.000004e-001
    endloop
  endfacet
  facet normal 7.252417e-001 -3.004034e-001 0.000000e+000
    outer loop
      vertex   -3.322932e+000 1.200210e+001 -5.000004e-001
      vertex   -3.322932e+000 1.200210e+001 5.500000e+000
      vertex   -3.503732e+000 1.156561e+001 5.500000e+000
    endloop
  endfacet
  facet normal 8.498186e+000 -5.212718e+000 0.000000e+000
    outer loop
      vertex   -3.077485e+000 1.240225e+001 -5.000004e-001
      vertex   -3.322932e+000 1.200210e+001 5.500000e+000
      vertex   -3.322932e+000 1.200210e+001 -5.000004e-001
    endloop
  endfacet
  facet normal 7.543272e-001 -1.812106e-001 0.000000e+000
    outer loop
      vertex   -3.503732e+000 1.156561e+001 -5.000004e-001
      vertex   -3.503732e+000 1.156561e+001 5.500000e+000
      vertex   -3.612787e+000 1.111164e+001 5.500000e+000
    endloop
  endfacet
  facet normal 9.210293e+000 -3.815008e+000 0.000000e+000
    outer loop
      vertex   -3.322932e+000 1.200210e+001 -5.000004e-001
      vertex   -3.503732e+000 1.156561e+001 5.500000e+000
      vertex   -3.503732e+000 1.156561e+001 -5.000004e-001
    endloop
  endfacet
  facet normal 9.694065e+000 -2.328787e+000 0.000000e+000
    outer loop
      vertex   -3.503732e+000 1.156561e+001 -5.000004e-001
      vertex   -3.612787e+000 1.111164e+001 5.500000e+000
      vertex   -3.612787e+000 1.111164e+001 -5.000004e-001
    endloop
  endfacet
  facet normal 0.000000e+000 0.000000e+000 -9.529258e+000
    outer loop
      vertex   -5.650424e+000 1.713942e+001 -5.000004e-001
      vertex   -5.650424e+000 1.363942e+001 -5.000004e-001
      vertex   -1.665042e+001 1.363942e+001 -5.000004e-001
    endloop
  endfacet
  facet normal 0.000000e+000 0.000000e+000 -1.185896e+000
    outer loop
      vertex   -1.704378e+001 8.678781e+000 -5.000004e-001
      vertex   -1.665042e+001 1.363942e+001 -5.000004e-001
      vertex   -1.665042e+001 1.063942e+001 -5.000004e-001
    endloop
  endfacet
  facet normal 0.000000e+000 0.000000e+000 -1.000000e+001
    outer loop
      vertex   -1.665042e+001 1.713942e+001 -5.000004e-001
      vertex   -5.650424e+000 1.713942e+001 -5.000004e-001
      vertex   -1.665042e+001 1.363942e+001 -5.000004e-001
    endloop
  endfacet
  facet normal 0.000000e+000 0.000000e+000 -3.266542e-001
    outer loop
      vertex   -1.704378e+001 8.678781e+000 -5.000004e-001
      vertex   -1.665042e+001 1.713942e+001 -5.000004e-001
      vertex   -1.665042e+001 1.363942e+001 -5.000004e-001
    endloop
  endfacet
  facet normal 0.000000e+000 0.000000e+000 -1.165193e+000
    outer loop
      vertex   1.349576e+000 2.363942e+001 -5.000004e-001
      vertex   -5.650424e+000 1.063942e+001 -5.000004e-001
      vertex   -5.650424e+000 1.363942e+001 -5.000004e-001
    endloop
  endfacet
  facet normal 0.000000e+000 0.000000e+000 -2.101148e+000
    outer loop
      vertex   1.349576e+000 2.363942e+001 -5.000004e-001
      vertex   -5.650424e+000 1.363942e+001 -5.000004e-001
      vertex   -5.650424e+000 1.713942e+001 -5.000004e-001
    endloop
  endfacet
  facet normal 0.000000e+000 0.000000e+000 -9.838699e+000
    outer loop
      vertex   -1.665042e+001 8.639421e+000 -5.000004e-001
      vertex   -1.665042e+001 1.063942e+001 -5.000004e-001
      vertex   -5.650424e+000 1.063942e+001 -5.000004e-001
    endloop
  endfacet
  facet normal 0.000000e+000 0.000000e+000 -4.228855e+000
    outer loop
      vertex   -5.650424e+000 8.639421e+000 -5.000004e-001
      vertex   -5.650424e+000 1.063942e+001 -5.000004e-001
      vertex   1.349576e+000 2.363942e+001 -5.000004e-001
    endloop
  endfacet
  facet normal 0.000000e+000 0.000000e+000 -1.000000e+001
    outer loop
      vertex   -5.650424e+000 8.639421e+000 -5.000004e-001
      vertex   -1.665042e+001 8.639421e+000 -5.000004e-001
      vertex   -5.650424e+000 1.063942e+001 -5.000004e-001
    endloop
  endfacet
  facet normal 0.000000e+000 0.000000e+000 -9.950313e+000
    outer loop
      vertex   -1.665042e+001 8.639421e+000 -5.000004e-001
      vertex   -1.704378e+001 8.678781e+000 -5.000004e-001
      vertex   -1.665042e+001 1.063942e+001 -5.000004e-001
    endloop
  endfacet
  facet normal 0.000000e+000 0.000000e+000 -1.226924e-002
    outer loop
      vertex   2.595225e+000 1.379713e+001 -5.000004e-001
      vertex   3.010317e+000 1.828013e+001 -5.000004e-001
      vertex   3.049577e+000 1.863942e+001 -5.000004e-001
    endloop
  endfacet
  facet normal 0.000000e+000 0.000000e+000 -1.164128e-001
    outer loop
      vertex   3.188563e+000 2.328832e+001 -5.000004e-001
      vertex   3.049577e+000 1.863942e+001 -5.000004e-001
      vertex   3.010317e+000 1.899871e+001 -5.000004e-001
    endloop
  endfacet
  facet normal 0.000000e+000 0.000000e+000 -9.596082e+000
    outer loop
      vertex   3.188563e+000 1.399052e+001 -5.000004e-001
      vertex   2.595225e+000 1.379713e+001 -5.000004e-001
      vertex   3.049577e+000 1.863942e+001 -5.000004e-001
    endloop
  endfacet
  facet normal 0.000000e+000 0.000000e+000 -2.988320e-001
    outer loop
      vertex   3.188563e+000 2.328832e+001 -5.000004e-001
      vertex   3.188563e+000 1.399052e+001 -5.000004e-001
      vertex   3.049577e+000 1.863942e+001 -5.000004e-001
    endloop
  endfacet
  facet normal 0.000000e+000 0.000000e+000 -1.834906e-001
    outer loop
      vertex   2.595225e+000 1.379713e+001 -5.000004e-001
      vertex   2.902926e+000 1.794884e+001 -5.000004e-001
      vertex   3.010317e+000 1.828013e+001 -5.000004e-001
    endloop
  endfacet
  facet normal 0.000000e+000 0.000000e+000 -4.054369e-001
    outer loop
      vertex   2.595225e+000 1.379713e+001 -5.000004e-001
      vertex   2.723718e+000 1.764002e+001 -5.000004e-001
      vertex   2.902926e+000 1.794884e+001 -5.000004e-001
    endloop
  endfacet
  facet normal 0.000000e+000 0.000000e+000 -6.330919e-001
    outer loop
      vertex   2.595225e+000 1.379713e+001 -5.000004e-001
      vertex   2.488051e+000 1.737720e+001 -5.000004e-001
      vertex   2.723718e+000 1.764002e+001 -5.000004e-001
    endloop
  endfacet
  facet normal 0.000000e+000 0.000000e+000 -7.411404e-001
    outer loop
      vertex   1.983450e+000 1.368065e+001 -5.000004e-001
      vertex   2.198091e+000 1.716717e+001 -5.000004e-001
      vertex   2.488051e+000 1.737720e+001 -5.000004e-001
    endloop
  endfacet
  facet normal 0.000000e+000 0.000000e+000 -9.875104e+000
    outer loop
      vertex   2.595225e+000 1.379713e+001 -5.000004e-001
      vertex   1.983450e+000 1.368065e+001 -5.000004e-001
      vertex   2.488051e+000 1.737720e+001 -5.000004e-001
    endloop
  endfacet
  facet normal 0.000000e+000 0.000000e+000 -9.337264e-001
    outer loop
      vertex   1.983450e+000 1.368065e+001 -5.000004e-001
      vertex   1.876365e+000 1.702350e+001 -5.000004e-001
      vertex   2.198091e+000 1.716717e+001 -5.000004e-001
    endloop
  endfacet
  facet normal 0.000000e+000 0.000000e+000 -1.011071e+000
    outer loop
      vertex   1.349576e+000 1.363942e+001 -5.000004e-001
      vertex   1.525644e+000 1.694914e+001 -5.000004e-001
      vertex   1.876365e+000 1.702350e+001 -5.000004e-001
    endloop
  endfacet
  facet normal 0.000000e+000 0.000000e+000 -9.994577e+000
    outer loop
      vertex   1.983450e+000 1.368065e+001 -5.000004e-001
      vertex   1.349576e+000 1.363942e+001 -5.000004e-001
      vertex   1.876365e+000 1.702350e+001 -5.000004e-001
    endloop
  endfacet
  facet normal 0.000000e+000 0.000000e+000 -1.060940e+000
    outer loop
      vertex   1.349576e+000 1.363942e+001 -5.000004e-001
      vertex   1.173509e+000 1.694914e+001 -5.000004e-001
      vertex   1.525644e+000 1.694914e+001 -5.000004e-001
    endloop
  endfacet
  facet normal 0.000000e+000 0.000000e+000 -9.294778e-001
    outer loop
      vertex   -6.504242e-001 1.363942e+001 -5.000004e-001
      vertex   8.227904e-001 1.702350e+001 -5.000004e-001
      vertex   1.173509e+000 1.694914e+001 -5.000004e-001
    endloop
  endfacet
  facet normal 0.000000e+000 0.000000e+000 -9.985880e+000
    outer loop
      vertex   1.349576e+000 1.363942e+001 -5.000004e-001
      vertex   -6.504242e-001 1.363942e+001 -5.000004e-001
      vertex   1.173509e+000 1.694914e+001 -5.000004e-001
    endloop
  endfacet
  facet normal 0.000000e+000 0.000000e+000 -9.494559e-001
    outer loop
      vertex   -6.504242e-001 1.363942e+001 -5.000004e-001
      vertex   5.010613e-001 1.716717e+001 -5.000004e-001
      vertex   8.227904e-001 1.702350e+001 -5.000004e-001
    endloop
  endfacet
  facet normal 0.000000e+000 0.000000e+000 -8.885156e-001
    outer loop
      vertex   -6.504242e-001 1.363942e+001 -5.000004e-001
      vertex   2.111038e-001 1.737720e+001 -5.000004e-001
      vertex   5.010613e-001 1.716717e+001 -5.000004e-001
    endloop
  endfacet
  facet normal 0.000000e+000 0.000000e+000 -7.129167e-001
    outer loop
      vertex   -6.504242e-001 1.363942e+001 -5.000004e-001
      vertex   -2.456586e-002 1.764002e+001 -5.000004e-001
      vertex   2.111038e-001 1.737720e+001 -5.000004e-001
    endloop
  endfacet
  facet normal 0.000000e+000 0.000000e+000 -5.188296e-001
    outer loop
      vertex   -6.504242e-001 1.363942e+001 -5.000004e-001
      vertex   -2.037708e-001 1.794884e+001 -5.000004e-001
      vertex   -2.456586e-002 1.764002e+001 -5.000004e-001
    endloop
  endfacet
  facet normal 0.000000e+000 0.000000e+000 -3.029713e-001
    outer loop
      vertex   -6.504242e-001 1.363942e+001 -5.000004e-001
      vertex   -3.111641e-001 1.828013e+001 -5.000004e-001
      vertex   -2.037708e-001 1.794884e+001 -5.000004e-001
    endloop
  endfacet
  facet normal 0.000000e+000 0.000000e+000 -1.304695e-001
    outer loop
      vertex   -6.504242e-001 1.363942e+001 -5.000004e-001
      vertex   -3.504244e-001 1.863942e+001 -5.000004e-001
      vertex   -3.111641e-001 1.828013e+001 -5.000004e-001
    endloop
  endfacet
  facet normal 0.000000e+000 0.000000e+000 -2.864465e-002
    outer loop
      vertex   -1.122648e+000 1.360178e+001 -5.000004e-001
      vertex   -3.111641e-001 1.899871e+001 -5.000004e-001
      vertex   -3.504244e-001 1.863942e+001 -5.000004e-001
    endloop
  endfacet
  facet normal 0.000000e+000 0.000000e+000 -9.732915e+000
    outer loop
      vertex   -1.122648e+000 1.360178e+001 -5.000004e-001
      vertex   -3.504244e-001 1.863942e+001 -5.000004e-001
      vertex   -6.504242e-001 1.363942e+001 -5.000004e-001
    endloop
  endfacet
  facet normal 0.000000e+000 0.000000e+000 -1.419263e-002
    outer loop
      vertex   -2.413251e+000 1.306648e+001 -5.000004e-001
      vertex   -2.037708e-001 1.933001e+001 -5.000004e-001
      vertex   -3.111641e-001 1.899871e+001 -5.000004e-001
    endloop
  endfacet
  facet normal 0.000000e+000 0.000000e+000 -6.667156e+000
    outer loop
      vertex   -2.013103e+000 1.331193e+001 -5.000004e-001
      vertex   -2.413251e+000 1.306648e+001 -5.000004e-001
      vertex   -3.111641e-001 1.899871e+001 -5.000004e-001
    endloop
  endfacet
  facet normal 0.000000e+000 0.000000e+000 -8.146852e+000
    outer loop
      vertex   -1.576614e+000 1.349273e+001 -5.000004e-001
      vertex   -2.013103e+000 1.331193e+001 -5.000004e-001
      vertex   -3.111641e-001 1.899871e+001 -5.000004e-001
    endloop
  endfacet
  facet normal 0.000000e+000 0.000000e+000 -9.267975e+000
    outer loop
      vertex   -1.122648e+000 1.360178e+001 -5.000004e-001
      vertex   -1.576614e+000 1.349273e+001 -5.000004e-001
      vertex   -3.111641e-001 1.899871e+001 -5.000004e-001
    endloop
  endfacet
  facet normal 0.000000e+000 0.000000e+000 -1.509863e-001
    outer loop
      vertex   1.349576e+000 2.363942e+001 -5.000004e-001
      vertex   -2.456586e-002 1.963882e+001 -5.000004e-001
      vertex   -2.037708e-001 1.933001e+001 -5.000004e-001
    endloop
  endfacet
  facet normal 0.000000e+000 0.000000e+000 -1.050678e-001
    outer loop
      vertex   -2.771744e+000 1.276074e+001 -5.000004e-001
      vertex   1.349576e+000 2.363942e+001 -5.000004e-001
      vertex   -2.037708e-001 1.933001e+001 -5.000004e-001
    endloop
  endfacet
  facet normal 0.000000e+000 0.000000e+000 -5.016670e+000
    outer loop
      vertex   -2.413251e+000 1.306648e+001 -5.000004e-001
      vertex   -2.771744e+000 1.276074e+001 -5.000004e-001
      vertex   -2.037708e-001 1.933001e+001 -5.000004e-001
    endloop
  endfacet
  facet normal 0.000000e+000 0.000000e+000 -3.519295e-001
    outer loop
      vertex   1.349576e+000 2.363942e+001 -5.000004e-001
      vertex   2.111038e-001 1.990164e+001 -5.000004e-001
      vertex   -2.456586e-002 1.963882e+001 -5.000004e-001
    endloop
  endfacet
  facet normal 0.000000e+000 0.000000e+000 -5.958103e-001
    outer loop
      vertex   1.349576e+000 2.363942e+001 -5.000004e-001
      vertex   5.010613e-001 2.011167e+001 -5.000004e-001
      vertex   2.111038e-001 1.990164e+001 -5.000004e-001
    endloop
  endfacet
  facet normal 0.000000e+000 0.000000e+000 -8.152485e-001
    outer loop
      vertex   1.349576e+000 2.363942e+001 -5.000004e-001
      vertex   8.227904e-001 2.025534e+001 -5.000004e-001
      vertex   5.010613e-001 2.011167e+001 -5.000004e-001
    endloop
  endfacet
  facet normal 0.000000e+000 0.000000e+000 -1.011064e+000
    outer loop
      vertex   1.349576e+000 2.363942e+001 -5.000004e-001
      vertex   1.173509e+000 2.032971e+001 -5.000004e-001
      vertex   8.227904e-001 2.025534e+001 -5.000004e-001
    endloop
  endfacet
  facet normal 0.000000e+000 0.000000e+000 -1.060940e+000
    outer loop
      vertex   1.349576e+000 2.363942e+001 -5.000004e-001
      vertex   1.525644e+000 2.032971e+001 -5.000004e-001
      vertex   1.173509e+000 2.032971e+001 -5.000004e-001
    endloop
  endfacet
  facet normal 0.000000e+000 0.000000e+000 -1.069335e+000
    outer loop
      vertex   1.983450e+000 2.359819e+001 -5.000004e-001
      vertex   1.876365e+000 2.025534e+001 -5.000004e-001
      vertex   1.525644e+000 2.032971e+001 -5.000004e-001
    endloop
  endfacet
  facet normal 0.000000e+000 0.000000e+000 -9.930339e+000
    outer loop
      vertex   1.349576e+000 2.363942e+001 -5.000004e-001
      vertex   1.983450e+000 2.359819e+001 -5.000004e-001
      vertex   1.525644e+000 2.032971e+001 -5.000004e-001
    endloop
  endfacet
  facet normal 0.000000e+000 0.000000e+000 -9.337264e-001
    outer loop
      vertex   1.983450e+000 2.359819e+001 -5.000004e-001
      vertex   2.198091e+000 2.011167e+001 -5.000004e-001
      vertex   1.876365e+000 2.025534e+001 -5.000004e-001
    endloop
  endfacet
  facet normal 0.000000e+000 0.000000e+000 -8.726288e-001
    outer loop
      vertex   2.595225e+000 2.348171e+001 -5.000004e-001
      vertex   2.488051e+000 1.990164e+001 -5.000004e-001
      vertex   2.198091e+000 2.011167e+001 -5.000004e-001
    endloop
  endfacet
  facet normal 0.000000e+000 0.000000e+000 -9.690048e+000
    outer loop
      vertex   1.983450e+000 2.359819e+001 -5.000004e-001
      vertex   2.595225e+000 2.348171e+001 -5.000004e-001
      vertex   2.198091e+000 2.011167e+001 -5.000004e-001
    endloop
  endfacet
  facet normal 0.000000e+000 0.000000e+000 -6.330919e-001
    outer loop
      vertex   2.595225e+000 2.348171e+001 -5.000004e-001
      vertex   2.723718e+000 1.963882e+001 -5.000004e-001
      vertex   2.488051e+000 1.990164e+001 -5.000004e-001
    endloop
  endfacet
  facet normal 0.000000e+000 0.000000e+000 -5.462641e-001
    outer loop
      vertex   3.188563e+000 2.328832e+001 -5.000004e-001
      vertex   2.902926e+000 1.933001e+001 -5.000004e-001
      vertex   2.723718e+000 1.963882e+001 -5.000004e-001
    endloop
  endfacet
  facet normal 0.000000e+000 0.000000e+000 -9.398853e+000
    outer loop
      vertex   2.595225e+000 2.348171e+001 -5.000004e-001
      vertex   3.188563e+000 2.328832e+001 -5.000004e-001
      vertex   2.723718e+000 1.963882e+001 -5.000004e-001
    endloop
  endfacet
  facet normal 0.000000e+000 0.000000e+000 -3.050256e-001
    outer loop
      vertex   3.188563e+000 2.328832e+001 -5.000004e-001
      vertex   3.010317e+000 1.899871e+001 -5.000004e-001
      vertex   2.902926e+000 1.933001e+001 -5.000004e-001
    endloop
  endfacet
  facet normal 0.000000e+000 0.000000e+000 -5.741363e+000
    outer loop
      vertex   -1.950829e+001 2.363942e+001 -5.000004e-001
      vertex   -2.165042e+001 2.028942e+001 -5.000004e-001
      vertex   -2.765042e+001 2.028942e+001 -5.000004e-001
    endloop
  endfacet
  facet normal 0.000000e+000 -8.944272e+000 0.000000e+000
    outer loop
      vertex   -2.765042e+001 2.028942e+001 2.500000e+000
      vertex   -2.765042e+001 2.028942e+001 -5.000004e-001
      vertex   -2.165042e+001 2.028942e+001 -5.000004e-001
    endloop
  endfacet
  facet normal 0.000000e+000 0.000000e+000 -1.066577e-001
    outer loop
      vertex   -1.950829e+001 2.363942e+001 -5.000004e-001
      vertex   -2.765042e+001 2.028942e+001 -5.000004e-001
      vertex   -2.799719e+001 2.025216e+001 -5.000004e-001
    endloop
  endfacet
  facet normal 1.233690e-001 -1.148070e+000 -2.419505e-004
    outer loop
      vertex   -2.799915e+001 2.025132e+001 2.500000e+000
      vertex   -2.799719e+001 2.025216e+001 -5.000004e-001
      vertex   -2.765042e+001 2.028942e+001 -5.000004e-001
    endloop
  endfacet
  facet normal 1.086241e+000 -9.940828e+000 0.000000e+000
    outer loop
      vertex   -2.765042e+001 2.028942e+001 2.500000e+000
      vertex   -2.799915e+001 2.025132e+001 2.500000e+000
      vertex   -2.765042e+001 2.028942e+001 -5.000004e-001
    endloop
  endfacet
  facet normal 0.000000e+000 0.000000e+000 -8.144214e-001
    outer loop
      vertex   -1.950829e+001 2.363942e+001 -5.000004e-001
      vertex   -2.130366e+001 2.025216e+001 -5.000004e-001
      vertex   -2.165042e+001 2.028942e+001 -5.000004e-001
    endloop
  endfacet
  facet normal -1.233787e-001 -1.148160e+000 -0.000000e+000
    outer loop
      vertex   -2.165042e+001 2.028942e+001 2.500000e+000
      vertex   -2.165042e+001 2.028942e+001 -5.000004e-001
      vertex   -2.130366e+001 2.025216e+001 -5.000004e-001
    endloop
  endfacet
  facet normal -0.000000e+000 -1.000000e+001 -0.000000e+000
    outer loop
      vertex   -2.165042e+001 2.028942e+001 2.500000e+000
      vertex   -2.765042e+001 2.028942e+001 2.500000e+000
      vertex   -2.165042e+001 2.028942e+001 -5.000004e-001
    endloop
  endfacet
  facet normal 0.000000e+000 0.000000e+000 -8.834431e-001
    outer loop
      vertex   -1.950829e+001 2.363942e+001 -5.000004e-001
      vertex   -2.098043e+001 2.014702e+001 -5.000004e-001
      vertex   -2.130366e+001 2.025216e+001 -5.000004e-001
    endloop
  endfacet
  facet normal -3.482668e-001 -1.070641e+000 -7.357973e-005
    outer loop
      vertex   -2.130170e+001 2.025132e+001 2.500000e+000
      vertex   -2.130366e+001 2.025216e+001 -5.000004e-001
      vertex   -2.098043e+001 2.014702e+001 -5.000004e-001
    endloop
  endfacet
  facet normal -1.086243e+000 -9.940826e+000 -2.083442e-003
    outer loop
      vertex   -2.130170e+001 2.025132e+001 2.500000e+000
      vertex   -2.165042e+001 2.028942e+001 2.500000e+000
      vertex   -2.130366e+001 2.025216e+001 -5.000004e-001
    endloop
  endfacet
  facet normal 0.000000e+000 0.000000e+000 -8.949891e-001
    outer loop
      vertex   -1.950829e+001 2.363942e+001 -5.000004e-001
      vertex   -2.067980e+001 1.997345e+001 -5.000004e-001
      vertex   -2.098043e+001 2.014702e+001 -5.000004e-001
    endloop
  endfacet
  facet normal -5.747380e-001 -9.954748e-001 7.645678e-005
    outer loop
      vertex   -2.098015e+001 2.014709e+001 2.500000e+000
      vertex   -2.098043e+001 2.014702e+001 -5.000004e-001
      vertex   -2.067980e+001 1.997345e+001 -5.000004e-001
    endloop
  endfacet
  facet normal -3.083571e+000 -9.512707e+000 5.028297e-004
    outer loop
      vertex   -2.098015e+001 2.014709e+001 2.500000e+000
      vertex   -2.130170e+001 2.025132e+001 2.500000e+000
      vertex   -2.098043e+001 2.014702e+001 -5.000004e-001
    endloop
  endfacet
  facet normal 0.000000e+000 0.000000e+000 -7.812691e-001
    outer loop
      vertex   -1.950829e+001 2.363942e+001 -5.000004e-001
      vertex   -2.042500e+001 1.974356e+001 -5.000004e-001
      vertex   -2.067980e+001 1.997345e+001 -5.000004e-001
    endloop
  endfacet
  facet normal -7.613255e-001 -8.438153e-001 -2.403704e-004
    outer loop
      vertex   -2.068041e+001 1.997315e+001 2.500000e+000
      vertex   -2.067980e+001 1.997345e+001 -5.000004e-001
      vertex   -2.042500e+001 1.974356e+001 -5.000004e-001
    endloop
  endfacet
  facet normal -5.019164e+000 -8.649161e+000 -1.895097e-003
    outer loop
      vertex   -2.068041e+001 1.997315e+001 2.500000e+000
      vertex   -2.098015e+001 2.014709e+001 2.500000e+000
      vertex   -2.067980e+001 1.997345e+001 -5.000004e-001
    endloop
  endfacet
  facet normal 0.000000e+000 0.000000e+000 -6.186945e-001
    outer loop
      vertex   -1.950829e+001 2.363942e+001 -5.000004e-001
      vertex   -2.022148e+001 1.946442e+001 -5.000004e-001
      vertex   -2.042500e+001 1.974356e+001 -5.000004e-001
    endloop
  endfacet
  facet normal -9.243178e-001 -6.739282e-001 9.198687e-005
    outer loop
      vertex   -2.042533e+001 1.974441e+001 2.500000e+000
      vertex   -2.042500e+001 1.974356e+001 -5.000004e-001
      vertex   -2.022148e+001 1.946442e+001 -5.000004e-001
    endloop
  endfacet
  facet normal -6.676039e+000 -7.445166e+000 1.395512e-003
    outer loop
      vertex   -2.042533e+001 1.974441e+001 2.500000e+000
      vertex   -2.068041e+001 1.997315e+001 2.500000e+000
      vertex   -2.042500e+001 1.974356e+001 -5.000004e-001
    endloop
  endfacet
  facet normal 0.000000e+000 0.000000e+000 -4.222435e-001
    outer loop
      vertex   -1.950829e+001 2.363942e+001 -5.000004e-001
      vertex   -2.008150e+001 1.914860e+001 -5.000004e-001
      vertex   -2.022148e+001 1.946442e+001 -5.000004e-001
    endloop
  endfacet
  facet normal -1.045887e+000 -4.635570e-001 -2.212910e-004
    outer loop
      vertex   -2.022148e+001 1.946298e+001 2.500000e+000
      vertex   -2.022148e+001 1.946442e+001 -5.000004e-001
      vertex   -2.008150e+001 1.914860e+001 -5.000004e-001
    endloop
  endfacet
  facet normal -8.098684e+000 -5.866115e+000 -2.806466e-003
    outer loop
      vertex   -2.022148e+001 1.946298e+001 2.500000e+000
      vertex   -2.042533e+001 1.974441e+001 2.500000e+000
      vertex   -2.022148e+001 1.946442e+001 -5.000004e-001
    endloop
  endfacet
  facet normal 0.000000e+000 0.000000e+000 -2.341239e-001
    outer loop
      vertex   -1.950829e+001 2.363942e+001 -5.000004e-001
      vertex   -2.000981e+001 1.881299e+001 -5.000004e-001
      vertex   -2.008150e+001 1.914860e+001 -5.000004e-001
    endloop
  endfacet
  facet normal -1.111346e+000 -2.374029e-001 -2.801349e-005
    outer loop
      vertex   -2.008203e+001 1.915071e+001 2.500000e+000
      vertex   -2.008150e+001 1.914860e+001 -5.000004e-001
      vertex   -2.000981e+001 1.881299e+001 -5.000004e-001
    endloop
  endfacet
  facet normal -9.130906e+000 -4.077562e+000 1.271645e-003
    outer loop
      vertex   -2.008203e+001 1.915071e+001 2.500000e+000
      vertex   -2.022148e+001 1.946298e+001 2.500000e+000
      vertex   -2.008150e+001 1.914860e+001 -5.000004e-001
    endloop
  endfacet
  facet normal 0.000000e+000 0.000000e+000 -6.902673e-002
    outer loop
      vertex   -1.950829e+001 2.363942e+001 -5.000004e-001
      vertex   -2.000981e+001 1.846585e+001 -5.000004e-001
      vertex   -2.000981e+001 1.881299e+001 -5.000004e-001
    endloop
  endfacet
  facet normal -1.149583e+000 -1.694066e-020 -1.644492e-005
    outer loop
      vertex   -2.000985e+001 1.881031e+001 2.500000e+000
      vertex   -2.000981e+001 1.881299e+001 -5.000004e-001
      vertex   -2.000981e+001 1.846585e+001 -5.000004e-001
    endloop
  endfacet
  facet normal -9.782518e+000 -2.074185e+000 -1.995166e-003
    outer loop
      vertex   -2.000985e+001 1.881031e+001 2.500000e+000
      vertex   -2.008203e+001 1.915071e+001 2.500000e+000
      vertex   -2.000981e+001 1.881299e+001 -5.000004e-001
    endloop
  endfacet
  facet normal 0.000000e+000 0.000000e+000 -1.109653e-001
    outer loop
      vertex   -2.028774e+001 1.331193e+001 -5.000004e-001
      vertex   -2.008150e+001 1.813025e+001 -5.000004e-001
      vertex   -2.000981e+001 1.846585e+001 -5.000004e-001
    endloop
  endfacet
  facet normal -1.111327e+000 2.373990e-001 -2.282359e-004
    outer loop
      vertex   -2.000985e+001 1.846853e+001 2.500000e+000
      vertex   -2.000981e+001 1.846585e+001 -5.000004e-001
      vertex   -2.008150e+001 1.813025e+001 -5.000004e-001
    endloop
  endfacet
  facet normal 0.000000e+000 0.000000e+000 -5.845779e-001
    outer loop
      vertex   -1.988760e+001 1.306648e+001 -5.000004e-001
      vertex   -2.000981e+001 1.846585e+001 -5.000004e-001
      vertex   -1.950829e+001 2.363942e+001 -5.000004e-001
    endloop
  endfacet
  facet normal 0.000000e+000 0.000000e+000 -8.403652e+000
    outer loop
      vertex   -1.988760e+001 1.306648e+001 -5.000004e-001
      vertex   -2.028774e+001 1.331193e+001 -5.000004e-001
      vertex   -2.000981e+001 1.846585e+001 -5.000004e-001
    endloop
  endfacet
  facet normal -9.999996e+000 0.000000e+000 -1.430511e-004
    outer loop
      vertex   -2.000985e+001 1.846853e+001 2.500000e+000
      vertex   -2.000985e+001 1.881031e+001 2.500000e+000
      vertex   -2.000981e+001 1.846585e+001 -5.000004e-001
    endloop
  endfacet
  facet normal 0.000000e+000 0.000000e+000 -2.805811e-001
    outer loop
      vertex   -2.028774e+001 1.331193e+001 -5.000004e-001
      vertex   -2.022148e+001 1.781442e+001 -5.000004e-001
      vertex   -2.008150e+001 1.813025e+001 -5.000004e-001
    endloop
  endfacet
  facet normal -1.045920e+000 4.635715e-001 1.431909e-004
    outer loop
      vertex   -2.008203e+001 1.812813e+001 2.500000e+000
      vertex   -2.008150e+001 1.813025e+001 -5.000004e-001
      vertex   -2.022148e+001 1.781442e+001 -5.000004e-001
    endloop
  endfacet
  facet normal -9.782520e+000 2.074185e+000 -2.575530e-004
    outer loop
      vertex   -2.008203e+001 1.812813e+001 2.500000e+000
      vertex   -2.000985e+001 1.846853e+001 2.500000e+000
      vertex   -2.008150e+001 1.813025e+001 -5.000004e-001
    endloop
  endfacet
  facet normal 0.000000e+000 0.000000e+000 -4.718677e-001
    outer loop
      vertex   -2.028774e+001 1.331193e+001 -5.000004e-001
      vertex   -2.042500e+001 1.753528e+001 -5.000004e-001
      vertex   -2.022148e+001 1.781442e+001 -5.000004e-001
    endloop
  endfacet
  facet normal -9.243076e-001 6.739208e-001 -3.224244e-004
    outer loop
      vertex   -2.022148e+001 1.781586e+001 2.500000e+000
      vertex   -2.022148e+001 1.781442e+001 -5.000004e-001
      vertex   -2.042500e+001 1.753528e+001 -5.000004e-001
    endloop
  endfacet
  facet normal -9.130907e+000 4.077562e+000 -1.946613e-003
    outer loop
      vertex   -2.022148e+001 1.781586e+001 2.500000e+000
      vertex   -2.008203e+001 1.812813e+001 2.500000e+000
      vertex   -2.022148e+001 1.781442e+001 -5.000004e-001
    endloop
  endfacet
  facet normal 0.000000e+000 0.000000e+000 -6.219180e-001
    outer loop
      vertex   -2.072424e+001 1.349273e+001 -5.000004e-001
      vertex   -2.067980e+001 1.730540e+001 -5.000004e-001
      vertex   -2.042500e+001 1.753528e+001 -5.000004e-001
    endloop
  endfacet
  facet normal -7.613559e-001 8.438489e-001 1.576677e-004
    outer loop
      vertex   -2.042533e+001 1.753443e+001 2.500000e+000
      vertex   -2.042500e+001 1.753528e+001 -5.000004e-001
      vertex   -2.067980e+001 1.730540e+001 -5.000004e-001
    endloop
  endfacet
  facet normal 0.000000e+000 0.000000e+000 -9.109614e+000
    outer loop
      vertex   -2.028774e+001 1.331193e+001 -5.000004e-001
      vertex   -2.072424e+001 1.349273e+001 -5.000004e-001
      vertex   -2.042500e+001 1.753528e+001 -5.000004e-001
    endloop
  endfacet
  facet normal -8.098684e+000 5.866115e+000 7.949914e-004
    outer loop
      vertex   -2.042533e+001 1.753443e+001 2.500000e+000
      vertex   -2.022148e+001 1.781586e+001 2.500000e+000
      vertex   -2.042500e+001 1.753528e+001 -5.000004e-001
    endloop
  endfacet
  facet normal 0.000000e+000 0.000000e+000 -8.184793e-001
    outer loop
      vertex   -2.072424e+001 1.349273e+001 -5.000004e-001
      vertex   -2.098043e+001 1.713182e+001 -5.000004e-001
      vertex   -2.067980e+001 1.730540e+001 -5.000004e-001
    endloop
  endfacet
  facet normal -5.747417e-001 9.954810e-001 -2.175166e-004
    outer loop
      vertex   -2.068041e+001 1.730570e+001 2.500000e+000
      vertex   -2.067980e+001 1.730540e+001 -5.000004e-001
      vertex   -2.098043e+001 1.713182e+001 -5.000004e-001
    endloop
  endfacet
  facet normal -6.676039e+000 7.445166e+000 -2.112405e-003
    outer loop
      vertex   -2.068041e+001 1.730570e+001 2.500000e+000
      vertex   -2.042533e+001 1.753443e+001 2.500000e+000
      vertex   -2.067980e+001 1.730540e+001 -5.000004e-001
    endloop
  endfacet
  facet normal 0.000000e+000 0.000000e+000 -9.244716e-001
    outer loop
      vertex   -2.117820e+001 1.360178e+001 -5.000004e-001
      vertex   -2.130366e+001 1.702668e+001 -5.000004e-001
      vertex   -2.098043e+001 1.713182e+001 -5.000004e-001
    endloop
  endfacet
  facet normal -3.482362e-001 1.070547e+000 5.670269e-005
    outer loop
      vertex   -2.098015e+001 1.713176e+001 2.500000e+000
      vertex   -2.098043e+001 1.713182e+001 -5.000004e-001
      vertex   -2.130366e+001 1.702668e+001 -5.000004e-001
    endloop
  endfacet
  facet normal 0.000000e+000 0.000000e+000 -9.535321e+000
    outer loop
      vertex   -2.072424e+001 1.349273e+001 -5.000004e-001
      vertex   -2.117820e+001 1.360178e+001 -5.000004e-001
      vertex   -2.098043e+001 1.713182e+001 -5.000004e-001
    endloop
  endfacet
  facet normal -5.019164e+000 8.649161e+000 6.667108e-004
    outer loop
      vertex   -2.098015e+001 1.713176e+001 2.500000e+000
      vertex   -2.068041e+001 1.730570e+001 2.500000e+000
      vertex   -2.098043e+001 1.713182e+001 -5.000004e-001
    endloop
  endfacet
  facet normal 0.000000e+000 0.000000e+000 -1.018418e+000
    outer loop
      vertex   -2.165042e+001 1.363942e+001 -5.000004e-001
      vertex   -2.165042e+001 1.698942e+001 -5.000004e-001
      vertex   -2.130366e+001 1.702668e+001 -5.000004e-001
    endloop
  endfacet
  facet normal -1.233690e-001 1.148070e+000 -2.419750e-004
    outer loop
      vertex   -2.130170e+001 1.702753e+001 2.500000e+000
      vertex   -2.130366e+001 1.702668e+001 -5.000004e-001
      vertex   -2.165042e+001 1.698942e+001 -5.000004e-001
    endloop
  endfacet
  facet normal 0.000000e+000 0.000000e+000 -9.932627e+000
    outer loop
      vertex   -2.117820e+001 1.360178e+001 -5.000004e-001
      vertex   -2.165042e+001 1.363942e+001 -5.000004e-001
      vertex   -2.130366e+001 1.702668e+001 -5.000004e-001
    endloop
  endfacet
  facet normal -3.083570e+000 9.512704e+000 -6.608028e-004
    outer loop
      vertex   -2.130170e+001 1.702753e+001 2.500000e+000
      vertex   -2.098015e+001 1.713176e+001 2.500000e+000
      vertex   -2.130366e+001 1.702668e+001 -5.000004e-001
    endloop
  endfacet
  facet normal 0.000000e+000 0.000000e+000 -2.347709e+000
    outer loop
      vertex   -3.365042e+001 1.363942e+001 -5.000004e-001
      vertex   -2.765042e+001 1.698942e+001 -5.000004e-001
      vertex   -2.165042e+001 1.698942e+001 -5.000004e-001
    endloop
  endfacet
  facet normal 0.000000e+000 8.944272e+000 0.000000e+000
    outer loop
      vertex   -2.165042e+001 1.698942e+001 2.500000e+000
      vertex   -2.165042e+001 1.698942e+001 -5.000004e-001
      vertex   -2.765042e+001 1.698942e+001 -5.000004e-001
    endloop
  endfacet
  facet normal 0.000000e+000 0.000000e+000 -1.000000e+001
    outer loop
      vertex   -2.165042e+001 1.363942e+001 -5.000004e-001
      vertex   -3.365042e+001 1.363942e+001 -5.000004e-001
      vertex   -2.165042e+001 1.698942e+001 -5.000004e-001
    endloop
  endfacet
  facet normal -1.078892e+000 9.873555e+000 1.734723e-017
    outer loop
      vertex   -2.130170e+001 1.702753e+001 2.500000e+000
      vertex   -2.165042e+001 1.698942e+001 -5.000004e-001
      vertex   -2.165042e+001 1.698942e+001 2.500000e+000
    endloop
  endfacet
  facet normal 0.000000e+000 0.000000e+000 -3.058764e-001
    outer loop
      vertex   -3.365042e+001 1.363942e+001 -5.000004e-001
      vertex   -2.799719e+001 1.702668e+001 -5.000004e-001
      vertex   -2.765042e+001 1.698942e+001 -5.000004e-001
    endloop
  endfacet
  facet normal 1.233787e-001 1.148160e+000 0.000000e+000
    outer loop
      vertex   -2.765042e+001 1.698942e+001 2.500000e+000
      vertex   -2.765042e+001 1.698942e+001 -5.000004e-001
      vertex   -2.799719e+001 1.702668e+001 -5.000004e-001
    endloop
  endfacet
  facet normal 0.000000e+000 4.472136e+000 0.000000e+000
    outer loop
      vertex   -2.165042e+001 1.698942e+001 2.500000e+000
      vertex   -2.765042e+001 1.698942e+001 -5.000004e-001
      vertex   -2.765042e+001 1.698942e+001 2.500000e+000
    endloop
  endfacet
  facet normal 0.000000e+000 0.000000e+000 -4.022384e-001
    outer loop
      vertex   -3.365042e+001 1.363942e+001 -5.000004e-001
      vertex   -2.832041e+001 1.713182e+001 -5.000004e-001
      vertex   -2.799719e+001 1.702668e+001 -5.000004e-001
    endloop
  endfacet
  facet normal 3.482668e-001 1.070641e+000 -7.351054e-005
    outer loop
      vertex   -2.799915e+001 1.702753e+001 2.500000e+000
      vertex   -2.799719e+001 1.702668e+001 -5.000004e-001
      vertex   -2.832041e+001 1.713182e+001 -5.000004e-001
    endloop
  endfacet
  facet normal 1.086241e+000 9.940826e+000 -2.083228e-003
    outer loop
      vertex   -2.799915e+001 1.702753e+001 2.500000e+000
      vertex   -2.765042e+001 1.698942e+001 2.500000e+000
      vertex   -2.799719e+001 1.702668e+001 -5.000004e-001
    endloop
  endfacet
  facet normal 0.000000e+000 0.000000e+000 -4.980131e-001
    outer loop
      vertex   -3.365042e+001 1.363942e+001 -5.000004e-001
      vertex   -2.862105e+001 1.730540e+001 -5.000004e-001
      vertex   -2.832041e+001 1.713182e+001 -5.000004e-001
    endloop
  endfacet
  facet normal 5.747380e-001 9.954767e-001 7.657102e-005
    outer loop
      vertex   -2.832070e+001 1.713176e+001 2.500000e+000
      vertex   -2.832041e+001 1.713182e+001 -5.000004e-001
      vertex   -2.862105e+001 1.730540e+001 -5.000004e-001
    endloop
  endfacet
  facet normal 3.083571e+000 9.512707e+000 5.034424e-004
    outer loop
      vertex   -2.832070e+001 1.713176e+001 2.500000e+000
      vertex   -2.799915e+001 1.702753e+001 2.500000e+000
      vertex   -2.832041e+001 1.713182e+001 -5.000004e-001
    endloop
  endfacet
  facet normal 0.000000e+000 0.000000e+000 -5.450211e-001
    outer loop
      vertex   -3.365042e+001 1.363942e+001 -5.000004e-001
      vertex   -2.887584e+001 1.753528e+001 -5.000004e-001
      vertex   -2.862105e+001 1.730540e+001 -5.000004e-001
    endloop
  endfacet
  facet normal 7.613255e-001 8.438134e-001 -2.403703e-004
    outer loop
      vertex   -2.862043e+001 1.730570e+001 2.500000e+000
      vertex   -2.862105e+001 1.730540e+001 -5.000004e-001
      vertex   -2.887584e+001 1.753528e+001 -5.000004e-001
    endloop
  endfacet
  facet normal 5.019164e+000 8.649161e+000 -1.895097e-003
    outer loop
      vertex   -2.862043e+001 1.730570e+001 2.500000e+000
      vertex   -2.832070e+001 1.713176e+001 2.500000e+000
      vertex   -2.862105e+001 1.730540e+001 -5.000004e-001
    endloop
  endfacet
  facet normal 0.000000e+000 0.000000e+000 -5.571922e-001
    outer loop
      vertex   -3.365042e+001 1.363942e+001 -5.000004e-001
      vertex   -2.907936e+001 1.781442e+001 -5.000004e-001
      vertex   -2.887584e+001 1.753528e+001 -5.000004e-001
    endloop
  endfacet
  facet normal 9.243178e-001 6.739292e-001 9.207898e-005
    outer loop
      vertex   -2.887552e+001 1.753443e+001 2.500000e+000
      vertex   -2.887584e+001 1.753528e+001 -5.000004e-001
      vertex   -2.907936e+001 1.781442e+001 -5.000004e-001
    endloop
  endfacet
  facet normal 6.676043e+000 7.445163e+000 1.396174e-003
    outer loop
      vertex   -2.887552e+001 1.753443e+001 2.500000e+000
      vertex   -2.862043e+001 1.730570e+001 2.500000e+000
      vertex   -2.887584e+001 1.753528e+001 -5.000004e-001
    endloop
  endfacet
  facet normal 0.000000e+000 0.000000e+000 -5.192623e-001
    outer loop
      vertex   -3.365042e+001 1.363942e+001 -5.000004e-001
      vertex   -2.921935e+001 1.813025e+001 -5.000004e-001
      vertex   -2.907936e+001 1.781442e+001 -5.000004e-001
    endloop
  endfacet
  facet normal 1.045887e+000 4.635570e-001 -2.211871e-004
    outer loop
      vertex   -2.907937e+001 1.781586e+001 2.500000e+000
      vertex   -2.907936e+001 1.781442e+001 -5.000004e-001
      vertex   -2.921935e+001 1.813025e+001 -5.000004e-001
    endloop
  endfacet
  facet normal 8.098680e+000 5.866120e+000 -2.805664e-003
    outer loop
      vertex   -2.907937e+001 1.781586e+001 2.500000e+000
      vertex   -2.887552e+001 1.753443e+001 2.500000e+000
      vertex   -2.907936e+001 1.781442e+001 -5.000004e-001
    endloop
  endfacet
  facet normal 0.000000e+000 0.000000e+000 -1.011455e+000
    outer loop
      vertex   -3.108562e+001 1.625858e+001 -5.000004e-001
      vertex   -2.929103e+001 1.846585e+001 -5.000004e-001
      vertex   -2.921935e+001 1.813025e+001 -5.000004e-001
    endloop
  endfacet
  facet normal 1.111346e+000 2.374029e-001 -2.779269e-005
    outer loop
      vertex   -2.921882e+001 1.812813e+001 2.500000e+000
      vertex   -2.921935e+001 1.813025e+001 -5.000004e-001
      vertex   -2.929103e+001 1.846585e+001 -5.000004e-001
    endloop
  endfacet
  facet normal 0.000000e+000 0.000000e+000 -3.788426e-002
    outer loop
      vertex   -3.365042e+001 1.363942e+001 -5.000004e-001
      vertex   -3.108562e+001 1.625858e+001 -5.000004e-001
      vertex   -2.921935e+001 1.813025e+001 -5.000004e-001
    endloop
  endfacet
  facet normal 9.130902e+000 4.077569e+000 1.273465e-003
    outer loop
      vertex   -2.921882e+001 1.812813e+001 2.500000e+000
      vertex   -2.907937e+001 1.781586e+001 2.500000e+000
      vertex   -2.921935e+001 1.813025e+001 -5.000004e-001
    endloop
  endfacet
  facet normal 0.000000e+000 0.000000e+000 -8.448893e-001
    outer loop
      vertex   -3.075811e+001 1.666862e+001 -5.000004e-001
      vertex   -2.929103e+001 1.881299e+001 -5.000004e-001
      vertex   -2.929103e+001 1.846585e+001 -5.000004e-001
    endloop
  endfacet
  facet normal 1.149583e+000 1.694066e-020 -1.598812e-005
    outer loop
      vertex   -2.929099e+001 1.846853e+001 2.500000e+000
      vertex   -2.929103e+001 1.846585e+001 -5.000004e-001
      vertex   -2.929103e+001 1.881299e+001 -5.000004e-001
    endloop
  endfacet
  facet normal 0.000000e+000 0.000000e+000 -8.670562e-002
    outer loop
      vertex   -3.108562e+001 1.625858e+001 -5.000004e-001
      vertex   -3.075811e+001 1.666862e+001 -5.000004e-001
      vertex   -2.929103e+001 1.846585e+001 -5.000004e-001
    endloop
  endfacet
  facet normal 9.782516e+000 2.074201e+000 -1.991293e-003
    outer loop
      vertex   -2.929099e+001 1.846853e+001 2.500000e+000
      vertex   -2.921882e+001 1.812813e+001 2.500000e+000
      vertex   -2.929103e+001 1.846585e+001 -5.000004e-001
    endloop
  endfacet
  facet normal 0.000000e+000 0.000000e+000 -2.966143e+000
    outer loop
      vertex   -3.015042e+001 1.863942e+001 -5.000004e-001
      vertex   -2.921935e+001 1.914860e+001 -5.000004e-001
      vertex   -2.929103e+001 1.881299e+001 -5.000004e-001
    endloop
  endfacet
  facet normal 1.111327e+000 -2.373990e-001 -2.277942e-004
    outer loop
      vertex   -2.929099e+001 1.881031e+001 2.500000e+000
      vertex   -2.929103e+001 1.881299e+001 -5.000004e-001
      vertex   -2.921935e+001 1.914860e+001 -5.000004e-001
    endloop
  endfacet
  facet normal 0.000000e+000 0.000000e+000 -7.400292e+000
    outer loop
      vertex   -3.019076e+001 1.811295e+001 -5.000004e-001
      vertex   -3.015042e+001 1.863942e+001 -5.000004e-001
      vertex   -2.929103e+001 1.881299e+001 -5.000004e-001
    endloop
  endfacet
  facet normal 0.000000e+000 0.000000e+000 -4.581681e+000
    outer loop
      vertex   -3.030577e+001 1.760831e+001 -5.000004e-001
      vertex   -3.019076e+001 1.811295e+001 -5.000004e-001
      vertex   -2.929103e+001 1.881299e+001 -5.000004e-001
    endloop
  endfacet
  facet normal 0.000000e+000 0.000000e+000 -2.420315e+000
    outer loop
      vertex   -3.049771e+001 1.712062e+001 -5.000004e-001
      vertex   -3.030577e+001 1.760831e+001 -5.000004e-001
      vertex   -2.929103e+001 1.881299e+001 -5.000004e-001
    endloop
  endfacet
  facet normal 0.000000e+000 0.000000e+000 -7.727141e-001
    outer loop
      vertex   -3.075811e+001 1.666862e+001 -5.000004e-001
      vertex   -3.049771e+001 1.712062e+001 -5.000004e-001
      vertex   -2.929103e+001 1.881299e+001 -5.000004e-001
    endloop
  endfacet
  facet normal 9.999996e+000 0.000000e+000 -1.390774e-004
    outer loop
      vertex   -2.929099e+001 1.881031e+001 2.500000e+000
      vertex   -2.929099e+001 1.846853e+001 2.500000e+000
      vertex   -2.929103e+001 1.881299e+001 -5.000004e-001
    endloop
  endfacet
  facet normal 0.000000e+000 0.000000e+000 -1.552805e+000
    outer loop
      vertex   -3.015042e+001 1.863942e+001 -5.000004e-001
      vertex   -2.907936e+001 1.946442e+001 -5.000004e-001
      vertex   -2.921935e+001 1.914860e+001 -5.000004e-001
    endloop
  endfacet
  facet normal 1.045920e+000 -4.635715e-001 1.433987e-004
    outer loop
      vertex   -2.921882e+001 1.915071e+001 2.500000e+000
      vertex   -2.921935e+001 1.914860e+001 -5.000004e-001
      vertex   -2.907936e+001 1.946442e+001 -5.000004e-001
    endloop
  endfacet
  facet normal 9.782516e+000 -2.074202e+000 -2.555972e-004
    outer loop
      vertex   -2.921882e+001 1.915071e+001 2.500000e+000
      vertex   -2.929099e+001 1.881031e+001 2.500000e+000
      vertex   -2.921935e+001 1.914860e+001 -5.000004e-001
    endloop
  endfacet
  facet normal 0.000000e+000 0.000000e+000 -5.748965e-001
    outer loop
      vertex   -3.015042e+001 1.863942e+001 -5.000004e-001
      vertex   -2.887584e+001 1.974356e+001 -5.000004e-001
      vertex   -2.907936e+001 1.946442e+001 -5.000004e-001
    endloop
  endfacet
  facet normal 9.243076e-001 -6.739217e-001 -3.223330e-004
    outer loop
      vertex   -2.907937e+001 1.946298e+001 2.500000e+000
      vertex   -2.907936e+001 1.946442e+001 -5.000004e-001
      vertex   -2.887584e+001 1.974356e+001 -5.000004e-001
    endloop
  endfacet
  facet normal 9.130903e+000 -4.077569e+000 -1.945709e-003
    outer loop
      vertex   -2.907937e+001 1.946298e+001 2.500000e+000
      vertex   -2.921882e+001 1.915071e+001 2.500000e+000
      vertex   -2.907936e+001 1.946442e+001 -5.000004e-001
    endloop
  endfacet
  facet normal 0.000000e+000 0.000000e+000 -3.413286e-002
    outer loop
      vertex   -3.015042e+001 1.863942e+001 -5.000004e-001
      vertex   -2.862105e+001 1.997345e+001 -5.000004e-001
      vertex   -2.887584e+001 1.974356e+001 -5.000004e-001
    endloop
  endfacet
  facet normal 7.613559e-001 -8.438470e-001 1.577428e-004
    outer loop
      vertex   -2.887552e+001 1.974441e+001 2.500000e+000
      vertex   -2.887584e+001 1.974356e+001 -5.000004e-001
      vertex   -2.862105e+001 1.997345e+001 -5.000004e-001
    endloop
  endfacet
  facet normal 8.098680e+000 -5.866120e+000 7.957980e-004
    outer loop
      vertex   -2.887552e+001 1.974441e+001 2.500000e+000
      vertex   -2.907937e+001 1.946298e+001 2.500000e+000
      vertex   -2.887584e+001 1.974356e+001 -5.000004e-001
    endloop
  endfacet
  facet normal 0.000000e+000 0.000000e+000 -7.960072e-002
    outer loop
      vertex   -3.019076e+001 1.916589e+001 -5.000004e-001
      vertex   -2.832041e+001 2.014702e+001 -5.000004e-001
      vertex   -2.862105e+001 1.997345e+001 -5.000004e-001
    endloop
  endfacet
  facet normal 5.747417e-001 -9.954830e-001 -2.175168e-004
    outer loop
      vertex   -2.862043e+001 1.997315e+001 2.500000e+000
      vertex   -2.862105e+001 1.997345e+001 -5.000004e-001
      vertex   -2.832041e+001 2.014702e+001 -5.000004e-001
    endloop
  endfacet
  facet normal 0.000000e+000 0.000000e+000 -9.215702e+000
    outer loop
      vertex   -3.019076e+001 1.916589e+001 -5.000004e-001
      vertex   -2.862105e+001 1.997345e+001 -5.000004e-001
      vertex   -3.015042e+001 1.863942e+001 -5.000004e-001
    endloop
  endfacet
  facet normal 6.676044e+000 -7.445163e+000 -2.112406e-003
    outer loop
      vertex   -2.862043e+001 1.997315e+001 2.500000e+000
      vertex   -2.887552e+001 1.974441e+001 2.500000e+000
      vertex   -2.862105e+001 1.997345e+001 -5.000004e-001
    endloop
  endfacet
  facet normal 0.000000e+000 0.000000e+000 -2.335214e-002
    outer loop
      vertex   -1.950829e+001 2.363942e+001 -5.000004e-001
      vertex   -2.799719e+001 2.025216e+001 -5.000004e-001
      vertex   -2.832041e+001 2.014702e+001 -5.000004e-001
    endloop
  endfacet
  facet normal 3.482362e-001 -1.070547e+000 5.677188e-005
    outer loop
      vertex   -2.832070e+001 2.014709e+001 2.500000e+000
      vertex   -2.832041e+001 2.014702e+001 -5.000004e-001
      vertex   -2.799719e+001 2.025216e+001 -5.000004e-001
    endloop
  endfacet
  facet normal 0.000000e+000 0.000000e+000 -9.666420e+000
    outer loop
      vertex   -3.019076e+001 1.916589e+001 -5.000004e-001
      vertex   -3.030577e+001 1.967053e+001 -5.000004e-001
      vertex   -2.832041e+001 2.014702e+001 -5.000004e-001
    endloop
  endfacet
  facet normal 0.000000e+000 0.000000e+000 -2.507957e-001
    outer loop
      vertex   -1.950829e+001 2.363942e+001 -5.000004e-001
      vertex   -2.832041e+001 2.014702e+001 -5.000004e-001
      vertex   -3.030577e+001 1.967053e+001 -5.000004e-001
    endloop
  endfacet
  facet normal 5.019164e+000 -8.649161e+000 6.677081e-004
    outer loop
      vertex   -2.832070e+001 2.014709e+001 2.500000e+000
      vertex   -2.862043e+001 1.997315e+001 2.500000e+000
      vertex   -2.832041e+001 2.014702e+001 -5.000004e-001
    endloop
  endfacet
  facet normal 3.083570e+000 -9.512704e+000 -6.601901e-004
    outer loop
      vertex   -2.799915e+001 2.025132e+001 2.500000e+000
      vertex   -2.832070e+001 2.014709e+001 2.500000e+000
      vertex   -2.799719e+001 2.025216e+001 -5.000004e-001
    endloop
  endfacet
  facet normal -2.545159e+000 1.949798e-001 0.000000e+000
    outer loop
      vertex   -3.015042e+001 1.863942e+001 1.500000e+000
      vertex   -3.015042e+001 1.863942e+001 -5.000004e-001
      vertex   -3.019076e+001 1.811295e+001 -5.000004e-001
    endloop
  endfacet
  facet normal -2.545159e+000 -1.949798e-001 -0.000000e+000
    outer loop
      vertex   -3.019076e+001 1.916589e+001 1.500000e+000
      vertex   -3.019076e+001 1.916589e+001 -5.000004e-001
      vertex   -3.015042e+001 1.863942e+001 -5.000004e-001
    endloop
  endfacet
  facet normal -9.640472e+000 -7.385384e-001 3.469447e-017
    outer loop
      vertex   -3.019076e+001 1.916589e+001 1.500000e+000
      vertex   -3.015042e+001 1.863942e+001 -5.000004e-001
      vertex   -3.015042e+001 1.863942e+001 1.500000e+000
    endloop
  endfacet
  facet normal -2.442697e+000 5.567384e-001 0.000000e+000
    outer loop
      vertex   -3.019076e+001 1.811295e+001 1.500000e+000
      vertex   -3.019076e+001 1.811295e+001 -5.000004e-001
      vertex   -3.030577e+001 1.760831e+001 -5.000004e-001
    endloop
  endfacet
  facet normal -9.970785e+000 7.638430e-001 0.000000e+000
    outer loop
      vertex   -3.019076e+001 1.811295e+001 1.500000e+000
      vertex   -3.015042e+001 1.863942e+001 1.500000e+000
      vertex   -3.019076e+001 1.811295e+001 -5.000004e-001
    endloop
  endfacet
  facet normal -2.358818e+000 9.283409e-001 0.000000e+000
    outer loop
      vertex   -3.030577e+001 1.760831e+001 1.500000e+000
      vertex   -3.030577e+001 1.760831e+001 -5.000004e-001
      vertex   -3.049771e+001 1.712062e+001 -5.000004e-001
    endloop
  endfacet
  facet normal -9.749964e+000 2.222207e+000 0.000000e+000
    outer loop
      vertex   -3.030577e+001 1.760831e+001 1.500000e+000
      vertex   -3.019076e+001 1.811295e+001 1.500000e+000
      vertex   -3.030577e+001 1.760831e+001 -5.000004e-001
    endloop
  endfacet
  facet normal -2.186848e+000 1.259843e+000 0.000000e+000
    outer loop
      vertex   -3.049771e+001 1.712062e+001 1.500000e+000
      vertex   -3.049771e+001 1.712062e+001 -5.000004e-001
      vertex   -3.075811e+001 1.666862e+001 -5.000004e-001
    endloop
  endfacet
  facet normal -9.305282e+000 3.662204e+000 0.000000e+000
    outer loop
      vertex   -3.049771e+001 1.712062e+001 1.500000e+000
      vertex   -3.030577e+001 1.760831e+001 1.500000e+000
      vertex   -3.049771e+001 1.712062e+001 -5.000004e-001
    endloop
  endfacet
  facet normal -1.983066e+000 1.583937e+000 0.000000e+000
    outer loop
      vertex   -3.075811e+001 1.666862e+001 1.500000e+000
      vertex   -3.075811e+001 1.666862e+001 -5.000004e-001
      vertex   -3.108562e+001 1.625858e+001 -5.000004e-001
    endloop
  endfacet
  facet normal -8.664942e+000 4.991871e+000 0.000000e+000
    outer loop
      vertex   -3.075811e+001 1.666862e+001 1.500000e+000
      vertex   -3.049771e+001 1.712062e+001 1.500000e+000
      vertex   -3.075811e+001 1.666862e+001 -5.000004e-001
    endloop
  endfacet
  facet normal 0.000000e+000 0.000000e+000 -7.808620e-002
    outer loop
      vertex   -3.365042e+001 1.363942e+001 -5.000004e-001
      vertex   -3.146736e+001 1.590385e+001 -5.000004e-001
      vertex   -3.108562e+001 1.625858e+001 -5.000004e-001
    endloop
  endfacet
  facet normal -1.716329e+000 1.847037e+000 0.000000e+000
    outer loop
      vertex   -3.108562e+001 1.625858e+001 1.500000e+000
      vertex   -3.108562e+001 1.625858e+001 -5.000004e-001
      vertex   -3.146736e+001 1.590385e+001 -5.000004e-001
    endloop
  endfacet
  facet normal -7.813522e+000 6.240903e+000 0.000000e+000
    outer loop
      vertex   -3.108562e+001 1.625858e+001 1.500000e+000
      vertex   -3.075811e+001 1.666862e+001 1.500000e+000
      vertex   -3.108562e+001 1.625858e+001 -5.000004e-001
    endloop
  endfacet
  facet normal 0.000000e+000 0.000000e+000 -4.076725e-001
    outer loop
      vertex   -3.365042e+001 1.363942e+001 -5.000004e-001
      vertex   -3.190152e+001 1.560820e+001 -5.000004e-001
      vertex   -3.146736e+001 1.590385e+001 -5.000004e-001
    endloop
  endfacet
  facet normal -1.429803e+000 2.099577e+000 0.000000e+000
    outer loop
      vertex   -3.146736e+001 1.590385e+001 1.500000e+000
      vertex   -3.146736e+001 1.590385e+001 -5.000004e-001
      vertex   -3.190152e+001 1.560820e+001 -5.000004e-001
    endloop
  endfacet
  facet normal -6.807115e+000 7.325516e+000 0.000000e+000
    outer loop
      vertex   -3.146736e+001 1.590385e+001 1.500000e+000
      vertex   -3.108562e+001 1.625858e+001 1.500000e+000
      vertex   -3.146736e+001 1.590385e+001 -5.000004e-001
    endloop
  endfacet
  facet normal 0.000000e+000 0.000000e+000 -9.272902e-001
    outer loop
      vertex   -3.365042e+001 1.363942e+001 -5.000004e-001
      vertex   -3.237059e+001 1.538203e+001 -5.000004e-001
      vertex   -3.190152e+001 1.560820e+001 -5.000004e-001
    endloop
  endfacet
  facet normal -1.094343e+000 2.269714e+000 0.000000e+000
    outer loop
      vertex   -3.190152e+001 1.560820e+001 1.500000e+000
      vertex   -3.190152e+001 1.560820e+001 -5.000004e-001
      vertex   -3.237059e+001 1.538203e+001 -5.000004e-001
    endloop
  endfacet
  facet normal -5.628726e+000 8.265436e+000 0.000000e+000
    outer loop
      vertex   -3.190152e+001 1.560820e+001 1.500000e+000
      vertex   -3.146736e+001 1.590385e+001 1.500000e+000
      vertex   -3.190152e+001 1.560820e+001 -5.000004e-001
    endloop
  endfacet
  facet normal 0.000000e+000 0.000000e+000 -1.771436e+000
    outer loop
      vertex   -3.365042e+001 1.363942e+001 -5.000004e-001
      vertex   -3.287284e+001 1.522726e+001 -5.000004e-001
      vertex   -3.237059e+001 1.538203e+001 -5.000004e-001
    endloop
  endfacet
  facet normal -7.484432e-001 2.428804e+000 0.000000e+000
    outer loop
      vertex   -3.237059e+001 1.538203e+001 1.500000e+000
      vertex   -3.237059e+001 1.538203e+001 -5.000004e-001
      vertex   -3.287284e+001 1.522726e+001 -5.000004e-001
    endloop
  endfacet
  facet normal -4.343045e+000 9.007661e+000 0.000000e+000
    outer loop
      vertex   -3.237059e+001 1.538203e+001 1.500000e+000
      vertex   -3.190152e+001 1.560820e+001 1.500000e+000
      vertex   -3.237059e+001 1.538203e+001 -5.000004e-001
    endloop
  endfacet
  facet normal 0.000000e+000 0.000000e+000 -2.793024e+000
    outer loop
      vertex   -3.365042e+001 1.363942e+001 -5.000004e-001
      vertex   -3.338760e+001 1.514959e+001 -5.000004e-001
      vertex   -3.287284e+001 1.522726e+001 -5.000004e-001
    endloop
  endfacet
  facet normal -3.758285e-001 2.490757e+000 0.000000e+000
    outer loop
      vertex   -3.287284e+001 1.522726e+001 1.500000e+000
      vertex   -3.287284e+001 1.522726e+001 -5.000004e-001
      vertex   -3.338760e+001 1.514959e+001 -5.000004e-001
    endloop
  endfacet
  facet normal -2.944880e+000 9.556552e+000 0.000000e+000
    outer loop
      vertex   -3.287284e+001 1.522726e+001 1.500000e+000
      vertex   -3.237059e+001 1.538203e+001 1.500000e+000
      vertex   -3.287284e+001 1.522726e+001 -5.000004e-001
    endloop
  endfacet
  facet normal 0.000000e+000 0.000000e+000 -3.378444e+000
    outer loop
      vertex   -3.365042e+001 1.363942e+001 -5.000004e-001
      vertex   -3.391325e+001 1.514959e+001 -5.000004e-001
      vertex   -3.338760e+001 1.514959e+001 -5.000004e-001
    endloop
  endfacet
  facet normal 0.000000e+000 2.541946e+000 0.000000e+000
    outer loop
      vertex   -3.338760e+001 1.514959e+001 1.500000e+000
      vertex   -3.338760e+001 1.514959e+001 -5.000004e-001
      vertex   -3.391325e+001 1.514959e+001 -5.000004e-001
    endloop
  endfacet
  facet normal -1.492004e+000 9.888069e+000 0.000000e+000
    outer loop
      vertex   -3.338760e+001 1.514959e+001 1.500000e+000
      vertex   -3.287284e+001 1.522726e+001 1.500000e+000
      vertex   -3.338760e+001 1.514959e+001 -5.000004e-001
    endloop
  endfacet
  facet normal 0.000000e+000 0.000000e+000 -3.335522e+000
    outer loop
      vertex   -3.428429e+001 1.368065e+001 -5.000004e-001
      vertex   -3.442800e+001 1.522726e+001 -5.000004e-001
      vertex   -3.391325e+001 1.514959e+001 -5.000004e-001
    endloop
  endfacet
  facet normal 3.758285e-001 2.490757e+000 0.000000e+000
    outer loop
      vertex   -3.391325e+001 1.514959e+001 1.500000e+000
      vertex   -3.391325e+001 1.514959e+001 -5.000004e-001
      vertex   -3.442800e+001 1.522726e+001 -5.000004e-001
    endloop
  endfacet
  facet normal 0.000000e+000 0.000000e+000 -9.719834e+000
    outer loop
      vertex   -3.365042e+001 1.363942e+001 -5.000004e-001
      vertex   -3.428429e+001 1.368065e+001 -5.000004e-001
      vertex   -3.391325e+001 1.514959e+001 -5.000004e-001
    endloop
  endfacet
  facet normal 0.000000e+000 1.000000e+001 0.000000e+000
    outer loop
      vertex   -3.391325e+001 1.514959e+001 1.500000e+000
      vertex   -3.338760e+001 1.514959e+001 1.500000e+000
      vertex   -3.391325e+001 1.514959e+001 -5.000004e-001
    endloop
  endfacet
  facet normal 0.000000e+000 0.000000e+000 -3.314764e+000
    outer loop
      vertex   -3.489607e+001 1.379713e+001 -5.000004e-001
      vertex   -3.493025e+001 1.538203e+001 -5.000004e-001
      vertex   -3.442800e+001 1.522726e+001 -5.000004e-001
    endloop
  endfacet
  facet normal 7.484432e-001 2.428804e+000 0.000000e+000
    outer loop
      vertex   -3.442800e+001 1.522726e+001 1.500000e+000
      vertex   -3.442800e+001 1.522726e+001 -5.000004e-001
      vertex   -3.493025e+001 1.538203e+001 -5.000004e-001
    endloop
  endfacet
  facet normal 0.000000e+000 0.000000e+000 -9.608366e+000
    outer loop
      vertex   -3.428429e+001 1.368065e+001 -5.000004e-001
      vertex   -3.489607e+001 1.379713e+001 -5.000004e-001
      vertex   -3.442800e+001 1.522726e+001 -5.000004e-001
    endloop
  endfacet
  facet normal 1.492004e+000 9.888069e+000 0.000000e+000
    outer loop
      vertex   -3.442800e+001 1.522726e+001 1.500000e+000
      vertex   -3.391325e+001 1.514959e+001 1.500000e+000
      vertex   -3.442800e+001 1.522726e+001 -5.000004e-001
    endloop
  endfacet
  facet normal 0.000000e+000 0.000000e+000 -3.206926e+000
    outer loop
      vertex   -3.548941e+001 1.399052e+001 -5.000004e-001
      vertex   -3.539933e+001 1.560820e+001 -5.000004e-001
      vertex   -3.493025e+001 1.538203e+001 -5.000004e-001
    endloop
  endfacet
  facet normal 1.094343e+000 2.269714e+000 0.000000e+000
    outer loop
      vertex   -3.493025e+001 1.538203e+001 1.500000e+000
      vertex   -3.493025e+001 1.538203e+001 -5.000004e-001
      vertex   -3.539933e+001 1.560820e+001 -5.000004e-001
    endloop
  endfacet
  facet normal 0.000000e+000 0.000000e+000 -9.438689e+000
    outer loop
      vertex   -3.489607e+001 1.379713e+001 -5.000004e-001
      vertex   -3.548941e+001 1.399052e+001 -5.000004e-001
      vertex   -3.493025e+001 1.538203e+001 -5.000004e-001
    endloop
  endfacet
  facet normal 2.944880e+000 9.556552e+000 0.000000e+000
    outer loop
      vertex   -3.493025e+001 1.538203e+001 1.500000e+000
      vertex   -3.442800e+001 1.522726e+001 1.500000e+000
      vertex   -3.493025e+001 1.538203e+001 -5.000004e-001
    endloop
  endfacet
  facet normal 0.000000e+000 0.000000e+000 -2.314382e+000
    outer loop
      vertex   -3.548941e+001 1.399052e+001 -5.000004e-001
      vertex   -3.583349e+001 1.590385e+001 -5.000004e-001
      vertex   -3.539933e+001 1.560820e+001 -5.000004e-001
    endloop
  endfacet
  facet normal 1.429803e+000 2.099577e+000 0.000000e+000
    outer loop
      vertex   -3.539933e+001 1.560820e+001 1.500000e+000
      vertex   -3.539933e+001 1.560820e+001 -5.000004e-001
      vertex   -3.583349e+001 1.590385e+001 -5.000004e-001
    endloop
  endfacet
  facet normal 4.343045e+000 9.007661e+000 0.000000e+000
    outer loop
      vertex   -3.539933e+001 1.560820e+001 1.500000e+000
      vertex   -3.493025e+001 1.538203e+001 1.500000e+000
      vertex   -3.539933e+001 1.560820e+001 -5.000004e-001
    endloop
  endfacet
  facet normal 0.000000e+000 0.000000e+000 -2.127632e+000
    outer loop
      vertex   -3.606062e+001 1.425914e+001 -5.000004e-001
      vertex   -3.621523e+001 1.625858e+001 -5.000004e-001
      vertex   -3.583349e+001 1.590385e+001 -5.000004e-001
    endloop
  endfacet
  facet normal 1.716329e+000 1.847037e+000 0.000000e+000
    outer loop
      vertex   -3.583349e+001 1.590385e+001 1.500000e+000
      vertex   -3.583349e+001 1.590385e+001 -5.000004e-001
      vertex   -3.621523e+001 1.625858e+001 -5.000004e-001
    endloop
  endfacet
  facet normal 0.000000e+000 0.000000e+000 -8.153231e+000
    outer loop
      vertex   -3.548941e+001 1.399052e+001 -5.000004e-001
      vertex   -3.606062e+001 1.425914e+001 -5.000004e-001
      vertex   -3.583349e+001 1.590385e+001 -5.000004e-001
    endloop
  endfacet
  facet normal 5.628726e+000 8.265436e+000 0.000000e+000
    outer loop
      vertex   -3.583349e+001 1.590385e+001 1.500000e+000
      vertex   -3.539933e+001 1.560820e+001 1.500000e+000
      vertex   -3.583349e+001 1.590385e+001 -5.000004e-001
    endloop
  endfacet
  facet normal 0.000000e+000 0.000000e+000 -1.971052e+000
    outer loop
      vertex   -3.658765e+001 1.459349e+001 -5.000004e-001
      vertex   -3.654274e+001 1.666862e+001 -5.000004e-001
      vertex   -3.621523e+001 1.625858e+001 -5.000004e-001
    endloop
  endfacet
  facet normal 1.983066e+000 1.583937e+000 0.000000e+000
    outer loop
      vertex   -3.621523e+001 1.625858e+001 1.500000e+000
      vertex   -3.621523e+001 1.625858e+001 -5.000004e-001
      vertex   -3.654274e+001 1.666862e+001 -5.000004e-001
    endloop
  endfacet
  facet normal 0.000000e+000 0.000000e+000 -8.005954e+000
    outer loop
      vertex   -3.606062e+001 1.425914e+001 -5.000004e-001
      vertex   -3.658765e+001 1.459349e+001 -5.000004e-001
      vertex   -3.621523e+001 1.625858e+001 -5.000004e-001
    endloop
  endfacet
  facet normal 6.807115e+000 7.325516e+000 0.000000e+000
    outer loop
      vertex   -3.621523e+001 1.625858e+001 1.500000e+000
      vertex   -3.583349e+001 1.590385e+001 1.500000e+000
      vertex   -3.621523e+001 1.625858e+001 -5.000004e-001
    endloop
  endfacet
  facet normal 0.000000e+000 0.000000e+000 -1.065005e+000
    outer loop
      vertex   -3.658765e+001 1.459349e+001 -5.000004e-001
      vertex   -3.680314e+001 1.712062e+001 -5.000004e-001
      vertex   -3.654274e+001 1.666862e+001 -5.000004e-001
    endloop
  endfacet
  facet normal 2.186848e+000 1.259843e+000 0.000000e+000
    outer loop
      vertex   -3.654274e+001 1.666862e+001 1.500000e+000
      vertex   -3.654274e+001 1.666862e+001 -5.000004e-001
      vertex   -3.680314e+001 1.712062e+001 -5.000004e-001
    endloop
  endfacet
  facet normal 7.813522e+000 6.240903e+000 0.000000e+000
    outer loop
      vertex   -3.654274e+001 1.666862e+001 1.500000e+000
      vertex   -3.621523e+001 1.625858e+001 1.500000e+000
      vertex   -3.654274e+001 1.666862e+001 -5.000004e-001
    endloop
  endfacet
  facet normal 0.000000e+000 0.000000e+000 -9.641602e-001
    outer loop
      vertex   -3.707363e+001 1.499592e+001 -5.000004e-001
      vertex   -3.699508e+001 1.760831e+001 -5.000004e-001
      vertex   -3.680314e+001 1.712062e+001 -5.000004e-001
    endloop
  endfacet
  facet normal 2.358818e+000 9.283409e-001 0.000000e+000
    outer loop
      vertex   -3.680314e+001 1.712062e+001 1.500000e+000
      vertex   -3.680314e+001 1.712062e+001 -5.000004e-001
      vertex   -3.699508e+001 1.760831e+001 -5.000004e-001
    endloop
  endfacet
  facet normal 0.000000e+000 0.000000e+000 -7.132358e+000
    outer loop
      vertex   -3.658765e+001 1.459349e+001 -5.000004e-001
      vertex   -3.707363e+001 1.499592e+001 -5.000004e-001
      vertex   -3.680314e+001 1.712062e+001 -5.000004e-001
    endloop
  endfacet
  facet normal 8.664942e+000 4.991871e+000 0.000000e+000
    outer loop
      vertex   -3.680314e+001 1.712062e+001 1.500000e+000
      vertex   -3.654274e+001 1.666862e+001 1.500000e+000
      vertex   -3.680314e+001 1.712062e+001 -5.000004e-001
    endloop
  endfacet
  facet normal 0.000000e+000 0.000000e+000 -4.174556e-001
    outer loop
      vertex   -3.707363e+001 1.499592e+001 -5.000004e-001
      vertex   -3.711009e+001 1.811295e+001 -5.000004e-001
      vertex   -3.699508e+001 1.760831e+001 -5.000004e-001
    endloop
  endfacet
  facet normal 2.442697e+000 5.567384e-001 0.000000e+000
    outer loop
      vertex   -3.699508e+001 1.760831e+001 1.500000e+000
      vertex   -3.699508e+001 1.760831e+001 -5.000004e-001
      vertex   -3.711009e+001 1.811295e+001 -5.000004e-001
    endloop
  endfacet
  facet normal 9.305282e+000 3.662204e+000 0.000000e+000
    outer loop
      vertex   -3.699508e+001 1.760831e+001 1.500000e+000
      vertex   -3.680314e+001 1.712062e+001 1.500000e+000
      vertex   -3.699508e+001 1.760831e+001 -5.000004e-001
    endloop
  endfacet
  facet normal 0.000000e+000 0.000000e+000 -3.636351e-001
    outer loop
      vertex   -3.750217e+001 1.545142e+001 -5.000004e-001
      vertex   -3.715042e+001 1.863942e+001 -5.000004e-001
      vertex   -3.711009e+001 1.811295e+001 -5.000004e-001
    endloop
  endfacet
  facet normal 2.545159e+000 1.949798e-001 0.000000e+000
    outer loop
      vertex   -3.711009e+001 1.811295e+001 1.500000e+000
      vertex   -3.711009e+001 1.811295e+001 -5.000004e-001
      vertex   -3.715042e+001 1.863942e+001 -5.000004e-001
    endloop
  endfacet
  facet normal 0.000000e+000 0.000000e+000 -6.766630e+000
    outer loop
      vertex   -3.707363e+001 1.499592e+001 -5.000004e-001
      vertex   -3.750217e+001 1.545142e+001 -5.000004e-001
      vertex   -3.711009e+001 1.811295e+001 -5.000004e-001
    endloop
  endfacet
  facet normal 9.749964e+000 2.222207e+000 0.000000e+000
    outer loop
      vertex   -3.711009e+001 1.811295e+001 1.500000e+000
      vertex   -3.699508e+001 1.760831e+001 1.500000e+000
      vertex   -3.711009e+001 1.811295e+001 -5.000004e-001
    endloop
  endfacet
  facet normal 0.000000e+000 0.000000e+000 -9.376560e-002
    outer loop
      vertex   -3.707363e+001 2.228292e+001 -5.000004e-001
      vertex   -3.711009e+001 1.916589e+001 -5.000004e-001
      vertex   -3.715042e+001 1.863942e+001 -5.000004e-001
    endloop
  endfacet
  facet normal 2.545159e+000 -1.949798e-001 0.000000e+000
    outer loop
      vertex   -3.715042e+001 1.863942e+001 1.500000e+000
      vertex   -3.715042e+001 1.863942e+001 -5.000004e-001
      vertex   -3.711009e+001 1.916589e+001 -5.000004e-001
    endloop
  endfacet
  facet normal 0.000000e+000 0.000000e+000 -4.722489e-001
    outer loop
      vertex   -3.750217e+001 1.545142e+001 -5.000004e-001
      vertex   -3.707363e+001 2.228292e+001 -5.000004e-001
      vertex   -3.715042e+001 1.863942e+001 -5.000004e-001
    endloop
  endfacet
  facet normal 9.640472e+000 7.385384e-001 3.469447e-017
    outer loop
      vertex   -3.711009e+001 1.811295e+001 1.500000e+000
      vertex   -3.715042e+001 1.863942e+001 -5.000004e-001
      vertex   -3.715042e+001 1.863942e+001 1.500000e+000
    endloop
  endfacet
  facet normal 0.000000e+000 0.000000e+000 -4.174556e-001
    outer loop
      vertex   -3.707363e+001 2.228292e+001 -5.000004e-001
      vertex   -3.699508e+001 1.967053e+001 -5.000004e-001
      vertex   -3.711009e+001 1.916589e+001 -5.000004e-001
    endloop
  endfacet
  facet normal 2.442697e+000 -5.567384e-001 0.000000e+000
    outer loop
      vertex   -3.711009e+001 1.916589e+001 1.500000e+000
      vertex   -3.711009e+001 1.916589e+001 -5.000004e-001
      vertex   -3.699508e+001 1.967053e+001 -5.000004e-001
    endloop
  endfacet
  facet normal 9.970785e+000 -7.638430e-001 0.000000e+000
    outer loop
      vertex   -3.711009e+001 1.916589e+001 1.500000e+000
      vertex   -3.715042e+001 1.863942e+001 1.500000e+000
      vertex   -3.711009e+001 1.916589e+001 -5.000004e-001
    endloop
  endfacet
  facet normal 0.000000e+000 0.000000e+000 -4.924296e-001
    outer loop
      vertex   -3.658765e+001 2.268535e+001 -5.000004e-001
      vertex   -3.680314e+001 2.015822e+001 -5.000004e-001
      vertex   -3.699508e+001 1.967053e+001 -5.000004e-001
    endloop
  endfacet
  facet normal 2.358818e+000 -9.283409e-001 0.000000e+000
    outer loop
      vertex   -3.699508e+001 1.967053e+001 1.500000e+000
      vertex   -3.699508e+001 1.967053e+001 -5.000004e-001
      vertex   -3.680314e+001 2.015822e+001 -5.000004e-001
    endloop
  endfacet
  facet normal 0.000000e+000 0.000000e+000 -7.890297e+000
    outer loop
      vertex   -3.707363e+001 2.228292e+001 -5.000004e-001
      vertex   -3.658765e+001 2.268535e+001 -5.000004e-001
      vertex   -3.699508e+001 1.967053e+001 -5.000004e-001
    endloop
  endfacet
  facet normal 9.749964e+000 -2.222207e+000 0.000000e+000
    outer loop
      vertex   -3.699508e+001 1.967053e+001 1.500000e+000
      vertex   -3.711009e+001 1.916589e+001 1.500000e+000
      vertex   -3.699508e+001 1.967053e+001 -5.000004e-001
    endloop
  endfacet
  facet normal 0.000000e+000 0.000000e+000 -1.065005e+000
    outer loop
      vertex   -3.658765e+001 2.268535e+001 -5.000004e-001
      vertex   -3.654274e+001 2.061022e+001 -5.000004e-001
      vertex   -3.680314e+001 2.015822e+001 -5.000004e-001
    endloop
  endfacet
  facet normal 2.186848e+000 -1.259843e+000 0.000000e+000
    outer loop
      vertex   -3.680314e+001 2.015822e+001 1.500000e+000
      vertex   -3.680314e+001 2.015822e+001 -5.000004e-001
      vertex   -3.654274e+001 2.061022e+001 -5.000004e-001
    endloop
  endfacet
  facet normal 9.305282e+000 -3.662204e+000 0.000000e+000
    outer loop
      vertex   -3.680314e+001 2.015822e+001 1.500000e+000
      vertex   -3.699508e+001 1.967053e+001 1.500000e+000
      vertex   -3.680314e+001 2.015822e+001 -5.000004e-001
    endloop
  endfacet
  facet normal 0.000000e+000 0.000000e+000 -1.200219e+000
    outer loop
      vertex   -3.606062e+001 2.301970e+001 -5.000004e-001
      vertex   -3.621523e+001 2.102026e+001 -5.000004e-001
      vertex   -3.654274e+001 2.061022e+001 -5.000004e-001
    endloop
  endfacet
  facet normal 1.983066e+000 -1.583937e+000 0.000000e+000
    outer loop
      vertex   -3.654274e+001 2.061022e+001 1.500000e+000
      vertex   -3.654274e+001 2.061022e+001 -5.000004e-001
      vertex   -3.621523e+001 2.102026e+001 -5.000004e-001
    endloop
  endfacet
  facet normal 0.000000e+000 0.000000e+000 -8.558034e+000
    outer loop
      vertex   -3.658765e+001 2.268535e+001 -5.000004e-001
      vertex   -3.606062e+001 2.301970e+001 -5.000004e-001
      vertex   -3.654274e+001 2.061022e+001 -5.000004e-001
    endloop
  endfacet
  facet normal 8.664942e+000 -4.991871e+000 0.000000e+000
    outer loop
      vertex   -3.654274e+001 2.061022e+001 1.500000e+000
      vertex   -3.680314e+001 2.015822e+001 1.500000e+000
      vertex   -3.654274e+001 2.061022e+001 -5.000004e-001
    endloop
  endfacet
  facet normal 0.000000e+000 0.000000e+000 -2.127632e+000
    outer loop
      vertex   -3.606062e+001 2.301970e+001 -5.000004e-001
      vertex   -3.583349e+001 2.137499e+001 -5.000004e-001
      vertex   -3.621523e+001 2.102026e+001 -5.000004e-001
    endloop
  endfacet
  facet normal 1.716329e+000 -1.847037e+000 0.000000e+000
    outer loop
      vertex   -3.621523e+001 2.102026e+001 1.500000e+000
      vertex   -3.621523e+001 2.102026e+001 -5.000004e-001
      vertex   -3.583349e+001 2.137499e+001 -5.000004e-001
    endloop
  endfacet
  facet normal 7.813522e+000 -6.240903e+000 0.000000e+000
    outer loop
      vertex   -3.621523e+001 2.102026e+001 1.500000e+000
      vertex   -3.654274e+001 2.061022e+001 1.500000e+000
      vertex   -3.621523e+001 2.102026e+001 -5.000004e-001
    endloop
  endfacet
  facet normal 0.000000e+000 0.000000e+000 -2.314382e+000
    outer loop
      vertex   -3.548941e+001 2.328832e+001 -5.000004e-001
      vertex   -3.539933e+001 2.167065e+001 -5.000004e-001
      vertex   -3.583349e+001 2.137499e+001 -5.000004e-001
    endloop
  endfacet
  facet normal 1.429803e+000 -2.099577e+000 0.000000e+000
    outer loop
      vertex   -3.583349e+001 2.137499e+001 1.500000e+000
      vertex   -3.583349e+001 2.137499e+001 -5.000004e-001
      vertex   -3.539933e+001 2.167065e+001 -5.000004e-001
    endloop
  endfacet
  facet normal 0.000000e+000 0.000000e+000 -9.546391e+000
    outer loop
      vertex   -3.606062e+001 2.301970e+001 -5.000004e-001
      vertex   -3.548941e+001 2.328832e+001 -5.000004e-001
      vertex   -3.583349e+001 2.137499e+001 -5.000004e-001
    endloop
  endfacet
  facet normal 6.807115e+000 -7.325516e+000 0.000000e+000
    outer loop
      vertex   -3.583349e+001 2.137499e+001 1.500000e+000
      vertex   -3.621523e+001 2.102026e+001 1.500000e+000
      vertex   -3.583349e+001 2.137499e+001 -5.000004e-001
    endloop
  endfacet
  facet normal 0.000000e+000 0.000000e+000 -2.468988e+000
    outer loop
      vertex   -3.489607e+001 2.348171e+001 -5.000004e-001
      vertex   -3.493025e+001 2.189681e+001 -5.000004e-001
      vertex   -3.539933e+001 2.167065e+001 -5.000004e-001
    endloop
  endfacet
  facet normal 1.094343e+000 -2.269714e+000 0.000000e+000
    outer loop
      vertex   -3.539933e+001 2.167065e+001 1.500000e+000
      vertex   -3.539933e+001 2.167065e+001 -5.000004e-001
      vertex   -3.493025e+001 2.189681e+001 -5.000004e-001
    endloop
  endfacet
  facet normal 0.000000e+000 0.000000e+000 -9.665299e+000
    outer loop
      vertex   -3.548941e+001 2.328832e+001 -5.000004e-001
      vertex   -3.489607e+001 2.348171e+001 -5.000004e-001
      vertex   -3.539933e+001 2.167065e+001 -5.000004e-001
    endloop
  endfacet
  facet normal 5.628726e+000 -8.265436e+000 0.000000e+000
    outer loop
      vertex   -3.539933e+001 2.167065e+001 1.500000e+000
      vertex   -3.583349e+001 2.137499e+001 1.500000e+000
      vertex   -3.539933e+001 2.167065e+001 -5.000004e-001
    endloop
  endfacet
  facet normal 0.000000e+000 0.000000e+000 -3.314764e+000
    outer loop
      vertex   -3.489607e+001 2.348171e+001 -5.000004e-001
      vertex   -3.442800e+001 2.205158e+001 -5.000004e-001
      vertex   -3.493025e+001 2.189681e+001 -5.000004e-001
    endloop
  endfacet
  facet normal 7.484432e-001 -2.428804e+000 0.000000e+000
    outer loop
      vertex   -3.493025e+001 2.189681e+001 1.500000e+000
      vertex   -3.493025e+001 2.189681e+001 -5.000004e-001
      vertex   -3.442800e+001 2.205158e+001 -5.000004e-001
    endloop
  endfacet
  facet normal 4.343045e+000 -9.007661e+000 0.000000e+000
    outer loop
      vertex   -3.493025e+001 2.189681e+001 1.500000e+000
      vertex   -3.539933e+001 2.167065e+001 1.500000e+000
      vertex   -3.493025e+001 2.189681e+001 -5.000004e-001
    endloop
  endfacet
  facet normal 0.000000e+000 0.000000e+000 -3.335522e+000
    outer loop
      vertex   -3.428429e+001 2.359819e+001 -5.000004e-001
      vertex   -3.391325e+001 2.212925e+001 -5.000004e-001
      vertex   -3.442800e+001 2.205158e+001 -5.000004e-001
    endloop
  endfacet
  facet normal 3.758285e-001 -2.490757e+000 0.000000e+000
    outer loop
      vertex   -3.442800e+001 2.205158e+001 1.500000e+000
      vertex   -3.442800e+001 2.205158e+001 -5.000004e-001
      vertex   -3.391325e+001 2.212925e+001 -5.000004e-001
    endloop
  endfacet
  facet normal 0.000000e+000 0.000000e+000 -9.917982e+000
    outer loop
      vertex   -3.489607e+001 2.348171e+001 -5.000004e-001
      vertex   -3.428429e+001 2.359819e+001 -5.000004e-001
      vertex   -3.442800e+001 2.205158e+001 -5.000004e-001
    endloop
  endfacet
  facet normal 2.944880e+000 -9.556552e+000 0.000000e+000
    outer loop
      vertex   -3.442800e+001 2.205158e+001 1.500000e+000
      vertex   -3.493025e+001 2.189681e+001 1.500000e+000
      vertex   -3.442800e+001 2.205158e+001 -5.000004e-001
    endloop
  endfacet
  facet normal 0.000000e+000 0.000000e+000 -3.378444e+000
    outer loop
      vertex   -3.365042e+001 2.363942e+001 -5.000004e-001
      vertex   -3.338760e+001 2.212925e+001 -5.000004e-001
      vertex   -3.391325e+001 2.212925e+001 -5.000004e-001
    endloop
  endfacet
  facet normal 0.000000e+000 -2.541946e+000 0.000000e+000
    outer loop
      vertex   -3.391325e+001 2.212925e+001 1.500000e+000
      vertex   -3.391325e+001 2.212925e+001 -5.000004e-001
      vertex   -3.338760e+001 2.212925e+001 -5.000004e-001
    endloop
  endfacet
  facet normal 0.000000e+000 0.000000e+000 -9.834001e+000
    outer loop
      vertex   -3.428429e+001 2.359819e+001 -5.000004e-001
      vertex   -3.365042e+001 2.363942e+001 -5.000004e-001
      vertex   -3.391325e+001 2.212925e+001 -5.000004e-001
    endloop
  endfacet
  facet normal 1.492004e+000 -9.888069e+000 0.000000e+000
    outer loop
      vertex   -3.391325e+001 2.212925e+001 1.500000e+000
      vertex   -3.442800e+001 2.205158e+001 1.500000e+000
      vertex   -3.391325e+001 2.212925e+001 -5.000004e-001
    endloop
  endfacet
  facet normal 0.000000e+000 0.000000e+000 -9.874336e-002
    outer loop
      vertex   -1.950829e+001 2.363942e+001 -5.000004e-001
      vertex   -3.287284e+001 2.205158e+001 -5.000004e-001
      vertex   -3.338760e+001 2.212925e+001 -5.000004e-001
    endloop
  endfacet
  facet normal -3.758285e-001 -2.490757e+000 -0.000000e+000
    outer loop
      vertex   -3.338760e+001 2.212925e+001 1.500000e+000
      vertex   -3.338760e+001 2.212925e+001 -5.000004e-001
      vertex   -3.287284e+001 2.205158e+001 -5.000004e-001
    endloop
  endfacet
  facet normal 0.000000e+000 0.000000e+000 -9.851909e+000
    outer loop
      vertex   -3.365042e+001 2.363942e+001 -5.000004e-001
      vertex   -1.950829e+001 2.363942e+001 -5.000004e-001
      vertex   -3.338760e+001 2.212925e+001 -5.000004e-001
    endloop
  endfacet
  facet normal -0.000000e+000 -1.000000e+001 -0.000000e+000
    outer loop
      vertex   -3.338760e+001 2.212925e+001 1.500000e+000
      vertex   -3.391325e+001 2.212925e+001 1.500000e+000
      vertex   -3.338760e+001 2.212925e+001 -5.000004e-001
    endloop
  endfacet
  facet normal 0.000000e+000 0.000000e+000 -1.640589e-001
    outer loop
      vertex   -1.950829e+001 2.363942e+001 -5.000004e-001
      vertex   -3.237059e+001 2.189681e+001 -5.000004e-001
      vertex   -3.287284e+001 2.205158e+001 -5.000004e-001
    endloop
  endfacet
  facet normal -7.484432e-001 -2.428804e+000 -0.000000e+000
    outer loop
      vertex   -3.287284e+001 2.205158e+001 1.500000e+000
      vertex   -3.287284e+001 2.205158e+001 -5.000004e-001
      vertex   -3.237059e+001 2.189681e+001 -5.000004e-001
    endloop
  endfacet
  facet normal -1.492004e+000 -9.888069e+000 -0.000000e+000
    outer loop
      vertex   -3.287284e+001 2.205158e+001 1.500000e+000
      vertex   -3.338760e+001 2.212925e+001 1.500000e+000
      vertex   -3.287284e+001 2.205158e+001 -5.000004e-001
    endloop
  endfacet
  facet normal 0.000000e+000 0.000000e+000 -2.287860e-001
    outer loop
      vertex   -1.950829e+001 2.363942e+001 -5.000004e-001
      vertex   -3.190152e+001 2.167065e+001 -5.000004e-001
      vertex   -3.237059e+001 2.189681e+001 -5.000004e-001
    endloop
  endfacet
  facet normal -1.094343e+000 -2.269714e+000 -0.000000e+000
    outer loop
      vertex   -3.237059e+001 2.189681e+001 1.500000e+000
      vertex   -3.237059e+001 2.189681e+001 -5.000004e-001
      vertex   -3.190152e+001 2.167065e+001 -5.000004e-001
    endloop
  endfacet
  facet normal -2.944880e+000 -9.556552e+000 -0.000000e+000
    outer loop
      vertex   -3.237059e+001 2.189681e+001 1.500000e+000
      vertex   -3.287284e+001 2.205158e+001 1.500000e+000
      vertex   -3.237059e+001 2.189681e+001 -5.000004e-001
    endloop
  endfacet
  facet normal 0.000000e+000 0.000000e+000 -2.958635e-001
    outer loop
      vertex   -1.950829e+001 2.363942e+001 -5.000004e-001
      vertex   -3.146736e+001 2.137499e+001 -5.000004e-001
      vertex   -3.190152e+001 2.167065e+001 -5.000004e-001
    endloop
  endfacet
  facet normal -1.429803e+000 -2.099577e+000 -0.000000e+000
    outer loop
      vertex   -3.190152e+001 2.167065e+001 1.500000e+000
      vertex   -3.190152e+001 2.167065e+001 -5.000004e-001
      vertex   -3.146736e+001 2.137499e+001 -5.000004e-001
    endloop
  endfacet
  facet normal -4.343045e+000 -9.007661e+000 -0.000000e+000
    outer loop
      vertex   -3.190152e+001 2.167065e+001 1.500000e+000
      vertex   -3.237059e+001 2.189681e+001 1.500000e+000
      vertex   -3.190152e+001 2.167065e+001 -5.000004e-001
    endloop
  endfacet
  facet normal 0.000000e+000 0.000000e+000 -3.534601e-001
    outer loop
      vertex   -1.950829e+001 2.363942e+001 -5.000004e-001
      vertex   -3.108562e+001 2.102026e+001 -5.000004e-001
      vertex   -3.146736e+001 2.137499e+001 -5.000004e-001
    endloop
  endfacet
  facet normal -1.716329e+000 -1.847037e+000 -0.000000e+000
    outer loop
      vertex   -3.146736e+001 2.137499e+001 1.500000e+000
      vertex   -3.146736e+001 2.137499e+001 -5.000004e-001
      vertex   -3.108562e+001 2.102026e+001 -5.000004e-001
    endloop
  endfacet
  facet normal -5.628726e+000 -8.265436e+000 -0.000000e+000
    outer loop
      vertex   -3.146736e+001 2.137499e+001 1.500000e+000
      vertex   -3.190152e+001 2.167065e+001 1.500000e+000
      vertex   -3.146736e+001 2.137499e+001 -5.000004e-001
    endloop
  endfacet
  facet normal 0.000000e+000 0.000000e+000 -4.053038e-001
    outer loop
      vertex   -1.950829e+001 2.363942e+001 -5.000004e-001
      vertex   -3.075811e+001 2.061022e+001 -5.000004e-001
      vertex   -3.108562e+001 2.102026e+001 -5.000004e-001
    endloop
  endfacet
  facet normal -1.983066e+000 -1.583937e+000 -0.000000e+000
    outer loop
      vertex   -3.108562e+001 2.102026e+001 1.500000e+000
      vertex   -3.108562e+001 2.102026e+001 -5.000004e-001
      vertex   -3.075811e+001 2.061022e+001 -5.000004e-001
    endloop
  endfacet
  facet normal -6.807115e+000 -7.325516e+000 -0.000000e+000
    outer loop
      vertex   -3.108562e+001 2.102026e+001 1.500000e+000
      vertex   -3.146736e+001 2.137499e+001 1.500000e+000
      vertex   -3.108562e+001 2.102026e+001 -5.000004e-001
    endloop
  endfacet
  facet normal 0.000000e+000 0.000000e+000 -4.373504e-001
    outer loop
      vertex   -1.950829e+001 2.363942e+001 -5.000004e-001
      vertex   -3.049771e+001 2.015822e+001 -5.000004e-001
      vertex   -3.075811e+001 2.061022e+001 -5.000004e-001
    endloop
  endfacet
  facet normal -2.186848e+000 -1.259843e+000 -0.000000e+000
    outer loop
      vertex   -3.075811e+001 2.061022e+001 1.500000e+000
      vertex   -3.075811e+001 2.061022e+001 -5.000004e-001
      vertex   -3.049771e+001 2.015822e+001 -5.000004e-001
    endloop
  endfacet
  facet normal -7.813522e+000 -6.240903e+000 -0.000000e+000
    outer loop
      vertex   -3.075811e+001 2.061022e+001 1.500000e+000
      vertex   -3.108562e+001 2.102026e+001 1.500000e+000
      vertex   -3.075811e+001 2.061022e+001 -5.000004e-001
    endloop
  endfacet
  facet normal 0.000000e+000 0.000000e+000 -4.545326e-001
    outer loop
      vertex   -1.950829e+001 2.363942e+001 -5.000004e-001
      vertex   -3.030577e+001 1.967053e+001 -5.000004e-001
      vertex   -3.049771e+001 2.015822e+001 -5.000004e-001
    endloop
  endfacet
  facet normal -2.358818e+000 -9.283409e-001 -0.000000e+000
    outer loop
      vertex   -3.049771e+001 2.015822e+001 1.500000e+000
      vertex   -3.049771e+001 2.015822e+001 -5.000004e-001
      vertex   -3.030577e+001 1.967053e+001 -5.000004e-001
    endloop
  endfacet
  facet normal -8.664942e+000 -4.991871e+000 -0.000000e+000
    outer loop
      vertex   -3.049771e+001 2.015822e+001 1.500000e+000
      vertex   -3.075811e+001 2.061022e+001 1.500000e+000
      vertex   -3.049771e+001 2.015822e+001 -5.000004e-001
    endloop
  endfacet
  facet normal -2.442697e+000 -5.567384e-001 -0.000000e+000
    outer loop
      vertex   -3.030577e+001 1.967053e+001 1.500000e+000
      vertex   -3.030577e+001 1.967053e+001 -5.000004e-001
      vertex   -3.019076e+001 1.916589e+001 -5.000004e-001
    endloop
  endfacet
  facet normal -9.305282e+000 -3.662204e+000 -0.000000e+000
    outer loop
      vertex   -3.030577e+001 1.967053e+001 1.500000e+000
      vertex   -3.049771e+001 2.015822e+001 1.500000e+000
      vertex   -3.030577e+001 1.967053e+001 -5.000004e-001
    endloop
  endfacet
  facet normal -9.749964e+000 -2.222207e+000 -0.000000e+000
    outer loop
      vertex   -3.019076e+001 1.916589e+001 1.500000e+000
      vertex   -3.030577e+001 1.967053e+001 1.500000e+000
      vertex   -3.019076e+001 1.916589e+001 -5.000004e-001
    endloop
  endfacet
  facet normal 0.000000e+000 0.000000e+000 -2.808988e+000
    outer loop
      vertex   1.349576e+000 2.363942e+001 -5.000004e-001
      vertex   -5.650424e+000 1.713942e+001 -5.000004e-001
      vertex   -5.650424e+000 2.013942e+001 -5.000004e-001
    endloop
  endfacet
  facet normal 0.000000e+000 0.000000e+000 -1.214999e-001
    outer loop
      vertex   -1.704378e+001 8.678781e+000 -5.000004e-001
      vertex   -1.665042e+001 2.013942e+001 -5.000004e-001
      vertex   -1.665042e+001 1.713942e+001 -5.000004e-001
    endloop
  endfacet
  facet normal 0.000000e+000 0.000000e+000 -2.682727e+000
    outer loop
      vertex   1.349576e+000 2.363942e+001 -5.000004e-001
      vertex   -5.650424e+000 2.013942e+001 -5.000004e-001
      vertex   -1.665042e+001 2.013942e+001 -5.000004e-001
    endloop
  endfacet
  facet normal 0.000000e+000 0.000000e+000 -7.745829e+000
    outer loop
      vertex   -1.950829e+001 2.363942e+001 -5.000004e-001
      vertex   1.349576e+000 2.363942e+001 -5.000004e-001
      vertex   -1.665042e+001 2.013942e+001 -5.000004e-001
    endloop
  endfacet
  facet normal 0.000000e+000 0.000000e+000 -3.395034e+000
    outer loop
      vertex   -1.922336e+001 1.240225e+001 -5.000004e-001
      vertex   -1.950829e+001 2.363942e+001 -5.000004e-001
      vertex   -1.665042e+001 2.013942e+001 -5.000004e-001
    endloop
  endfacet
  facet normal 0.000000e+000 0.000000e+000 -7.371175e+000
    outer loop
      vertex   -1.897792e+001 1.200210e+001 -5.000004e-001
      vertex   -1.922336e+001 1.240225e+001 -5.000004e-001
      vertex   -1.665042e+001 2.013942e+001 -5.000004e-001
    endloop
  endfacet
  facet normal 0.000000e+000 0.000000e+000 -5.956190e+000
    outer loop
      vertex   -1.879711e+001 1.156561e+001 -5.000004e-001
      vertex   -1.897792e+001 1.200210e+001 -5.000004e-001
      vertex   -1.665042e+001 2.013942e+001 -5.000004e-001
    endloop
  endfacet
  facet normal 0.000000e+000 0.000000e+000 -4.419294e+000
    outer loop
      vertex   -1.868806e+001 1.111164e+001 -5.000004e-001
      vertex   -1.879711e+001 1.156561e+001 -5.000004e-001
      vertex   -1.665042e+001 2.013942e+001 -5.000004e-001
    endloop
  endfacet
  facet normal 0.000000e+000 0.000000e+000 -2.831018e+000
    outer loop
      vertex   -1.865042e+001 1.063942e+001 -5.000004e-001
      vertex   -1.868806e+001 1.111164e+001 -5.000004e-001
      vertex   -1.665042e+001 2.013942e+001 -5.000004e-001
    endloop
  endfacet
  facet normal 0.000000e+000 0.000000e+000 -2.910963e+000
    outer loop
      vertex   -1.861106e+001 1.024606e+001 -5.000004e-001
      vertex   -1.865042e+001 1.063942e+001 -5.000004e-001
      vertex   -1.665042e+001 2.013942e+001 -5.000004e-001
    endloop
  endfacet
  facet normal 0.000000e+000 0.000000e+000 -4.556822e+000
    outer loop
      vertex   -1.849832e+001 9.875052e+000 -5.000004e-001
      vertex   -1.861106e+001 1.024606e+001 -5.000004e-001
      vertex   -1.665042e+001 2.013942e+001 -5.000004e-001
    endloop
  endfacet
  facet normal 0.000000e+000 0.000000e+000 -6.018441e+000
    outer loop
      vertex   -1.831282e+001 9.527622e+000 -5.000004e-001
      vertex   -1.849832e+001 9.875052e+000 -5.000004e-001
      vertex   -1.665042e+001 2.013942e+001 -5.000004e-001
    endloop
  endfacet
  facet normal 0.000000e+000 0.000000e+000 -7.292330e+000
    outer loop
      vertex   -1.806432e+001 9.225527e+000 -5.000004e-001
      vertex   -1.831282e+001 9.527622e+000 -5.000004e-001
      vertex   -1.665042e+001 2.013942e+001 -5.000004e-001
    endloop
  endfacet
  facet normal 0.000000e+000 0.000000e+000 -8.314455e+000
    outer loop
      vertex   -1.776222e+001 8.977025e+000 -5.000004e-001
      vertex   -1.806432e+001 9.225527e+000 -5.000004e-001
      vertex   -1.665042e+001 2.013942e+001 -5.000004e-001
    endloop
  endfacet
  facet normal 0.000000e+000 0.000000e+000 -9.117954e+000
    outer loop
      vertex   -1.741479e+001 8.791524e+000 -5.000004e-001
      vertex   -1.776222e+001 8.977025e+000 -5.000004e-001
      vertex   -1.665042e+001 2.013942e+001 -5.000004e-001
    endloop
  endfacet
  facet normal 0.000000e+000 0.000000e+000 -9.662080e+000
    outer loop
      vertex   -1.704378e+001 8.678781e+000 -5.000004e-001
      vertex   -1.741479e+001 8.791524e+000 -5.000004e-001
      vertex   -1.665042e+001 2.013942e+001 -5.000004e-001
    endloop
  endfacet
  facet normal 0.000000e+000 0.000000e+000 -6.313569e-001
    outer loop
      vertex   3.759766e+000 2.301970e+001 -5.000004e-001
      vertex   3.759766e+000 1.425914e+001 -5.000004e-001
      vertex   3.188563e+000 1.399052e+001 -5.000004e-001
    endloop
  endfacet
  facet normal 0.000000e+000 0.000000e+000 -9.049300e+000
    outer loop
      vertex   3.188563e+000 2.328832e+001 -5.000004e-001
      vertex   3.759766e+000 2.301970e+001 -5.000004e-001
      vertex   3.188563e+000 1.399052e+001 -5.000004e-001
    endloop
  endfacet
  facet normal 0.000000e+000 0.000000e+000 -6.242526e-001
    outer loop
      vertex   4.286803e+000 2.268535e+001 -5.000004e-001
      vertex   4.286803e+000 1.459349e+001 -5.000004e-001
      vertex   3.759766e+000 1.425914e+001 -5.000004e-001
    endloop
  endfacet
  facet normal 0.000000e+000 0.000000e+000 -8.444105e+000
    outer loop
      vertex   3.759766e+000 2.301970e+001 -5.000004e-001
      vertex   4.286803e+000 2.268535e+001 -5.000004e-001
      vertex   3.759766e+000 1.425914e+001 -5.000004e-001
    endloop
  endfacet
  facet normal 0.000000e+000 0.000000e+000 -6.307527e-001
    outer loop
      vertex   4.772783e+000 2.228292e+001 -5.000004e-001
      vertex   4.772783e+000 1.499592e+001 -5.000004e-001
      vertex   4.286803e+000 1.459349e+001 -5.000004e-001
    endloop
  endfacet
  facet normal 0.000000e+000 0.000000e+000 -7.702099e+000
    outer loop
      vertex   4.286803e+000 2.268535e+001 -5.000004e-001
      vertex   4.772783e+000 2.228292e+001 -5.000004e-001
      vertex   4.286803e+000 1.459349e+001 -5.000004e-001
    endloop
  endfacet
  facet normal 0.000000e+000 0.000000e+000 -6.260737e-001
    outer loop
      vertex   5.201326e+000 2.182742e+001 -5.000004e-001
      vertex   5.201326e+000 1.545142e+001 -5.000004e-001
      vertex   4.772783e+000 1.499592e+001 -5.000004e-001
    endloop
  endfacet
  facet normal 0.000000e+000 0.000000e+000 -6.852277e+000
    outer loop
      vertex   4.772783e+000 2.228292e+001 -5.000004e-001
      vertex   5.201326e+000 2.182742e+001 -5.000004e-001
      vertex   4.772783e+000 1.499592e+001 -5.000004e-001
    endloop
  endfacet
  facet normal 0.000000e+000 0.000000e+000 -6.283309e-001
    outer loop
      vertex   5.570670e+000 2.131798e+001 -5.000004e-001
      vertex   5.570670e+000 1.596087e+001 -5.000004e-001
      vertex   5.201326e+000 1.545142e+001 -5.000004e-001
    endloop
  endfacet
  facet normal 0.000000e+000 0.000000e+000 -5.869626e+000
    outer loop
      vertex   5.201326e+000 2.182742e+001 -5.000004e-001
      vertex   5.570670e+000 2.131798e+001 -5.000004e-001
      vertex   5.201326e+000 1.545142e+001 -5.000004e-001
    endloop
  endfacet
  facet normal 0.000000e+000 0.000000e+000 -6.297588e-001
    outer loop
      vertex   5.873986e+000 2.076769e+001 -5.000004e-001
      vertex   5.873986e+000 1.651115e+001 -5.000004e-001
      vertex   5.570670e+000 1.596087e+001 -5.000004e-001
    endloop
  endfacet
  facet normal 0.000000e+000 0.000000e+000 -4.827235e+000
    outer loop
      vertex   5.570670e+000 2.131798e+001 -5.000004e-001
      vertex   5.873986e+000 2.076769e+001 -5.000004e-001
      vertex   5.570670e+000 1.596087e+001 -5.000004e-001
    endloop
  endfacet
  facet normal 0.000000e+000 0.000000e+000 -6.245350e-001
    outer loop
      vertex   6.103891e+000 2.018518e+001 -5.000004e-001
      vertex   6.103891e+000 1.709366e+001 -5.000004e-001
      vertex   5.873986e+000 1.651115e+001 -5.000004e-001
    endloop
  endfacet
  facet normal 0.000000e+000 0.000000e+000 -3.671191e+000
    outer loop
      vertex   5.873986e+000 2.076769e+001 -5.000004e-001
      vertex   6.103891e+000 2.018518e+001 -5.000004e-001
      vertex   5.873986e+000 1.651115e+001 -5.000004e-001
    endloop
  endfacet
  facet normal 0.000000e+000 0.000000e+000 -6.325180e-001
    outer loop
      vertex   6.261126e+000 1.957454e+001 -5.000004e-001
      vertex   6.261126e+000 1.770430e+001 -5.000004e-001
      vertex   6.103891e+000 1.709366e+001 -5.000004e-001
    endloop
  endfacet
  facet normal 0.000000e+000 0.000000e+000 -2.493579e+000
    outer loop
      vertex   6.103891e+000 2.018518e+001 -5.000004e-001
      vertex   6.261126e+000 1.957454e+001 -5.000004e-001
      vertex   6.103891e+000 1.709366e+001 -5.000004e-001
    endloop
  endfacet
  facet normal 0.000000e+000 0.000000e+000 -6.221889e-001
    outer loop
      vertex   6.339098e+000 1.895507e+001 -5.000004e-001
      vertex   6.339098e+000 1.832377e+001 -5.000004e-001
      vertex   6.261126e+000 1.770430e+001 -5.000004e-001
    endloop
  endfacet
  facet normal 0.000000e+000 0.000000e+000 -1.248845e+000
    outer loop
      vertex   6.261126e+000 1.957454e+001 -5.000004e-001
      vertex   6.339098e+000 1.895507e+001 -5.000004e-001
      vertex   6.261126e+000 1.770430e+001 -5.000004e-001
    endloop
  endfacet
  facet normal 0.000000e+000 0.000000e+000 -8.700089e+000
    outer loop
      vertex   -5.257062e+000 8.678781e+000 -5.000004e-001
      vertex   -5.650424e+000 8.639421e+000 -5.000004e-001
      vertex   1.349576e+000 2.363942e+001 -5.000004e-001
    endloop
  endfacet
  facet normal 0.000000e+000 0.000000e+000 -7.695779e+000
    outer loop
      vertex   -4.886054e+000 8.791524e+000 -5.000004e-001
      vertex   -5.257062e+000 8.678781e+000 -5.000004e-001
      vertex   1.349576e+000 2.363942e+001 -5.000004e-001
    endloop
  endfacet
  facet normal 0.000000e+000 0.000000e+000 -7.999658e-001
    outer loop
      vertex   -3.503732e+000 1.156561e+001 -5.000004e-001
      vertex   -4.886054e+000 8.791524e+000 -5.000004e-001
      vertex   1.349576e+000 2.363942e+001 -5.000004e-001
    endloop
  endfacet
  facet normal 0.000000e+000 0.000000e+000 -1.088905e-001
    outer loop
      vertex   -3.322932e+000 1.200210e+001 -5.000004e-001
      vertex   -3.503732e+000 1.156561e+001 -5.000004e-001
      vertex   1.349576e+000 2.363942e+001 -5.000004e-001
    endloop
  endfacet
  facet normal 0.000000e+000 0.000000e+000 -1.740241e+000
    outer loop
      vertex   -3.077485e+000 1.240225e+001 -5.000004e-001
      vertex   -3.322932e+000 1.200210e+001 -5.000004e-001
      vertex   1.349576e+000 2.363942e+001 -5.000004e-001
    endloop
  endfacet
  facet normal 0.000000e+000 0.000000e+000 -3.372653e+000
    outer loop
      vertex   -2.771744e+000 1.276074e+001 -5.000004e-001
      vertex   -3.077485e+000 1.240225e+001 -5.000004e-001
      vertex   1.349576e+000 2.363942e+001 -5.000004e-001
    endloop
  endfacet
  facet normal 0.000000e+000 0.000000e+000 -7.621097e+000
    outer loop
      vertex   -1.952910e+001 1.276074e+001 -5.000004e-001
      vertex   -1.988760e+001 1.306648e+001 -5.000004e-001
      vertex   -1.950829e+001 2.363942e+001 -5.000004e-001
    endloop
  endfacet
  facet normal 0.000000e+000 0.000000e+000 -6.294107e+000
    outer loop
      vertex   -1.922336e+001 1.240225e+001 -5.000004e-001
      vertex   -1.952910e+001 1.276074e+001 -5.000004e-001
      vertex   -1.950829e+001 2.363942e+001 -5.000004e-001
    endloop
  endfacet
  facet normal 0.000000e+000 0.000000e+000 -6.260763e-001
    outer loop
      vertex   -3.750217e+001 1.545142e+001 -5.000004e-001
      vertex   -3.750217e+001 2.182742e+001 -5.000004e-001
      vertex   -3.707363e+001 2.228292e+001 -5.000004e-001
    endloop
  endfacet
  facet normal 0.000000e+000 0.000000e+000 -6.283295e-001
    outer loop
      vertex   -3.787152e+001 1.596087e+001 -5.000004e-001
      vertex   -3.787152e+001 2.131798e+001 -5.000004e-001
      vertex   -3.750217e+001 2.182742e+001 -5.000004e-001
    endloop
  endfacet
  facet normal 0.000000e+000 0.000000e+000 -5.869617e+000
    outer loop
      vertex   -3.750217e+001 1.545142e+001 -5.000004e-001
      vertex   -3.787152e+001 1.596087e+001 -5.000004e-001
      vertex   -3.750217e+001 2.182742e+001 -5.000004e-001
    endloop
  endfacet
  facet normal 0.000000e+000 0.000000e+000 -6.297619e-001
    outer loop
      vertex   -3.817484e+001 1.651115e+001 -5.000004e-001
      vertex   -3.817484e+001 2.076769e+001 -5.000004e-001
      vertex   -3.787152e+001 2.131798e+001 -5.000004e-001
    endloop
  endfacet
  facet normal 0.000000e+000 0.000000e+000 -4.827253e+000
    outer loop
      vertex   -3.787152e+001 1.596087e+001 -5.000004e-001
      vertex   -3.817484e+001 1.651115e+001 -5.000004e-001
      vertex   -3.787152e+001 2.131798e+001 -5.000004e-001
    endloop
  endfacet
  facet normal 0.000000e+000 0.000000e+000 -6.245326e-001
    outer loop
      vertex   -3.840474e+001 1.709366e+001 -5.000004e-001
      vertex   -3.840474e+001 2.018518e+001 -5.000004e-001
      vertex   -3.817484e+001 2.076769e+001 -5.000004e-001
    endloop
  endfacet
  facet normal 0.000000e+000 0.000000e+000 -3.671179e+000
    outer loop
      vertex   -3.817484e+001 1.651115e+001 -5.000004e-001
      vertex   -3.840474e+001 1.709366e+001 -5.000004e-001
      vertex   -3.817484e+001 2.076769e+001 -5.000004e-001
    endloop
  endfacet
  facet normal 0.000000e+000 0.000000e+000 -6.325228e-001
    outer loop
      vertex   -3.856197e+001 1.770430e+001 -5.000004e-001
      vertex   -3.856197e+001 1.957454e+001 -5.000004e-001
      vertex   -3.840474e+001 2.018518e+001 -5.000004e-001
    endloop
  endfacet
  facet normal 0.000000e+000 0.000000e+000 -2.493596e+000
    outer loop
      vertex   -3.840474e+001 1.709366e+001 -5.000004e-001
      vertex   -3.856197e+001 1.770430e+001 -5.000004e-001
      vertex   -3.840474e+001 2.018518e+001 -5.000004e-001
    endloop
  endfacet
  facet normal 0.000000e+000 0.000000e+000 -6.221889e-001
    outer loop
      vertex   -3.863995e+001 1.832377e+001 -5.000004e-001
      vertex   -3.863995e+001 1.895507e+001 -5.000004e-001
      vertex   -3.856197e+001 1.957454e+001 -5.000004e-001
    endloop
  endfacet
  facet normal 0.000000e+000 0.000000e+000 -1.248845e+000
    outer loop
      vertex   -3.856197e+001 1.770430e+001 -5.000004e-001
      vertex   -3.863995e+001 1.832377e+001 -5.000004e-001
      vertex   -3.856197e+001 1.957454e+001 -5.000004e-001
    endloop
  endfacet
  facet normal 0.000000e+000 0.000000e+000 -8.186787e-001
    outer loop
      vertex   -3.503732e+000 1.156561e+001 -5.000004e-001
      vertex   -4.538623e+000 8.977025e+000 -5.000004e-001
      vertex   -4.886054e+000 8.791524e+000 -5.000004e-001
    endloop
  endfacet
  facet normal 0.000000e+000 0.000000e+000 -7.677259e-001
    outer loop
      vertex   -3.503732e+000 1.156561e+001 -5.000004e-001
      vertex   -4.236530e+000 9.225527e+000 -5.000004e-001
      vertex   -4.538623e+000 8.977025e+000 -5.000004e-001
    endloop
  endfacet
  facet normal 0.000000e+000 0.000000e+000 -8.666915e-001
    outer loop
      vertex   -3.612787e+000 1.111164e+001 -5.000004e-001
      vertex   -3.988027e+000 9.527622e+000 -5.000004e-001
      vertex   -4.236530e+000 9.225527e+000 -5.000004e-001
    endloop
  endfacet
  facet normal 0.000000e+000 0.000000e+000 -6.766525e-001
    outer loop
      vertex   -3.503732e+000 1.156561e+001 -5.000004e-001
      vertex   -3.612787e+000 1.111164e+001 -5.000004e-001
      vertex   -4.236530e+000 9.225527e+000 -5.000004e-001
    endloop
  endfacet
  facet normal 0.000000e+000 0.000000e+000 -8.026549e-001
    outer loop
      vertex   -3.612787e+000 1.111164e+001 -5.000004e-001
      vertex   -3.802528e+000 9.875052e+000 -5.000004e-001
      vertex   -3.988027e+000 9.527622e+000 -5.000004e-001
    endloop
  endfacet
  facet normal 0.000000e+000 0.000000e+000 -6.348760e-001
    outer loop
      vertex   -3.612787e+000 1.111164e+001 -5.000004e-001
      vertex   -3.689784e+000 1.024606e+001 -5.000004e-001
      vertex   -3.802528e+000 9.875052e+000 -5.000004e-001
    endloop
  endfacet
  facet normal 0.000000e+000 0.000000e+000 -9.187441e-002
    outer loop
      vertex   -3.612787e+000 1.111164e+001 -5.000004e-001
      vertex   -3.650424e+000 1.063942e+001 -5.000004e-001
      vertex   -3.689784e+000 1.024606e+001 -5.000004e-001
    endloop
  endfacet
  facet normal -9.881915e+000 1.231127e+000 0.000000e+000
    outer loop
      vertex   -3.234119e+001 1.831219e+001 1.500000e+000
      vertex   -3.230042e+001 1.863942e+001 5.100000e+000
      vertex   -3.230042e+001 1.863942e+001 1.500000e+000
    endloop
  endfacet
  facet normal -9.884177e+000 -1.216357e+000 0.000000e+000
    outer loop
      vertex   -3.234049e+001 1.896501e+001 5.100000e+000
      vertex   -3.230042e+001 1.863942e+001 1.500000e+000
      vertex   -3.230042e+001 1.863942e+001 5.100000e+000
    endloop
  endfacet
  facet normal 0.000000e+000 0.000000e+000 -1.515821e+000
    outer loop
      vertex   -3.019076e+001 1.811295e+001 1.500000e+000
      vertex   -3.234119e+001 1.831219e+001 1.500000e+000
      vertex   -3.230042e+001 1.863942e+001 1.500000e+000
    endloop
  endfacet
  facet normal -9.923285e+000 -1.236281e+000 1.366700e-003
    outer loop
      vertex   -3.234119e+001 1.896665e+001 1.500000e+000
      vertex   -3.230042e+001 1.863942e+001 1.500000e+000
      vertex   -3.234049e+001 1.896501e+001 5.100000e+000
    endloop
  endfacet
  facet normal 0.000000e+000 0.000000e+000 -1.477286e+000
    outer loop
      vertex   -3.015042e+001 1.863942e+001 1.500000e+000
      vertex   -3.230042e+001 1.863942e+001 1.500000e+000
      vertex   -3.234119e+001 1.896665e+001 1.500000e+000
    endloop
  endfacet
  facet normal 0.000000e+000 0.000000e+000 -9.859047e+000
    outer loop
      vertex   -3.019076e+001 1.811295e+001 1.500000e+000
      vertex   -3.230042e+001 1.863942e+001 1.500000e+000
      vertex   -3.015042e+001 1.863942e+001 1.500000e+000
    endloop
  endfacet
  facet normal -9.006429e-001 1.108340e-001 1.246675e-004
    outer loop
      vertex   -3.234119e+001 1.831219e+001 1.500000e+000
      vertex   -3.234049e+001 1.831383e+001 5.100000e+000
      vertex   -3.230042e+001 1.863942e+001 5.100000e+000
    endloop
  endfacet
  facet normal 0.000000e+000 0.000000e+000 1.470500e+000
    outer loop
      vertex   -3.015042e+001 1.863942e+001 5.100000e+000
      vertex   -3.230042e+001 1.863942e+001 5.100000e+000
      vertex   -3.234049e+001 1.831383e+001 5.100000e+000
    endloop
  endfacet
  facet normal 0.000000e+000 0.000000e+000 1.508192e+000
    outer loop
      vertex   -3.019136e+001 1.916765e+001 5.100000e+000
      vertex   -3.234049e+001 1.896501e+001 5.100000e+000
      vertex   -3.230042e+001 1.863942e+001 5.100000e+000
    endloop
  endfacet
  facet normal 0.000000e+000 0.000000e+000 9.859096e+000
    outer loop
      vertex   -3.019136e+001 1.916765e+001 5.100000e+000
      vertex   -3.230042e+001 1.863942e+001 5.100000e+000
      vertex   -3.015042e+001 1.863942e+001 5.100000e+000
    endloop
  endfacet
  facet normal -8.331459e-001 3.173220e-001 -3.370176e-005
    outer loop
      vertex   -3.245478e+001 1.801338e+001 1.500000e+000
      vertex   -3.245518e+001 1.801271e+001 5.100000e+000
      vertex   -3.234049e+001 1.831383e+001 5.100000e+000
    endloop
  endfacet
  facet normal 0.000000e+000 0.000000e+000 1.370554e+000
    outer loop
      vertex   -3.019136e+001 1.811119e+001 5.100000e+000
      vertex   -3.234049e+001 1.831383e+001 5.100000e+000
      vertex   -3.245518e+001 1.801271e+001 5.100000e+000
    endloop
  endfacet
  facet normal -9.347424e+000 3.553260e+000 1.988079e-004
    outer loop
      vertex   -3.234119e+001 1.831219e+001 1.500000e+000
      vertex   -3.245478e+001 1.801338e+001 1.500000e+000
      vertex   -3.234049e+001 1.831383e+001 5.100000e+000
    endloop
  endfacet
  facet normal 0.000000e+000 0.000000e+000 9.998610e+000
    outer loop
      vertex   -3.019136e+001 1.811119e+001 5.100000e+000
      vertex   -3.015042e+001 1.863942e+001 5.100000e+000
      vertex   -3.234049e+001 1.831383e+001 5.100000e+000
    endloop
  endfacet
  facet normal -7.415174e-001 5.101200e-001 9.569990e-005
    outer loop
      vertex   -3.264090e+001 1.774342e+001 1.500000e+000
      vertex   -3.263958e+001 1.774466e+001 5.100000e+000
      vertex   -3.245518e+001 1.801271e+001 5.100000e+000
    endloop
  endfacet
  facet normal 0.000000e+000 0.000000e+000 1.049395e+000
    outer loop
      vertex   -3.019136e+001 1.811119e+001 5.100000e+000
      vertex   -3.245518e+001 1.801271e+001 5.100000e+000
      vertex   -3.263958e+001 1.774466e+001 5.100000e+000
    endloop
  endfacet
  facet normal -8.232982e+000 5.676091e+000 1.434080e-004
    outer loop
      vertex   -3.245478e+001 1.801338e+001 1.500000e+000
      vertex   -3.264090e+001 1.774342e+001 1.500000e+000
      vertex   -3.245518e+001 1.801271e+001 5.100000e+000
    endloop
  endfacet
  facet normal -5.992140e-001 6.773615e-001 8.902776e-005
    outer loop
      vertex   -3.288374e+001 1.752915e+001 1.500000e+000
      vertex   -3.288443e+001 1.752806e+001 5.100000e+000
      vertex   -3.263958e+001 1.774466e+001 5.100000e+000
    endloop
  endfacet
  facet normal 0.000000e+000 0.000000e+000 8.941633e-001
    outer loop
      vertex   -3.030618e+001 1.760696e+001 5.100000e+000
      vertex   -3.263958e+001 1.774466e+001 5.100000e+000
      vertex   -3.288443e+001 1.752806e+001 5.100000e+000
    endloop
  endfacet
  facet normal -6.616277e+000 7.498324e+000 -1.648679e-004
    outer loop
      vertex   -3.264090e+001 1.774342e+001 1.500000e+000
      vertex   -3.288374e+001 1.752915e+001 1.500000e+000
      vertex   -3.263958e+001 1.774466e+001 5.100000e+000
    endloop
  endfacet
  facet normal 0.000000e+000 0.000000e+000 9.864253e+000
    outer loop
      vertex   -3.030618e+001 1.760696e+001 5.100000e+000
      vertex   -3.019136e+001 1.811119e+001 5.100000e+000
      vertex   -3.263958e+001 1.774466e+001 5.100000e+000
    endloop
  endfacet
  facet normal -4.161487e-001 7.947656e-001 -1.177899e-004
    outer loop
      vertex   -3.317096e+001 1.737749e+001 1.500000e+000
      vertex   -3.317170e+001 1.737764e+001 5.100000e+000
      vertex   -3.288443e+001 1.752806e+001 5.100000e+000
    endloop
  endfacet
  facet normal 0.000000e+000 0.000000e+000 4.924391e-001
    outer loop
      vertex   -3.030618e+001 1.760696e+001 5.100000e+000
      vertex   -3.288443e+001 1.752806e+001 5.100000e+000
      vertex   -3.317170e+001 1.737764e+001 5.100000e+000
    endloop
  endfacet
  facet normal -4.669025e+000 8.843087e+000 1.767998e-003
    outer loop
      vertex   -3.288374e+001 1.752915e+001 1.500000e+000
      vertex   -3.317096e+001 1.737749e+001 1.500000e+000
      vertex   -3.288443e+001 1.752806e+001 5.100000e+000
    endloop
  endfacet
  facet normal -2.161982e-001 8.718583e-001 1.629452e-004
    outer loop
      vertex   -3.348888e+001 1.729966e+001 1.500000e+000
      vertex   -3.348685e+001 1.729949e+001 5.100000e+000
      vertex   -3.317170e+001 1.737764e+001 5.100000e+000
    endloop
  endfacet
  facet normal 0.000000e+000 0.000000e+000 1.651107e-001
    outer loop
      vertex   -3.030618e+001 1.760696e+001 5.100000e+000
      vertex   -3.317170e+001 1.737764e+001 5.100000e+000
      vertex   -3.348685e+001 1.729949e+001 5.100000e+000
    endloop
  endfacet
  facet normal -2.377929e+000 9.713159e+000 -8.879934e-004
    outer loop
      vertex   -3.317096e+001 1.737749e+001 1.500000e+000
      vertex   -3.348888e+001 1.729966e+001 1.500000e+000
      vertex   -3.317170e+001 1.737764e+001 5.100000e+000
    endloop
  endfacet
  facet normal 0.000000e+000 9.050301e-001 4.259328e-005
    outer loop
      vertex   -3.381196e+001 1.729966e+001 1.500000e+000
      vertex   -3.381399e+001 1.729949e+001 5.100000e+000
      vertex   -3.348685e+001 1.729949e+001 5.100000e+000
    endloop
  endfacet
  facet normal 0.000000e+000 0.000000e+000 5.846565e-002
    outer loop
      vertex   -3.680341e+001 1.712173e+001 5.100000e+000
      vertex   -3.348685e+001 1.729949e+001 5.100000e+000
      vertex   -3.381399e+001 1.729949e+001 5.100000e+000
    endloop
  endfacet
  facet normal 0.000000e+000 9.999998e+000 4.706283e-004
    outer loop
      vertex   -3.348888e+001 1.729966e+001 1.500000e+000
      vertex   -3.381196e+001 1.729966e+001 1.500000e+000
      vertex   -3.348685e+001 1.729949e+001 5.100000e+000
    endloop
  endfacet
  facet normal 0.000000e+000 0.000000e+000 9.504636e+000
    outer loop
      vertex   -3.049744e+001 1.712173e+001 5.100000e+000
      vertex   -3.030618e+001 1.760696e+001 5.100000e+000
      vertex   -3.348685e+001 1.729949e+001 5.100000e+000
    endloop
  endfacet
  facet normal 0.000000e+000 0.000000e+000 5.352102e-001
    outer loop
      vertex   -3.680341e+001 1.712173e+001 5.100000e+000
      vertex   -3.049744e+001 1.712173e+001 5.100000e+000
      vertex   -3.348685e+001 1.729949e+001 5.100000e+000
    endloop
  endfacet
  facet normal 2.162050e-001 8.718857e-001 -8.027024e-005
    outer loop
      vertex   -3.412988e+001 1.737749e+001 1.500000e+000
      vertex   -3.412915e+001 1.737764e+001 5.100000e+000
      vertex   -3.381399e+001 1.729949e+001 5.100000e+000
    endloop
  endfacet
  facet normal 0.000000e+000 0.000000e+000 3.600280e-001
    outer loop
      vertex   -3.680341e+001 1.712173e+001 5.100000e+000
      vertex   -3.381399e+001 1.729949e+001 5.100000e+000
      vertex   -3.412915e+001 1.737764e+001 5.100000e+000
    endloop
  endfacet
  facet normal 2.377928e+000 9.713158e+000 1.798031e-003
    outer loop
      vertex   -3.381196e+001 1.729966e+001 1.500000e+000
      vertex   -3.412988e+001 1.737749e+001 1.500000e+000
      vertex   -3.381399e+001 1.729949e+001 5.100000e+000
    endloop
  endfacet
  facet normal 4.161312e-001 7.947320e-001 1.595583e-004
    outer loop
      vertex   -3.441711e+001 1.752915e+001 1.500000e+000
      vertex   -3.441642e+001 1.752806e+001 5.100000e+000
      vertex   -3.412915e+001 1.737764e+001 5.100000e+000
    endloop
  endfacet
  facet normal 0.000000e+000 0.000000e+000 7.314140e-001
    outer loop
      vertex   -3.680341e+001 1.712173e+001 5.100000e+000
      vertex   -3.412915e+001 1.737764e+001 5.100000e+000
      vertex   -3.441642e+001 1.752806e+001 5.100000e+000
    endloop
  endfacet
  facet normal 4.669025e+000 8.843087e+000 -1.318486e-003
    outer loop
      vertex   -3.412988e+001 1.737749e+001 1.500000e+000
      vertex   -3.441711e+001 1.752915e+001 1.500000e+000
      vertex   -3.412915e+001 1.737764e+001 5.100000e+000
    endloop
  endfacet
  facet normal 5.992225e-001 6.773711e-001 -1.433136e-005
    outer loop
      vertex   -3.465995e+001 1.774342e+001 1.500000e+000
      vertex   -3.466127e+001 1.774466e+001 5.100000e+000
      vertex   -3.441642e+001 1.752806e+001 5.100000e+000
    endloop
  endfacet
  facet normal 0.000000e+000 0.000000e+000 8.941633e-001
    outer loop
      vertex   -3.699467e+001 1.760696e+001 5.100000e+000
      vertex   -3.441642e+001 1.752806e+001 5.100000e+000
      vertex   -3.466127e+001 1.774466e+001 5.100000e+000
    endloop
  endfacet
  facet normal 6.616277e+000 7.498324e+000 9.887862e-004
    outer loop
      vertex   -3.441711e+001 1.752915e+001 1.500000e+000
      vertex   -3.465995e+001 1.774342e+001 1.500000e+000
      vertex   -3.441642e+001 1.752806e+001 5.100000e+000
    endloop
  endfacet
  facet normal 0.000000e+000 0.000000e+000 9.186847e+000
    outer loop
      vertex   -3.699467e+001 1.760696e+001 5.100000e+000
      vertex   -3.680341e+001 1.712173e+001 5.100000e+000
      vertex   -3.441642e+001 1.752806e+001 5.100000e+000
    endloop
  endfacet
  facet normal 7.415358e-001 5.101327e-001 1.270904e-005
    outer loop
      vertex   -3.484607e+001 1.801338e+001 1.500000e+000
      vertex   -3.484566e+001 1.801271e+001 5.100000e+000
      vertex   -3.466127e+001 1.774466e+001 5.100000e+000
    endloop
  endfacet
  facet normal 0.000000e+000 0.000000e+000 1.273193e+000
    outer loop
      vertex   -3.699467e+001 1.760696e+001 5.100000e+000
      vertex   -3.466127e+001 1.774466e+001 5.100000e+000
      vertex   -3.484566e+001 1.801271e+001 5.100000e+000
    endloop
  endfacet
  facet normal 8.232981e+000 5.676091e+000 1.058297e-003
    outer loop
      vertex   -3.465995e+001 1.774342e+001 1.500000e+000
      vertex   -3.484607e+001 1.801338e+001 1.500000e+000
      vertex   -3.466127e+001 1.774466e+001 5.100000e+000
    endloop
  endfacet
  facet normal 8.331665e-001 3.173298e-001 1.743961e-005
    outer loop
      vertex   -3.495966e+001 1.831219e+001 1.500000e+000
      vertex   -3.496036e+001 1.831383e+001 5.100000e+000
      vertex   -3.484566e+001 1.801271e+001 5.100000e+000
    endloop
  endfacet
  facet normal 0.000000e+000 0.000000e+000 1.370554e+000
    outer loop
      vertex   -3.710949e+001 1.811119e+001 5.100000e+000
      vertex   -3.484566e+001 1.801271e+001 5.100000e+000
      vertex   -3.496036e+001 1.831383e+001 5.100000e+000
    endloop
  endfacet
  facet normal 9.347424e+000 3.553260e+000 -3.794111e-004
    outer loop
      vertex   -3.484607e+001 1.801338e+001 1.500000e+000
      vertex   -3.495966e+001 1.831219e+001 1.500000e+000
      vertex   -3.484566e+001 1.801271e+001 5.100000e+000
    endloop
  endfacet
  facet normal 0.000000e+000 0.000000e+000 9.644676e+000
    outer loop
      vertex   -3.710949e+001 1.811119e+001 5.100000e+000
      vertex   -3.699467e+001 1.760696e+001 5.100000e+000
      vertex   -3.484566e+001 1.801271e+001 5.100000e+000
    endloop
  endfacet
  facet normal 9.006819e-001 1.108388e-001 0.000000e+000
    outer loop
      vertex   -3.500042e+001 1.863942e+001 1.500000e+000
      vertex   -3.500042e+001 1.863942e+001 5.100000e+000
      vertex   -3.496036e+001 1.831383e+001 5.100000e+000
    endloop
  endfacet
  facet normal 0.000000e+000 0.000000e+000 1.508192e+000
    outer loop
      vertex   -3.710949e+001 1.811119e+001 5.100000e+000
      vertex   -3.496036e+001 1.831383e+001 5.100000e+000
      vertex   -3.500042e+001 1.863942e+001 5.100000e+000
    endloop
  endfacet
  facet normal 9.923285e+000 1.236281e+000 1.366700e-003
    outer loop
      vertex   -3.495966e+001 1.831219e+001 1.500000e+000
      vertex   -3.500042e+001 1.863942e+001 1.500000e+000
      vertex   -3.496036e+001 1.831383e+001 5.100000e+000
    endloop
  endfacet
  facet normal 9.881915e+000 -1.231127e+000 0.000000e+000
    outer loop
      vertex   -3.495966e+001 1.896665e+001 1.500000e+000
      vertex   -3.500042e+001 1.863942e+001 5.100000e+000
      vertex   -3.500042e+001 1.863942e+001 1.500000e+000
    endloop
  endfacet
  facet normal 9.006429e-001 -1.108340e-001 1.246675e-004
    outer loop
      vertex   -3.495966e+001 1.896665e+001 1.500000e+000
      vertex   -3.496036e+001 1.896501e+001 5.100000e+000
      vertex   -3.500042e+001 1.863942e+001 5.100000e+000
    endloop
  endfacet
  facet normal 0.000000e+000 0.000000e+000 1.470500e+000
    outer loop
      vertex   -3.715042e+001 1.863942e+001 5.100000e+000
      vertex   -3.500042e+001 1.863942e+001 5.100000e+000
      vertex   -3.496036e+001 1.896501e+001 5.100000e+000
    endloop
  endfacet
  facet normal 0.000000e+000 0.000000e+000 9.970107e+000
    outer loop
      vertex   -3.715042e+001 1.863942e+001 5.100000e+000
      vertex   -3.710949e+001 1.811119e+001 5.100000e+000
      vertex   -3.500042e+001 1.863942e+001 5.100000e+000
    endloop
  endfacet
  facet normal 0.000000e+000 0.000000e+000 -1.477286e+000
    outer loop
      vertex   -3.715042e+001 1.863942e+001 1.500000e+000
      vertex   -3.500042e+001 1.863942e+001 1.500000e+000
      vertex   -3.495966e+001 1.831219e+001 1.500000e+000
    endloop
  endfacet
  facet normal 0.000000e+000 0.000000e+000 -1.515821e+000
    outer loop
      vertex   -3.711009e+001 1.916589e+001 1.500000e+000
      vertex   -3.495966e+001 1.896665e+001 1.500000e+000
      vertex   -3.500042e+001 1.863942e+001 1.500000e+000
    endloop
  endfacet
  facet normal 0.000000e+000 0.000000e+000 -9.859047e+000
    outer loop
      vertex   -3.711009e+001 1.916589e+001 1.500000e+000
      vertex   -3.500042e+001 1.863942e+001 1.500000e+000
      vertex   -3.715042e+001 1.863942e+001 1.500000e+000
    endloop
  endfacet
  facet normal 0.000000e+000 0.000000e+000 -1.359163e+000
    outer loop
      vertex   -3.711009e+001 1.811295e+001 1.500000e+000
      vertex   -3.495966e+001 1.831219e+001 1.500000e+000
      vertex   -3.484607e+001 1.801338e+001 1.500000e+000
    endloop
  endfacet
  facet normal 0.000000e+000 0.000000e+000 -9.998731e+000
    outer loop
      vertex   -3.711009e+001 1.811295e+001 1.500000e+000
      vertex   -3.715042e+001 1.863942e+001 1.500000e+000
      vertex   -3.495966e+001 1.831219e+001 1.500000e+000
    endloop
  endfacet
  facet normal 0.000000e+000 0.000000e+000 -1.055460e+000
    outer loop
      vertex   -3.711009e+001 1.811295e+001 1.500000e+000
      vertex   -3.484607e+001 1.801338e+001 1.500000e+000
      vertex   -3.465995e+001 1.774342e+001 1.500000e+000
    endloop
  endfacet
  facet normal 0.000000e+000 0.000000e+000 -8.837564e-001
    outer loop
      vertex   -3.699508e+001 1.760831e+001 1.500000e+000
      vertex   -3.465995e+001 1.774342e+001 1.500000e+000
      vertex   -3.441711e+001 1.752915e+001 1.500000e+000
    endloop
  endfacet
  facet normal 0.000000e+000 0.000000e+000 -9.309523e+000
    outer loop
      vertex   -3.711009e+001 1.811295e+001 1.500000e+000
      vertex   -3.465995e+001 1.774342e+001 1.500000e+000
      vertex   -3.699508e+001 1.760831e+001 1.500000e+000
    endloop
  endfacet
  facet normal 0.000000e+000 0.000000e+000 -4.966626e-001
    outer loop
      vertex   -3.699508e+001 1.760831e+001 1.500000e+000
      vertex   -3.441711e+001 1.752915e+001 1.500000e+000
      vertex   -3.412988e+001 1.737749e+001 1.500000e+000
    endloop
  endfacet
  facet normal 0.000000e+000 0.000000e+000 -1.627608e-001
    outer loop
      vertex   -3.699508e+001 1.760831e+001 1.500000e+000
      vertex   -3.412988e+001 1.737749e+001 1.500000e+000
      vertex   -3.381196e+001 1.729966e+001 1.500000e+000
    endloop
  endfacet
  facet normal 0.000000e+000 0.000000e+000 -5.815949e-002
    outer loop
      vertex   -3.049771e+001 1.712062e+001 1.500000e+000
      vertex   -3.381196e+001 1.729966e+001 1.500000e+000
      vertex   -3.348888e+001 1.729966e+001 1.500000e+000
    endloop
  endfacet
  facet normal 0.000000e+000 0.000000e+000 -5.974936e-001
    outer loop
      vertex   -3.680314e+001 1.712062e+001 1.500000e+000
      vertex   -3.381196e+001 1.729966e+001 1.500000e+000
      vertex   -3.049771e+001 1.712062e+001 1.500000e+000
    endloop
  endfacet
  facet normal 0.000000e+000 0.000000e+000 -8.908392e+000
    outer loop
      vertex   -3.699508e+001 1.760831e+001 1.500000e+000
      vertex   -3.381196e+001 1.729966e+001 1.500000e+000
      vertex   -3.680314e+001 1.712062e+001 1.500000e+000
    endloop
  endfacet
  facet normal 0.000000e+000 0.000000e+000 -3.600304e-001
    outer loop
      vertex   -3.049771e+001 1.712062e+001 1.500000e+000
      vertex   -3.348888e+001 1.729966e+001 1.500000e+000
      vertex   -3.317096e+001 1.737749e+001 1.500000e+000
    endloop
  endfacet
  facet normal 0.000000e+000 0.000000e+000 -7.370872e-001
    outer loop
      vertex   -3.049771e+001 1.712062e+001 1.500000e+000
      vertex   -3.317096e+001 1.737749e+001 1.500000e+000
      vertex   -3.288374e+001 1.752915e+001 1.500000e+000
    endloop
  endfacet
  facet normal 0.000000e+000 0.000000e+000 -8.837564e-001
    outer loop
      vertex   -3.030577e+001 1.760831e+001 1.500000e+000
      vertex   -3.288374e+001 1.752915e+001 1.500000e+000
      vertex   -3.264090e+001 1.774342e+001 1.500000e+000
    endloop
  endfacet
  facet normal 0.000000e+000 0.000000e+000 -9.789850e+000
    outer loop
      vertex   -3.049771e+001 1.712062e+001 1.500000e+000
      vertex   -3.288374e+001 1.752915e+001 1.500000e+000
      vertex   -3.030577e+001 1.760831e+001 1.500000e+000
    endloop
  endfacet
  facet normal 0.000000e+000 0.000000e+000 -1.281595e+000
    outer loop
      vertex   -3.030577e+001 1.760831e+001 1.500000e+000
      vertex   -3.264090e+001 1.774342e+001 1.500000e+000
      vertex   -3.245478e+001 1.801338e+001 1.500000e+000
    endloop
  endfacet
  facet normal 0.000000e+000 0.000000e+000 -1.359163e+000
    outer loop
      vertex   -3.019076e+001 1.811295e+001 1.500000e+000
      vertex   -3.245478e+001 1.801338e+001 1.500000e+000
      vertex   -3.234119e+001 1.831219e+001 1.500000e+000
    endloop
  endfacet
  facet normal 0.000000e+000 0.000000e+000 -9.992861e+000
    outer loop
      vertex   -3.030577e+001 1.760831e+001 1.500000e+000
      vertex   -3.245478e+001 1.801338e+001 1.500000e+000
      vertex   -3.019076e+001 1.811295e+001 1.500000e+000
    endloop
  endfacet
  facet normal 8.331459e-001 -3.173220e-001 -3.370176e-005
    outer loop
      vertex   -3.484607e+001 1.926546e+001 1.500000e+000
      vertex   -3.484566e+001 1.926614e+001 5.100000e+000
      vertex   -3.496036e+001 1.896501e+001 5.100000e+000
    endloop
  endfacet
  facet normal 0.000000e+000 0.000000e+000 1.370554e+000
    outer loop
      vertex   -3.710949e+001 1.916765e+001 5.100000e+000
      vertex   -3.496036e+001 1.896501e+001 5.100000e+000
      vertex   -3.484566e+001 1.926614e+001 5.100000e+000
    endloop
  endfacet
  facet normal 9.347424e+000 -3.553260e+000 1.988079e-004
    outer loop
      vertex   -3.495966e+001 1.896665e+001 1.500000e+000
      vertex   -3.484607e+001 1.926546e+001 1.500000e+000
      vertex   -3.496036e+001 1.896501e+001 5.100000e+000
    endloop
  endfacet
  facet normal 0.000000e+000 0.000000e+000 9.998610e+000
    outer loop
      vertex   -3.710949e+001 1.916765e+001 5.100000e+000
      vertex   -3.715042e+001 1.863942e+001 5.100000e+000
      vertex   -3.496036e+001 1.896501e+001 5.100000e+000
    endloop
  endfacet
  facet normal 7.415174e-001 -5.101200e-001 9.569990e-005
    outer loop
      vertex   -3.465995e+001 1.953543e+001 1.500000e+000
      vertex   -3.466127e+001 1.953418e+001 5.100000e+000
      vertex   -3.484566e+001 1.926614e+001 5.100000e+000
    endloop
  endfacet
  facet normal 0.000000e+000 0.000000e+000 1.049395e+000
    outer loop
      vertex   -3.710949e+001 1.916765e+001 5.100000e+000
      vertex   -3.484566e+001 1.926614e+001 5.100000e+000
      vertex   -3.466127e+001 1.953418e+001 5.100000e+000
    endloop
  endfacet
  facet normal 8.232982e+000 -5.676091e+000 1.434080e-004
    outer loop
      vertex   -3.484607e+001 1.926546e+001 1.500000e+000
      vertex   -3.465995e+001 1.953543e+001 1.500000e+000
      vertex   -3.484566e+001 1.926614e+001 5.100000e+000
    endloop
  endfacet
  facet normal 5.992140e-001 -6.773615e-001 8.902776e-005
    outer loop
      vertex   -3.441711e+001 1.974969e+001 1.500000e+000
      vertex   -3.441642e+001 1.975078e+001 5.100000e+000
      vertex   -3.466127e+001 1.953418e+001 5.100000e+000
    endloop
  endfacet
  facet normal 0.000000e+000 0.000000e+000 8.941633e-001
    outer loop
      vertex   -3.699467e+001 1.967188e+001 5.100000e+000
      vertex   -3.466127e+001 1.953418e+001 5.100000e+000
      vertex   -3.441642e+001 1.975078e+001 5.100000e+000
    endloop
  endfacet
  facet normal 6.616277e+000 -7.498324e+000 -1.648679e-004
    outer loop
      vertex   -3.465995e+001 1.953543e+001 1.500000e+000
      vertex   -3.441711e+001 1.974969e+001 1.500000e+000
      vertex   -3.466127e+001 1.953418e+001 5.100000e+000
    endloop
  endfacet
  facet normal 0.000000e+000 0.000000e+000 9.864253e+000
    outer loop
      vertex   -3.699467e+001 1.967188e+001 5.100000e+000
      vertex   -3.710949e+001 1.916765e+001 5.100000e+000
      vertex   -3.466127e+001 1.953418e+001 5.100000e+000
    endloop
  endfacet
  facet normal 4.161487e-001 -7.947656e-001 -1.177899e-004
    outer loop
      vertex   -3.412988e+001 1.990135e+001 1.500000e+000
      vertex   -3.412915e+001 1.990120e+001 5.100000e+000
      vertex   -3.441642e+001 1.975078e+001 5.100000e+000
    endloop
  endfacet
  facet normal 0.000000e+000 0.000000e+000 4.924391e-001
    outer loop
      vertex   -3.699467e+001 1.967188e+001 5.100000e+000
      vertex   -3.441642e+001 1.975078e+001 5.100000e+000
      vertex   -3.412915e+001 1.990120e+001 5.100000e+000
    endloop
  endfacet
  facet normal 4.669025e+000 -8.843087e+000 1.767998e-003
    outer loop
      vertex   -3.441711e+001 1.974969e+001 1.500000e+000
      vertex   -3.412988e+001 1.990135e+001 1.500000e+000
      vertex   -3.441642e+001 1.975078e+001 5.100000e+000
    endloop
  endfacet
  facet normal 2.161982e-001 -8.718583e-001 1.629452e-004
    outer loop
      vertex   -3.381196e+001 1.997918e+001 1.500000e+000
      vertex   -3.381399e+001 1.997935e+001 5.100000e+000
      vertex   -3.412915e+001 1.990120e+001 5.100000e+000
    endloop
  endfacet
  facet normal 0.000000e+000 0.000000e+000 1.651107e-001
    outer loop
      vertex   -3.699467e+001 1.967188e+001 5.100000e+000
      vertex   -3.412915e+001 1.990120e+001 5.100000e+000
      vertex   -3.381399e+001 1.997935e+001 5.100000e+000
    endloop
  endfacet
  facet normal 2.377929e+000 -9.713159e+000 -8.879934e-004
    outer loop
      vertex   -3.412988e+001 1.990135e+001 1.500000e+000
      vertex   -3.381196e+001 1.997918e+001 1.500000e+000
      vertex   -3.412915e+001 1.990120e+001 5.100000e+000
    endloop
  endfacet
  facet normal 0.000000e+000 -9.050301e-001 4.259328e-005
    outer loop
      vertex   -3.348888e+001 1.997918e+001 1.500000e+000
      vertex   -3.348685e+001 1.997935e+001 5.100000e+000
      vertex   -3.381399e+001 1.997935e+001 5.100000e+000
    endloop
  endfacet
  facet normal 0.000000e+000 0.000000e+000 5.846565e-002
    outer loop
      vertex   -3.049744e+001 2.015711e+001 5.100000e+000
      vertex   -3.381399e+001 1.997935e+001 5.100000e+000
      vertex   -3.348685e+001 1.997935e+001 5.100000e+000
    endloop
  endfacet
  facet normal 0.000000e+000 -9.999998e+000 4.706283e-004
    outer loop
      vertex   -3.381196e+001 1.997918e+001 1.500000e+000
      vertex   -3.348888e+001 1.997918e+001 1.500000e+000
      vertex   -3.381399e+001 1.997935e+001 5.100000e+000
    endloop
  endfacet
  facet normal 0.000000e+000 0.000000e+000 9.504636e+000
    outer loop
      vertex   -3.680341e+001 2.015711e+001 5.100000e+000
      vertex   -3.699467e+001 1.967188e+001 5.100000e+000
      vertex   -3.381399e+001 1.997935e+001 5.100000e+000
    endloop
  endfacet
  facet normal 0.000000e+000 0.000000e+000 5.352102e-001
    outer loop
      vertex   -3.049744e+001 2.015711e+001 5.100000e+000
      vertex   -3.680341e+001 2.015711e+001 5.100000e+000
      vertex   -3.381399e+001 1.997935e+001 5.100000e+000
    endloop
  endfacet
  facet normal -2.162050e-001 -8.718857e-001 -8.027024e-005
    outer loop
      vertex   -3.317096e+001 1.990135e+001 1.500000e+000
      vertex   -3.317170e+001 1.990120e+001 5.100000e+000
      vertex   -3.348685e+001 1.997935e+001 5.100000e+000
    endloop
  endfacet
  facet normal 0.000000e+000 0.000000e+000 3.600280e-001
    outer loop
      vertex   -3.049744e+001 2.015711e+001 5.100000e+000
      vertex   -3.348685e+001 1.997935e+001 5.100000e+000
      vertex   -3.317170e+001 1.990120e+001 5.100000e+000
    endloop
  endfacet
  facet normal -2.377928e+000 -9.713158e+000 1.798031e-003
    outer loop
      vertex   -3.348888e+001 1.997918e+001 1.500000e+000
      vertex   -3.317096e+001 1.990135e+001 1.500000e+000
      vertex   -3.348685e+001 1.997935e+001 5.100000e+000
    endloop
  endfacet
  facet normal -4.161312e-001 -7.947320e-001 1.595583e-004
    outer loop
      vertex   -3.288374e+001 1.974969e+001 1.500000e+000
      vertex   -3.288443e+001 1.975078e+001 5.100000e+000
      vertex   -3.317170e+001 1.990120e+001 5.100000e+000
    endloop
  endfacet
  facet normal 0.000000e+000 0.000000e+000 7.314140e-001
    outer loop
      vertex   -3.049744e+001 2.015711e+001 5.100000e+000
      vertex   -3.317170e+001 1.990120e+001 5.100000e+000
      vertex   -3.288443e+001 1.975078e+001 5.100000e+000
    endloop
  endfacet
  facet normal -4.669025e+000 -8.843087e+000 -1.318486e-003
    outer loop
      vertex   -3.317096e+001 1.990135e+001 1.500000e+000
      vertex   -3.288374e+001 1.974969e+001 1.500000e+000
      vertex   -3.317170e+001 1.990120e+001 5.100000e+000
    endloop
  endfacet
  facet normal -5.992225e-001 -6.773711e-001 -1.433136e-005
    outer loop
      vertex   -3.264090e+001 1.953543e+001 1.500000e+000
      vertex   -3.263958e+001 1.953418e+001 5.100000e+000
      vertex   -3.288443e+001 1.975078e+001 5.100000e+000
    endloop
  endfacet
  facet normal 0.000000e+000 0.000000e+000 8.941633e-001
    outer loop
      vertex   -3.030618e+001 1.967188e+001 5.100000e+000
      vertex   -3.288443e+001 1.975078e+001 5.100000e+000
      vertex   -3.263958e+001 1.953418e+001 5.100000e+000
    endloop
  endfacet
  facet normal -6.616277e+000 -7.498324e+000 9.887862e-004
    outer loop
      vertex   -3.288374e+001 1.974969e+001 1.500000e+000
      vertex   -3.264090e+001 1.953543e+001 1.500000e+000
      vertex   -3.288443e+001 1.975078e+001 5.100000e+000
    endloop
  endfacet
  facet normal 0.000000e+000 0.000000e+000 9.186847e+000
    outer loop
      vertex   -3.030618e+001 1.967188e+001 5.100000e+000
      vertex   -3.049744e+001 2.015711e+001 5.100000e+000
      vertex   -3.288443e+001 1.975078e+001 5.100000e+000
    endloop
  endfacet
  facet normal -7.415358e-001 -5.101327e-001 1.270904e-005
    outer loop
      vertex   -3.245478e+001 1.926546e+001 1.500000e+000
      vertex   -3.245518e+001 1.926614e+001 5.100000e+000
      vertex   -3.263958e+001 1.953418e+001 5.100000e+000
    endloop
  endfacet
  facet normal 0.000000e+000 0.000000e+000 1.273193e+000
    outer loop
      vertex   -3.030618e+001 1.967188e+001 5.100000e+000
      vertex   -3.263958e+001 1.953418e+001 5.100000e+000
      vertex   -3.245518e+001 1.926614e+001 5.100000e+000
    endloop
  endfacet
  facet normal -8.232981e+000 -5.676091e+000 1.058297e-003
    outer loop
      vertex   -3.264090e+001 1.953543e+001 1.500000e+000
      vertex   -3.245478e+001 1.926546e+001 1.500000e+000
      vertex   -3.263958e+001 1.953418e+001 5.100000e+000
    endloop
  endfacet
  facet normal -8.331665e-001 -3.173298e-001 1.743961e-005
    outer loop
      vertex   -3.234119e+001 1.896665e+001 1.500000e+000
      vertex   -3.234049e+001 1.896501e+001 5.100000e+000
      vertex   -3.245518e+001 1.926614e+001 5.100000e+000
    endloop
  endfacet
  facet normal 0.000000e+000 0.000000e+000 1.370554e+000
    outer loop
      vertex   -3.019136e+001 1.916765e+001 5.100000e+000
      vertex   -3.245518e+001 1.926614e+001 5.100000e+000
      vertex   -3.234049e+001 1.896501e+001 5.100000e+000
    endloop
  endfacet
  facet normal -9.347424e+000 -3.553260e+000 -3.794111e-004
    outer loop
      vertex   -3.245478e+001 1.926546e+001 1.500000e+000
      vertex   -3.234119e+001 1.896665e+001 1.500000e+000
      vertex   -3.245518e+001 1.926614e+001 5.100000e+000
    endloop
  endfacet
  facet normal 0.000000e+000 0.000000e+000 9.644676e+000
    outer loop
      vertex   -3.019136e+001 1.916765e+001 5.100000e+000
      vertex   -3.030618e+001 1.967188e+001 5.100000e+000
      vertex   -3.245518e+001 1.926614e+001 5.100000e+000
    endloop
  endfacet
  facet normal 0.000000e+000 0.000000e+000 -1.359163e+000
    outer loop
      vertex   -3.019076e+001 1.916589e+001 1.500000e+000
      vertex   -3.234119e+001 1.896665e+001 1.500000e+000
      vertex   -3.245478e+001 1.926546e+001 1.500000e+000
    endloop
  endfacet
  facet normal 0.000000e+000 0.000000e+000 -9.998731e+000
    outer loop
      vertex   -3.019076e+001 1.916589e+001 1.500000e+000
      vertex   -3.015042e+001 1.863942e+001 1.500000e+000
      vertex   -3.234119e+001 1.896665e+001 1.500000e+000
    endloop
  endfacet
  facet normal 0.000000e+000 0.000000e+000 -1.055460e+000
    outer loop
      vertex   -3.019076e+001 1.916589e+001 1.500000e+000
      vertex   -3.245478e+001 1.926546e+001 1.500000e+000
      vertex   -3.264090e+001 1.953543e+001 1.500000e+000
    endloop
  endfacet
  facet normal 0.000000e+000 0.000000e+000 -8.837564e-001
    outer loop
      vertex   -3.030577e+001 1.967053e+001 1.500000e+000
      vertex   -3.264090e+001 1.953543e+001 1.500000e+000
      vertex   -3.288374e+001 1.974969e+001 1.500000e+000
    endloop
  endfacet
  facet normal 0.000000e+000 0.000000e+000 -9.309523e+000
    outer loop
      vertex   -3.019076e+001 1.916589e+001 1.500000e+000
      vertex   -3.264090e+001 1.953543e+001 1.500000e+000
      vertex   -3.030577e+001 1.967053e+001 1.500000e+000
    endloop
  endfacet
  facet normal 0.000000e+000 0.000000e+000 -4.966626e-001
    outer loop
      vertex   -3.030577e+001 1.967053e+001 1.500000e+000
      vertex   -3.288374e+001 1.974969e+001 1.500000e+000
      vertex   -3.317096e+001 1.990135e+001 1.500000e+000
    endloop
  endfacet
  facet normal 0.000000e+000 0.000000e+000 -1.627608e-001
    outer loop
      vertex   -3.030577e+001 1.967053e+001 1.500000e+000
      vertex   -3.317096e+001 1.990135e+001 1.500000e+000
      vertex   -3.348888e+001 1.997918e+001 1.500000e+000
    endloop
  endfacet
  facet normal 0.000000e+000 0.000000e+000 -5.815949e-002
    outer loop
      vertex   -3.680314e+001 2.015822e+001 1.500000e+000
      vertex   -3.348888e+001 1.997918e+001 1.500000e+000
      vertex   -3.381196e+001 1.997918e+001 1.500000e+000
    endloop
  endfacet
  facet normal 0.000000e+000 0.000000e+000 -5.974936e-001
    outer loop
      vertex   -3.049771e+001 2.015822e+001 1.500000e+000
      vertex   -3.348888e+001 1.997918e+001 1.500000e+000
      vertex   -3.680314e+001 2.015822e+001 1.500000e+000
    endloop
  endfacet
  facet normal 0.000000e+000 0.000000e+000 -8.908392e+000
    outer loop
      vertex   -3.030577e+001 1.967053e+001 1.500000e+000
      vertex   -3.348888e+001 1.997918e+001 1.500000e+000
      vertex   -3.049771e+001 2.015822e+001 1.500000e+000
    endloop
  endfacet
  facet normal 0.000000e+000 0.000000e+000 -3.600304e-001
    outer loop
      vertex   -3.680314e+001 2.015822e+001 1.500000e+000
      vertex   -3.381196e+001 1.997918e+001 1.500000e+000
      vertex   -3.412988e+001 1.990135e+001 1.500000e+000
    endloop
  endfacet
  facet normal 0.000000e+000 0.000000e+000 -7.370872e-001
    outer loop
      vertex   -3.680314e+001 2.015822e+001 1.500000e+000
      vertex   -3.412988e+001 1.990135e+001 1.500000e+000
      vertex   -3.441711e+001 1.974969e+001 1.500000e+000
    endloop
  endfacet
  facet normal 0.000000e+000 0.000000e+000 -8.837564e-001
    outer loop
      vertex   -3.699508e+001 1.967053e+001 1.500000e+000
      vertex   -3.441711e+001 1.974969e+001 1.500000e+000
      vertex   -3.465995e+001 1.953543e+001 1.500000e+000
    endloop
  endfacet
  facet normal 0.000000e+000 0.000000e+000 -9.789850e+000
    outer loop
      vertex   -3.680314e+001 2.015822e+001 1.500000e+000
      vertex   -3.441711e+001 1.974969e+001 1.500000e+000
      vertex   -3.699508e+001 1.967053e+001 1.500000e+000
    endloop
  endfacet
  facet normal 0.000000e+000 0.000000e+000 -1.281595e+000
    outer loop
      vertex   -3.699508e+001 1.967053e+001 1.500000e+000
      vertex   -3.465995e+001 1.953543e+001 1.500000e+000
      vertex   -3.484607e+001 1.926546e+001 1.500000e+000
    endloop
  endfacet
  facet normal 0.000000e+000 0.000000e+000 -1.359163e+000
    outer loop
      vertex   -3.711009e+001 1.916589e+001 1.500000e+000
      vertex   -3.484607e+001 1.926546e+001 1.500000e+000
      vertex   -3.495966e+001 1.896665e+001 1.500000e+000
    endloop
  endfacet
  facet normal 0.000000e+000 0.000000e+000 -9.992861e+000
    outer loop
      vertex   -3.699508e+001 1.967053e+001 1.500000e+000
      vertex   -3.484607e+001 1.926546e+001 1.500000e+000
      vertex   -3.711009e+001 1.916589e+001 1.500000e+000
    endloop
  endfacet
  facet normal 0.000000e+000 0.000000e+000 -2.716299e-001
    outer loop
      vertex   -2.765042e+001 1.698942e+001 2.500000e+000
      vertex   -2.265042e+001 1.863942e+001 2.500000e+000
      vertex   -2.263902e+001 1.849352e+001 2.500000e+000
    endloop
  endfacet
  facet normal 0.000000e+000 0.000000e+000 -3.634687e-001
    outer loop
      vertex   -2.665042e+001 1.863942e+001 2.500000e+000
      vertex   -2.263902e+001 1.878532e+001 2.500000e+000
      vertex   -2.265042e+001 1.863942e+001 2.500000e+000
    endloop
  endfacet
  facet normal 0.000000e+000 0.000000e+000 -7.181151e+000
    outer loop
      vertex   -2.680950e+001 1.809927e+001 2.500000e+000
      vertex   -2.265042e+001 1.863942e+001 2.500000e+000
      vertex   -2.689545e+001 1.798396e+001 2.500000e+000
    endloop
  endfacet
  facet normal 0.000000e+000 0.000000e+000 -5.668998e+000
    outer loop
      vertex   -2.765042e+001 1.698942e+001 2.500000e+000
      vertex   -2.689545e+001 1.798396e+001 2.500000e+000
      vertex   -2.265042e+001 1.863942e+001 2.500000e+000
    endloop
  endfacet
  facet normal 0.000000e+000 0.000000e+000 -8.232077e+000
    outer loop
      vertex   -2.674056e+001 1.822465e+001 2.500000e+000
      vertex   -2.265042e+001 1.863942e+001 2.500000e+000
      vertex   -2.680950e+001 1.809927e+001 2.500000e+000
    endloop
  endfacet
  facet normal 0.000000e+000 0.000000e+000 -9.101707e+000
    outer loop
      vertex   -2.669184e+001 1.835533e+001 2.500000e+000
      vertex   -2.265042e+001 1.863942e+001 2.500000e+000
      vertex   -2.674056e+001 1.822465e+001 2.500000e+000
    endloop
  endfacet
  facet normal 0.000000e+000 0.000000e+000 -9.688734e+000
    outer loop
      vertex   -2.666183e+001 1.849352e+001 2.500000e+000
      vertex   -2.265042e+001 1.863942e+001 2.500000e+000
      vertex   -2.669184e+001 1.835533e+001 2.500000e+000
    endloop
  endfacet
  facet normal 0.000000e+000 0.000000e+000 -9.969581e+000
    outer loop
      vertex   -2.665042e+001 1.863942e+001 2.500000e+000
      vertex   -2.265042e+001 1.863942e+001 2.500000e+000
      vertex   -2.666183e+001 1.849352e+001 2.500000e+000
    endloop
  endfacet
  facet normal 0.000000e+000 0.000000e+000 -2.699258e-001
    outer loop
      vertex   -2.765042e+001 1.698942e+001 2.500000e+000
      vertex   -2.263902e+001 1.849352e+001 2.500000e+000
      vertex   -2.260901e+001 1.835533e+001 2.500000e+000
    endloop
  endfacet
  facet normal 0.000000e+000 0.000000e+000 -2.651303e-001
    outer loop
      vertex   -2.765042e+001 1.698942e+001 2.500000e+000
      vertex   -2.260901e+001 1.835533e+001 2.500000e+000
      vertex   -2.256028e+001 1.822465e+001 2.500000e+000
    endloop
  endfacet
  facet normal 0.000000e+000 0.000000e+000 -2.617067e-001
    outer loop
      vertex   -2.765042e+001 1.698942e+001 2.500000e+000
      vertex   -2.256028e+001 1.822465e+001 2.500000e+000
      vertex   -2.249135e+001 1.809927e+001 2.500000e+000
    endloop
  endfacet
  facet normal 0.000000e+000 0.000000e+000 -2.450196e-001
    outer loop
      vertex   -2.765042e+001 1.698942e+001 2.500000e+000
      vertex   -2.249135e+001 1.809927e+001 2.500000e+000
      vertex   -2.240540e+001 1.798396e+001 2.500000e+000
    endloop
  endfacet
  facet normal 0.000000e+000 0.000000e+000 -2.146362e-001
    outer loop
      vertex   -2.765042e+001 1.698942e+001 2.500000e+000
      vertex   -2.240540e+001 1.798396e+001 2.500000e+000
      vertex   -2.230588e+001 1.788445e+001 2.500000e+000
    endloop
  endfacet
  facet normal 0.000000e+000 0.000000e+000 -1.880862e-001
    outer loop
      vertex   -2.765042e+001 1.698942e+001 2.500000e+000
      vertex   -2.230588e+001 1.788445e+001 2.500000e+000
      vertex   -2.219058e+001 1.779850e+001 2.500000e+000
    endloop
  endfacet
  facet normal 0.000000e+000 0.000000e+000 -1.536601e-001
    outer loop
      vertex   -2.765042e+001 1.698942e+001 2.500000e+000
      vertex   -2.219058e+001 1.779850e+001 2.500000e+000
      vertex   -2.206519e+001 1.772956e+001 2.500000e+000
    endloop
  endfacet
  facet normal 0.000000e+000 0.000000e+000 -1.145836e-001
    outer loop
      vertex   -2.765042e+001 1.698942e+001 2.500000e+000
      vertex   -2.206519e+001 1.772956e+001 2.500000e+000
      vertex   -2.193294e+001 1.768052e+001 2.500000e+000
    endloop
  endfacet
  facet normal 0.000000e+000 0.000000e+000 -8.011709e-002
    outer loop
      vertex   -2.765042e+001 1.698942e+001 2.500000e+000
      vertex   -2.193294e+001 1.768052e+001 2.500000e+000
      vertex   -2.179203e+001 1.764997e+001 2.500000e+000
    endloop
  endfacet
  facet normal 0.000000e+000 0.000000e+000 -4.366643e-002
    outer loop
      vertex   -2.765042e+001 1.698942e+001 2.500000e+000
      vertex   -2.179203e+001 1.764997e+001 2.500000e+000
      vertex   -2.165042e+001 1.763942e+001 2.500000e+000
    endloop
  endfacet
  facet normal 0.000000e+000 0.000000e+000 -2.096163e+000
    outer loop
      vertex   -2.165042e+001 1.698942e+001 2.500000e+000
      vertex   -2.165042e+001 1.763942e+001 2.500000e+000
      vertex   -2.150881e+001 1.764997e+001 2.500000e+000
    endloop
  endfacet
  facet normal 0.000000e+000 0.000000e+000 -1.000000e+001
    outer loop
      vertex   -2.165042e+001 1.698942e+001 2.500000e+000
      vertex   -2.765042e+001 1.698942e+001 2.500000e+000
      vertex   -2.165042e+001 1.763942e+001 2.500000e+000
    endloop
  endfacet
  facet normal 0.000000e+000 0.000000e+000 -1.759621e+000
    outer loop
      vertex   -2.165042e+001 1.698942e+001 2.500000e+000
      vertex   -2.150881e+001 1.764997e+001 2.500000e+000
      vertex   -2.136790e+001 1.768052e+001 2.500000e+000
    endloop
  endfacet
  facet normal 0.000000e+000 0.000000e+000 -1.936132e+000
    outer loop
      vertex   -2.130170e+001 1.702753e+001 2.500000e+000
      vertex   -2.136790e+001 1.768052e+001 2.500000e+000
      vertex   -2.123565e+001 1.772956e+001 2.500000e+000
    endloop
  endfacet
  facet normal 0.000000e+000 0.000000e+000 -9.999696e+000
    outer loop
      vertex   -2.130170e+001 1.702753e+001 2.500000e+000
      vertex   -2.165042e+001 1.698942e+001 2.500000e+000
      vertex   -2.136790e+001 1.768052e+001 2.500000e+000
    endloop
  endfacet
  facet normal 0.000000e+000 0.000000e+000 -1.490183e+000
    outer loop
      vertex   -2.130170e+001 1.702753e+001 2.500000e+000
      vertex   -2.123565e+001 1.772956e+001 2.500000e+000
      vertex   -2.111027e+001 1.779850e+001 2.500000e+000
    endloop
  endfacet
  facet normal 0.000000e+000 0.000000e+000 -1.001961e+000
    outer loop
      vertex   -2.130170e+001 1.702753e+001 2.500000e+000
      vertex   -2.111027e+001 1.779850e+001 2.500000e+000
      vertex   -2.099496e+001 1.788445e+001 2.500000e+000
    endloop
  endfacet
  facet normal 0.000000e+000 0.000000e+000 -1.184635e+000
    outer loop
      vertex   -2.098015e+001 1.713176e+001 2.500000e+000
      vertex   -2.099496e+001 1.788445e+001 2.500000e+000
      vertex   -2.089545e+001 1.798396e+001 2.500000e+000
    endloop
  endfacet
  facet normal 0.000000e+000 0.000000e+000 -7.917027e+000
    outer loop
      vertex   -2.130170e+001 1.702753e+001 2.500000e+000
      vertex   -2.099496e+001 1.788445e+001 2.500000e+000
      vertex   -2.098015e+001 1.713176e+001 2.500000e+000
    endloop
  endfacet
  facet normal 0.000000e+000 0.000000e+000 -7.544919e-001
    outer loop
      vertex   -2.098015e+001 1.713176e+001 2.500000e+000
      vertex   -2.089545e+001 1.798396e+001 2.500000e+000
      vertex   -2.080950e+001 1.809927e+001 2.500000e+000
    endloop
  endfacet
  facet normal 0.000000e+000 0.000000e+000 -4.121249e-001
    outer loop
      vertex   -2.098015e+001 1.713176e+001 2.500000e+000
      vertex   -2.080950e+001 1.809927e+001 2.500000e+000
      vertex   -2.074056e+001 1.822465e+001 2.500000e+000
    endloop
  endfacet
  facet normal 0.000000e+000 0.000000e+000 -1.560362e-001
    outer loop
      vertex   -2.098015e+001 1.713176e+001 2.500000e+000
      vertex   -2.074056e+001 1.822465e+001 2.500000e+000
      vertex   -2.069184e+001 1.835533e+001 2.500000e+000
    endloop
  endfacet
  facet normal 0.000000e+000 0.000000e+000 -2.652256e-001
    outer loop
      vertex   -2.068041e+001 1.730570e+001 2.500000e+000
      vertex   -2.069184e+001 1.835533e+001 2.500000e+000
      vertex   -2.066183e+001 1.849352e+001 2.500000e+000
    endloop
  endfacet
  facet normal 0.000000e+000 0.000000e+000 -7.267445e+000
    outer loop
      vertex   -2.098015e+001 1.713176e+001 2.500000e+000
      vertex   -2.069184e+001 1.835533e+001 2.500000e+000
      vertex   -2.068041e+001 1.730570e+001 2.500000e+000
    endloop
  endfacet
  facet normal 0.000000e+000 0.000000e+000 -6.837840e-002
    outer loop
      vertex   -2.068041e+001 1.730570e+001 2.500000e+000
      vertex   -2.066183e+001 1.849352e+001 2.500000e+000
      vertex   -2.065042e+001 1.863942e+001 2.500000e+000
    endloop
  endfacet
  facet normal 0.000000e+000 0.000000e+000 -4.079631e-001
    outer loop
      vertex   -2.042533e+001 1.974441e+001 2.500000e+000
      vertex   -2.065042e+001 1.863942e+001 2.500000e+000
      vertex   -2.066183e+001 1.878532e+001 2.500000e+000
    endloop
  endfacet
  facet normal 0.000000e+000 0.000000e+000 -8.164718e-001
    outer loop
      vertex   -2.068041e+001 1.730570e+001 2.500000e+000
      vertex   -2.065042e+001 1.863942e+001 2.500000e+000
      vertex   -2.042533e+001 1.974441e+001 2.500000e+000
    endloop
  endfacet
  facet normal 0.000000e+000 0.000000e+000 -2.652256e-001
    outer loop
      vertex   -2.068041e+001 1.997315e+001 2.500000e+000
      vertex   -2.066183e+001 1.878532e+001 2.500000e+000
      vertex   -2.069184e+001 1.892351e+001 2.500000e+000
    endloop
  endfacet
  facet normal 0.000000e+000 0.000000e+000 -8.827011e+000
    outer loop
      vertex   -2.042533e+001 1.974441e+001 2.500000e+000
      vertex   -2.066183e+001 1.878532e+001 2.500000e+000
      vertex   -2.068041e+001 1.997315e+001 2.500000e+000
    endloop
  endfacet
  facet normal 0.000000e+000 0.000000e+000 -5.445302e-001
    outer loop
      vertex   -2.068041e+001 1.997315e+001 2.500000e+000
      vertex   -2.069184e+001 1.892351e+001 2.500000e+000
      vertex   -2.074056e+001 1.905419e+001 2.500000e+000
    endloop
  endfacet
  facet normal 0.000000e+000 0.000000e+000 -9.574581e-001
    outer loop
      vertex   -2.068041e+001 1.997315e+001 2.500000e+000
      vertex   -2.074056e+001 1.905419e+001 2.500000e+000
      vertex   -2.080950e+001 1.917957e+001 2.500000e+000
    endloop
  endfacet
  facet normal 0.000000e+000 0.000000e+000 -1.452461e+000
    outer loop
      vertex   -2.068041e+001 1.997315e+001 2.500000e+000
      vertex   -2.080950e+001 1.917957e+001 2.500000e+000
      vertex   -2.089545e+001 1.929488e+001 2.500000e+000
    endloop
  endfacet
  facet normal 0.000000e+000 0.000000e+000 -1.184635e+000
    outer loop
      vertex   -2.098015e+001 2.014709e+001 2.500000e+000
      vertex   -2.089545e+001 1.929488e+001 2.500000e+000
      vertex   -2.099496e+001 1.939439e+001 2.500000e+000
    endloop
  endfacet
  facet normal 0.000000e+000 0.000000e+000 -9.761591e+000
    outer loop
      vertex   -2.068041e+001 1.997315e+001 2.500000e+000
      vertex   -2.089545e+001 1.929488e+001 2.500000e+000
      vertex   -2.098015e+001 2.014709e+001 2.500000e+000
    endloop
  endfacet
  facet normal 0.000000e+000 0.000000e+000 -1.721933e+000
    outer loop
      vertex   -2.098015e+001 2.014709e+001 2.500000e+000
      vertex   -2.099496e+001 1.939439e+001 2.500000e+000
      vertex   -2.111027e+001 1.948034e+001 2.500000e+000
    endloop
  endfacet
  facet normal 0.000000e+000 0.000000e+000 -2.096065e+000
    outer loop
      vertex   -2.098015e+001 2.014709e+001 2.500000e+000
      vertex   -2.111027e+001 1.948034e+001 2.500000e+000
      vertex   -2.123565e+001 1.954928e+001 2.500000e+000
    endloop
  endfacet
  facet normal 0.000000e+000 0.000000e+000 -1.936132e+000
    outer loop
      vertex   -2.130170e+001 2.025132e+001 2.500000e+000
      vertex   -2.123565e+001 1.954928e+001 2.500000e+000
      vertex   -2.136790e+001 1.959832e+001 2.500000e+000
    endloop
  endfacet
  facet normal 0.000000e+000 0.000000e+000 -9.959129e+000
    outer loop
      vertex   -2.098015e+001 2.014709e+001 2.500000e+000
      vertex   -2.123565e+001 1.954928e+001 2.500000e+000
      vertex   -2.130170e+001 2.025132e+001 2.500000e+000
    endloop
  endfacet
  facet normal 0.000000e+000 0.000000e+000 -2.184009e+000
    outer loop
      vertex   -2.130170e+001 2.025132e+001 2.500000e+000
      vertex   -2.136790e+001 1.959832e+001 2.500000e+000
      vertex   -2.150881e+001 1.962887e+001 2.500000e+000
    endloop
  endfacet
  facet normal 0.000000e+000 0.000000e+000 -1.955126e+000
    outer loop
      vertex   -2.130170e+001 2.025132e+001 2.500000e+000
      vertex   -2.150881e+001 1.962887e+001 2.500000e+000
      vertex   -2.165042e+001 1.963942e+001 2.500000e+000
    endloop
  endfacet
  facet normal 0.000000e+000 0.000000e+000 -2.096179e+000
    outer loop
      vertex   -2.165042e+001 2.028942e+001 2.500000e+000
      vertex   -2.165042e+001 1.963942e+001 2.500000e+000
      vertex   -2.179203e+001 1.962887e+001 2.500000e+000
    endloop
  endfacet
  facet normal 0.000000e+000 0.000000e+000 -9.174551e+000
    outer loop
      vertex   -2.130170e+001 2.025132e+001 2.500000e+000
      vertex   -2.165042e+001 1.963942e+001 2.500000e+000
      vertex   -2.165042e+001 2.028942e+001 2.500000e+000
    endloop
  endfacet
  facet normal 0.000000e+000 0.000000e+000 -1.759604e+000
    outer loop
      vertex   -2.165042e+001 2.028942e+001 2.500000e+000
      vertex   -2.179203e+001 1.962887e+001 2.500000e+000
      vertex   -2.193294e+001 1.959832e+001 2.500000e+000
    endloop
  endfacet
  facet normal 0.000000e+000 0.000000e+000 -1.224150e+000
    outer loop
      vertex   -2.165042e+001 2.028942e+001 2.500000e+000
      vertex   -2.193294e+001 1.959832e+001 2.500000e+000
      vertex   -2.206519e+001 1.954928e+001 2.500000e+000
    endloop
  endfacet
  facet normal 0.000000e+000 0.000000e+000 -7.779458e-001
    outer loop
      vertex   -2.165042e+001 2.028942e+001 2.500000e+000
      vertex   -2.206519e+001 1.954928e+001 2.500000e+000
      vertex   -2.219058e+001 1.948034e+001 2.500000e+000
    endloop
  endfacet
  facet normal 0.000000e+000 0.000000e+000 -4.342386e-001
    outer loop
      vertex   -2.165042e+001 2.028942e+001 2.500000e+000
      vertex   -2.219058e+001 1.948034e+001 2.500000e+000
      vertex   -2.230588e+001 1.939439e+001 2.500000e+000
    endloop
  endfacet
  facet normal 0.000000e+000 0.000000e+000 -1.721144e-001
    outer loop
      vertex   -2.165042e+001 2.028942e+001 2.500000e+000
      vertex   -2.230588e+001 1.939439e+001 2.500000e+000
      vertex   -2.240540e+001 1.929488e+001 2.500000e+000
    endloop
  endfacet
  facet normal 0.000000e+000 0.000000e+000 -2.404375e-001
    outer loop
      vertex   -2.665042e+001 1.863942e+001 2.500000e+000
      vertex   -2.240540e+001 1.929488e+001 2.500000e+000
      vertex   -2.249135e+001 1.917957e+001 2.500000e+000
    endloop
  endfacet
  facet normal 0.000000e+000 0.000000e+000 -5.668996e+000
    outer loop
      vertex   -2.165042e+001 2.028942e+001 2.500000e+000
      vertex   -2.240540e+001 1.929488e+001 2.500000e+000
      vertex   -2.665042e+001 1.863942e+001 2.500000e+000
    endloop
  endfacet
  facet normal 0.000000e+000 0.000000e+000 -2.808524e-001
    outer loop
      vertex   -2.665042e+001 1.863942e+001 2.500000e+000
      vertex   -2.249135e+001 1.917957e+001 2.500000e+000
      vertex   -2.256028e+001 1.905419e+001 2.500000e+000
    endloop
  endfacet
  facet normal 0.000000e+000 0.000000e+000 -3.087672e-001
    outer loop
      vertex   -2.665042e+001 1.863942e+001 2.500000e+000
      vertex   -2.256028e+001 1.905419e+001 2.500000e+000
      vertex   -2.260901e+001 1.892351e+001 2.500000e+000
    endloop
  endfacet
  facet normal 0.000000e+000 0.000000e+000 -3.381875e-001
    outer loop
      vertex   -2.665042e+001 1.863942e+001 2.500000e+000
      vertex   -2.260901e+001 1.892351e+001 2.500000e+000
      vertex   -2.263902e+001 1.878532e+001 2.500000e+000
    endloop
  endfacet
  facet normal 0.000000e+000 0.000000e+000 -4.079693e-001
    outer loop
      vertex   -2.887552e+001 1.753443e+001 2.500000e+000
      vertex   -2.865042e+001 1.863942e+001 2.500000e+000
      vertex   -2.863902e+001 1.849352e+001 2.500000e+000
    endloop
  endfacet
  facet normal 0.000000e+000 0.000000e+000 -6.838396e-002
    outer loop
      vertex   -2.862043e+001 1.997315e+001 2.500000e+000
      vertex   -2.863902e+001 1.878532e+001 2.500000e+000
      vertex   -2.865042e+001 1.863942e+001 2.500000e+000
    endloop
  endfacet
  facet normal 0.000000e+000 0.000000e+000 -8.164751e-001
    outer loop
      vertex   -2.862043e+001 1.997315e+001 2.500000e+000
      vertex   -2.865042e+001 1.863942e+001 2.500000e+000
      vertex   -2.887552e+001 1.753443e+001 2.500000e+000
    endloop
  endfacet
  facet normal 0.000000e+000 0.000000e+000 -2.652156e-001
    outer loop
      vertex   -2.862043e+001 1.730570e+001 2.500000e+000
      vertex   -2.863902e+001 1.849352e+001 2.500000e+000
      vertex   -2.860901e+001 1.835533e+001 2.500000e+000
    endloop
  endfacet
  facet normal 0.000000e+000 0.000000e+000 -8.827013e+000
    outer loop
      vertex   -2.887552e+001 1.753443e+001 2.500000e+000
      vertex   -2.863902e+001 1.849352e+001 2.500000e+000
      vertex   -2.862043e+001 1.730570e+001 2.500000e+000
    endloop
  endfacet
  facet normal 0.000000e+000 0.000000e+000 -5.445237e-001
    outer loop
      vertex   -2.862043e+001 1.730570e+001 2.500000e+000
      vertex   -2.860901e+001 1.835533e+001 2.500000e+000
      vertex   -2.856029e+001 1.822465e+001 2.500000e+000
    endloop
  endfacet
  facet normal 0.000000e+000 0.000000e+000 -9.574646e-001
    outer loop
      vertex   -2.862043e+001 1.730570e+001 2.500000e+000
      vertex   -2.856029e+001 1.822465e+001 2.500000e+000
      vertex   -2.849135e+001 1.809927e+001 2.500000e+000
    endloop
  endfacet
  facet normal 0.000000e+000 0.000000e+000 -1.452461e+000
    outer loop
      vertex   -2.862043e+001 1.730570e+001 2.500000e+000
      vertex   -2.849135e+001 1.809927e+001 2.500000e+000
      vertex   -2.840540e+001 1.798396e+001 2.500000e+000
    endloop
  endfacet
  facet normal 0.000000e+000 0.000000e+000 -1.184635e+000
    outer loop
      vertex   -2.832070e+001 1.713176e+001 2.500000e+000
      vertex   -2.840540e+001 1.798396e+001 2.500000e+000
      vertex   -2.830588e+001 1.788445e+001 2.500000e+000
    endloop
  endfacet
  facet normal 0.000000e+000 0.000000e+000 -9.761591e+000
    outer loop
      vertex   -2.862043e+001 1.730570e+001 2.500000e+000
      vertex   -2.840540e+001 1.798396e+001 2.500000e+000
      vertex   -2.832070e+001 1.713176e+001 2.500000e+000
    endloop
  endfacet
  facet normal 0.000000e+000 0.000000e+000 -1.721942e+000
    outer loop
      vertex   -2.832070e+001 1.713176e+001 2.500000e+000
      vertex   -2.830588e+001 1.788445e+001 2.500000e+000
      vertex   -2.819058e+001 1.779850e+001 2.500000e+000
    endloop
  endfacet
  facet normal 0.000000e+000 0.000000e+000 -2.096049e+000
    outer loop
      vertex   -2.832070e+001 1.713176e+001 2.500000e+000
      vertex   -2.819058e+001 1.779850e+001 2.500000e+000
      vertex   -2.806519e+001 1.772956e+001 2.500000e+000
    endloop
  endfacet
  facet normal 0.000000e+000 0.000000e+000 -1.936149e+000
    outer loop
      vertex   -2.799915e+001 1.702753e+001 2.500000e+000
      vertex   -2.806519e+001 1.772956e+001 2.500000e+000
      vertex   -2.793294e+001 1.768052e+001 2.500000e+000
    endloop
  endfacet
  facet normal 0.000000e+000 0.000000e+000 -9.959129e+000
    outer loop
      vertex   -2.832070e+001 1.713176e+001 2.500000e+000
      vertex   -2.806519e+001 1.772956e+001 2.500000e+000
      vertex   -2.799915e+001 1.702753e+001 2.500000e+000
    endloop
  endfacet
  facet normal 0.000000e+000 0.000000e+000 -2.184009e+000
    outer loop
      vertex   -2.799915e+001 1.702753e+001 2.500000e+000
      vertex   -2.793294e+001 1.768052e+001 2.500000e+000
      vertex   -2.779203e+001 1.764997e+001 2.500000e+000
    endloop
  endfacet
  facet normal 0.000000e+000 0.000000e+000 -1.955125e+000
    outer loop
      vertex   -2.799915e+001 1.702753e+001 2.500000e+000
      vertex   -2.779203e+001 1.764997e+001 2.500000e+000
      vertex   -2.765042e+001 1.763942e+001 2.500000e+000
    endloop
  endfacet
  facet normal 0.000000e+000 0.000000e+000 -2.096163e+000
    outer loop
      vertex   -2.765042e+001 1.698942e+001 2.500000e+000
      vertex   -2.765042e+001 1.763942e+001 2.500000e+000
      vertex   -2.750881e+001 1.764997e+001 2.500000e+000
    endloop
  endfacet
  facet normal 0.000000e+000 0.000000e+000 -9.174547e+000
    outer loop
      vertex   -2.799915e+001 1.702753e+001 2.500000e+000
      vertex   -2.765042e+001 1.763942e+001 2.500000e+000
      vertex   -2.765042e+001 1.698942e+001 2.500000e+000
    endloop
  endfacet
  facet normal 0.000000e+000 0.000000e+000 -1.759614e+000
    outer loop
      vertex   -2.765042e+001 1.698942e+001 2.500000e+000
      vertex   -2.750881e+001 1.764997e+001 2.500000e+000
      vertex   -2.736791e+001 1.768052e+001 2.500000e+000
    endloop
  endfacet
  facet normal 0.000000e+000 0.000000e+000 -1.224158e+000
    outer loop
      vertex   -2.765042e+001 1.698942e+001 2.500000e+000
      vertex   -2.736791e+001 1.768052e+001 2.500000e+000
      vertex   -2.723565e+001 1.772956e+001 2.500000e+000
    endloop
  endfacet
  facet normal 0.000000e+000 0.000000e+000 -7.779355e-001
    outer loop
      vertex   -2.765042e+001 1.698942e+001 2.500000e+000
      vertex   -2.723565e+001 1.772956e+001 2.500000e+000
      vertex   -2.711027e+001 1.779850e+001 2.500000e+000
    endloop
  endfacet
  facet normal 0.000000e+000 0.000000e+000 -4.342532e-001
    outer loop
      vertex   -2.765042e+001 1.698942e+001 2.500000e+000
      vertex   -2.711027e+001 1.779850e+001 2.500000e+000
      vertex   -2.699496e+001 1.788445e+001 2.500000e+000
    endloop
  endfacet
  facet normal 0.000000e+000 0.000000e+000 -1.721062e-001
    outer loop
      vertex   -2.765042e+001 1.698942e+001 2.500000e+000
      vertex   -2.699496e+001 1.788445e+001 2.500000e+000
      vertex   -2.689545e+001 1.798396e+001 2.500000e+000
    endloop
  endfacet
  facet normal 0.000000e+000 0.000000e+000 -2.716298e-001
    outer loop
      vertex   -2.165042e+001 2.028942e+001 2.500000e+000
      vertex   -2.665042e+001 1.863942e+001 2.500000e+000
      vertex   -2.666183e+001 1.878532e+001 2.500000e+000
    endloop
  endfacet
  facet normal 0.000000e+000 0.000000e+000 -2.699258e-001
    outer loop
      vertex   -2.165042e+001 2.028942e+001 2.500000e+000
      vertex   -2.666183e+001 1.878532e+001 2.500000e+000
      vertex   -2.669184e+001 1.892351e+001 2.500000e+000
    endloop
  endfacet
  facet normal 0.000000e+000 0.000000e+000 -2.651303e-001
    outer loop
      vertex   -2.165042e+001 2.028942e+001 2.500000e+000
      vertex   -2.669184e+001 1.892351e+001 2.500000e+000
      vertex   -2.674056e+001 1.905419e+001 2.500000e+000
    endloop
  endfacet
  facet normal 0.000000e+000 0.000000e+000 -2.617067e-001
    outer loop
      vertex   -2.165042e+001 2.028942e+001 2.500000e+000
      vertex   -2.674056e+001 1.905419e+001 2.500000e+000
      vertex   -2.680950e+001 1.917957e+001 2.500000e+000
    endloop
  endfacet
  facet normal 0.000000e+000 0.000000e+000 -2.450196e-001
    outer loop
      vertex   -2.165042e+001 2.028942e+001 2.500000e+000
      vertex   -2.680950e+001 1.917957e+001 2.500000e+000
      vertex   -2.689545e+001 1.929488e+001 2.500000e+000
    endloop
  endfacet
  facet normal 0.000000e+000 0.000000e+000 -2.146358e-001
    outer loop
      vertex   -2.165042e+001 2.028942e+001 2.500000e+000
      vertex   -2.689545e+001 1.929488e+001 2.500000e+000
      vertex   -2.699496e+001 1.939439e+001 2.500000e+000
    endloop
  endfacet
  facet normal 0.000000e+000 0.000000e+000 -1.880867e-001
    outer loop
      vertex   -2.165042e+001 2.028942e+001 2.500000e+000
      vertex   -2.699496e+001 1.939439e+001 2.500000e+000
      vertex   -2.711027e+001 1.948034e+001 2.500000e+000
    endloop
  endfacet
  facet normal 0.000000e+000 0.000000e+000 -1.536598e-001
    outer loop
      vertex   -2.165042e+001 2.028942e+001 2.500000e+000
      vertex   -2.711027e+001 1.948034e+001 2.500000e+000
      vertex   -2.723565e+001 1.954928e+001 2.500000e+000
    endloop
  endfacet
  facet normal 0.000000e+000 0.000000e+000 -1.145837e-001
    outer loop
      vertex   -2.165042e+001 2.028942e+001 2.500000e+000
      vertex   -2.723565e+001 1.954928e+001 2.500000e+000
      vertex   -2.736791e+001 1.959832e+001 2.500000e+000
    endloop
  endfacet
  facet normal 0.000000e+000 0.000000e+000 -8.011720e-002
    outer loop
      vertex   -2.165042e+001 2.028942e+001 2.500000e+000
      vertex   -2.736791e+001 1.959832e+001 2.500000e+000
      vertex   -2.750881e+001 1.962887e+001 2.500000e+000
    endloop
  endfacet
  facet normal 0.000000e+000 0.000000e+000 -4.366621e-002
    outer loop
      vertex   -2.165042e+001 2.028942e+001 2.500000e+000
      vertex   -2.750881e+001 1.962887e+001 2.500000e+000
      vertex   -2.765042e+001 1.963942e+001 2.500000e+000
    endloop
  endfacet
  facet normal 0.000000e+000 0.000000e+000 -2.096163e+000
    outer loop
      vertex   -2.765042e+001 2.028942e+001 2.500000e+000
      vertex   -2.765042e+001 1.963942e+001 2.500000e+000
      vertex   -2.779203e+001 1.962887e+001 2.500000e+000
    endloop
  endfacet
  facet normal 0.000000e+000 0.000000e+000 -1.077032e+000
    outer loop
      vertex   -2.165042e+001 2.028942e+001 2.500000e+000
      vertex   -2.765042e+001 1.963942e+001 2.500000e+000
      vertex   -2.765042e+001 2.028942e+001 2.500000e+000
    endloop
  endfacet
  facet normal 0.000000e+000 0.000000e+000 -1.759621e+000
    outer loop
      vertex   -2.765042e+001 2.028942e+001 2.500000e+000
      vertex   -2.779203e+001 1.962887e+001 2.500000e+000
      vertex   -2.793294e+001 1.959832e+001 2.500000e+000
    endloop
  endfacet
  facet normal 0.000000e+000 0.000000e+000 -1.936149e+000
    outer loop
      vertex   -2.799915e+001 2.025132e+001 2.500000e+000
      vertex   -2.793294e+001 1.959832e+001 2.500000e+000
      vertex   -2.806519e+001 1.954928e+001 2.500000e+000
    endloop
  endfacet
  facet normal 0.000000e+000 0.000000e+000 -8.790625e+000
    outer loop
      vertex   -2.765042e+001 2.028942e+001 2.500000e+000
      vertex   -2.793294e+001 1.959832e+001 2.500000e+000
      vertex   -2.799915e+001 2.025132e+001 2.500000e+000
    endloop
  endfacet
  facet normal 0.000000e+000 0.000000e+000 -1.490168e+000
    outer loop
      vertex   -2.799915e+001 2.025132e+001 2.500000e+000
      vertex   -2.806519e+001 1.954928e+001 2.500000e+000
      vertex   -2.819058e+001 1.948034e+001 2.500000e+000
    endloop
  endfacet
  facet normal 0.000000e+000 0.000000e+000 -1.001969e+000
    outer loop
      vertex   -2.799915e+001 2.025132e+001 2.500000e+000
      vertex   -2.819058e+001 1.948034e+001 2.500000e+000
      vertex   -2.830588e+001 1.939439e+001 2.500000e+000
    endloop
  endfacet
  facet normal 0.000000e+000 0.000000e+000 -1.184635e+000
    outer loop
      vertex   -2.832070e+001 2.014709e+001 2.500000e+000
      vertex   -2.830588e+001 1.939439e+001 2.500000e+000
      vertex   -2.840540e+001 1.929488e+001 2.500000e+000
    endloop
  endfacet
  facet normal 0.000000e+000 0.000000e+000 -7.917027e+000
    outer loop
      vertex   -2.799915e+001 2.025132e+001 2.500000e+000
      vertex   -2.830588e+001 1.939439e+001 2.500000e+000
      vertex   -2.832070e+001 2.014709e+001 2.500000e+000
    endloop
  endfacet
  facet normal 0.000000e+000 0.000000e+000 -7.544919e-001
    outer loop
      vertex   -2.832070e+001 2.014709e+001 2.500000e+000
      vertex   -2.840540e+001 1.929488e+001 2.500000e+000
      vertex   -2.849135e+001 1.917957e+001 2.500000e+000
    endloop
  endfacet
  facet normal 0.000000e+000 0.000000e+000 -4.121301e-001
    outer loop
      vertex   -2.832070e+001 2.014709e+001 2.500000e+000
      vertex   -2.849135e+001 1.917957e+001 2.500000e+000
      vertex   -2.856029e+001 1.905419e+001 2.500000e+000
    endloop
  endfacet
  facet normal 0.000000e+000 0.000000e+000 -1.560310e-001
    outer loop
      vertex   -2.832070e+001 2.014709e+001 2.500000e+000
      vertex   -2.856029e+001 1.905419e+001 2.500000e+000
      vertex   -2.860901e+001 1.892351e+001 2.500000e+000
    endloop
  endfacet
  facet normal 0.000000e+000 0.000000e+000 -2.652156e-001
    outer loop
      vertex   -2.862043e+001 1.997315e+001 2.500000e+000
      vertex   -2.860901e+001 1.892351e+001 2.500000e+000
      vertex   -2.863902e+001 1.878532e+001 2.500000e+000
    endloop
  endfacet
  facet normal 0.000000e+000 0.000000e+000 -7.267445e+000
    outer loop
      vertex   -2.832070e+001 2.014709e+001 2.500000e+000
      vertex   -2.860901e+001 1.892351e+001 2.500000e+000
      vertex   -2.862043e+001 1.997315e+001 2.500000e+000
    endloop
  endfacet
  facet normal 0.000000e+000 0.000000e+000 7.505571e-001
    outer loop
      vertex   -3.654147e+001 1.666681e+001 5.100000e+000
      vertex   -3.075938e+001 1.666681e+001 5.100000e+000
      vertex   -3.049744e+001 1.712173e+001 5.100000e+000
    endloop
  endfacet
  facet normal 0.000000e+000 0.000000e+000 8.666136e+000
    outer loop
      vertex   -3.680341e+001 1.712173e+001 5.100000e+000
      vertex   -3.654147e+001 1.666681e+001 5.100000e+000
      vertex   -3.049744e+001 1.712173e+001 5.100000e+000
    endloop
  endfacet
  facet normal 0.000000e+000 0.000000e+000 7.433490e-001
    outer loop
      vertex   -3.621629e+001 1.626005e+001 5.100000e+000
      vertex   -3.108456e+001 1.626005e+001 5.100000e+000
      vertex   -3.075938e+001 1.666681e+001 5.100000e+000
    endloop
  endfacet
  facet normal 0.000000e+000 0.000000e+000 7.810802e+000
    outer loop
      vertex   -3.654147e+001 1.666681e+001 5.100000e+000
      vertex   -3.621629e+001 1.626005e+001 5.100000e+000
      vertex   -3.075938e+001 1.666681e+001 5.100000e+000
    endloop
  endfacet
  facet normal 0.000000e+000 0.000000e+000 7.518109e-001
    outer loop
      vertex   -3.583128e+001 1.590217e+001 5.100000e+000
      vertex   -3.146957e+001 1.590217e+001 5.100000e+000
      vertex   -3.108456e+001 1.626005e+001 5.100000e+000
    endloop
  endfacet
  facet normal 0.000000e+000 0.000000e+000 6.808305e+000
    outer loop
      vertex   -3.621629e+001 1.626005e+001 5.100000e+000
      vertex   -3.583128e+001 1.590217e+001 5.100000e+000
      vertex   -3.108456e+001 1.626005e+001 5.100000e+000
    endloop
  endfacet
  facet normal 0.000000e+000 0.000000e+000 7.422061e-001
    outer loop
      vertex   -3.540128e+001 1.560955e+001 5.100000e+000
      vertex   -3.189957e+001 1.560955e+001 5.100000e+000
      vertex   -3.146957e+001 1.590217e+001 5.100000e+000
    endloop
  endfacet
  facet normal 0.000000e+000 0.000000e+000 5.626011e+000
    outer loop
      vertex   -3.583128e+001 1.590217e+001 5.100000e+000
      vertex   -3.540128e+001 1.560955e+001 5.100000e+000
      vertex   -3.146957e+001 1.590217e+001 5.100000e+000
    endloop
  endfacet
  facet normal 0.000000e+000 0.000000e+000 7.526579e-001
    outer loop
      vertex   -3.492739e+001 1.538101e+001 5.100000e+000
      vertex   -3.237346e+001 1.538101e+001 5.100000e+000
      vertex   -3.189957e+001 1.560955e+001 5.100000e+000
    endloop
  endfacet
  facet normal 0.000000e+000 0.000000e+000 4.343899e+000
    outer loop
      vertex   -3.540128e+001 1.560955e+001 5.100000e+000
      vertex   -3.492739e+001 1.538101e+001 5.100000e+000
      vertex   -3.189957e+001 1.560955e+001 5.100000e+000
    endloop
  endfacet
  facet normal 0.000000e+000 0.000000e+000 7.415128e-001
    outer loop
      vertex   -3.443068e+001 1.522804e+001 5.100000e+000
      vertex   -3.287016e+001 1.522804e+001 5.100000e+000
      vertex   -3.237346e+001 1.538101e+001 5.100000e+000
    endloop
  endfacet
  facet normal 0.000000e+000 0.000000e+000 2.943199e+000
    outer loop
      vertex   -3.492739e+001 1.538101e+001 5.100000e+000
      vertex   -3.443068e+001 1.522804e+001 5.100000e+000
      vertex   -3.237346e+001 1.538101e+001 5.100000e+000
    endloop
  endfacet
  facet normal 0.000000e+000 0.000000e+000 7.530804e-001
    outer loop
      vertex   -3.391022e+001 1.514949e+001 5.100000e+000
      vertex   -3.339063e+001 1.514949e+001 5.100000e+000
      vertex   -3.287016e+001 1.522804e+001 5.100000e+000
    endloop
  endfacet
  facet normal 0.000000e+000 0.000000e+000 1.492306e+000
    outer loop
      vertex   -3.443068e+001 1.522804e+001 5.100000e+000
      vertex   -3.391022e+001 1.514949e+001 5.100000e+000
      vertex   -3.287016e+001 1.522804e+001 5.100000e+000
    endloop
  endfacet
  facet normal 0.000000e+000 0.000000e+000 7.505571e-001
    outer loop
      vertex   -3.075938e+001 2.061203e+001 5.100000e+000
      vertex   -3.654147e+001 2.061203e+001 5.100000e+000
      vertex   -3.680341e+001 2.015711e+001 5.100000e+000
    endloop
  endfacet
  facet normal 0.000000e+000 0.000000e+000 8.666136e+000
    outer loop
      vertex   -3.049744e+001 2.015711e+001 5.100000e+000
      vertex   -3.075938e+001 2.061203e+001 5.100000e+000
      vertex   -3.680341e+001 2.015711e+001 5.100000e+000
    endloop
  endfacet
  facet normal 0.000000e+000 0.000000e+000 7.433490e-001
    outer loop
      vertex   -3.108456e+001 2.101880e+001 5.100000e+000
      vertex   -3.621629e+001 2.101880e+001 5.100000e+000
      vertex   -3.654147e+001 2.061203e+001 5.100000e+000
    endloop
  endfacet
  facet normal 0.000000e+000 0.000000e+000 7.810802e+000
    outer loop
      vertex   -3.075938e+001 2.061203e+001 5.100000e+000
      vertex   -3.108456e+001 2.101880e+001 5.100000e+000
      vertex   -3.654147e+001 2.061203e+001 5.100000e+000
    endloop
  endfacet
  facet normal 0.000000e+000 0.000000e+000 7.518109e-001
    outer loop
      vertex   -3.146957e+001 2.137667e+001 5.100000e+000
      vertex   -3.583128e+001 2.137667e+001 5.100000e+000
      vertex   -3.621629e+001 2.101880e+001 5.100000e+000
    endloop
  endfacet
  facet normal 0.000000e+000 0.000000e+000 6.808305e+000
    outer loop
      vertex   -3.108456e+001 2.101880e+001 5.100000e+000
      vertex   -3.146957e+001 2.137667e+001 5.100000e+000
      vertex   -3.621629e+001 2.101880e+001 5.100000e+000
    endloop
  endfacet
  facet normal 0.000000e+000 0.000000e+000 7.422061e-001
    outer loop
      vertex   -3.189957e+001 2.166929e+001 5.100000e+000
      vertex   -3.540128e+001 2.166929e+001 5.100000e+000
      vertex   -3.583128e+001 2.137667e+001 5.100000e+000
    endloop
  endfacet
  facet normal 0.000000e+000 0.000000e+000 5.626011e+000
    outer loop
      vertex   -3.146957e+001 2.137667e+001 5.100000e+000
      vertex   -3.189957e+001 2.166929e+001 5.100000e+000
      vertex   -3.583128e+001 2.137667e+001 5.100000e+000
    endloop
  endfacet
  facet normal 0.000000e+000 0.000000e+000 7.526579e-001
    outer loop
      vertex   -3.237346e+001 2.189783e+001 5.100000e+000
      vertex   -3.492739e+001 2.189783e+001 5.100000e+000
      vertex   -3.540128e+001 2.166929e+001 5.100000e+000
    endloop
  endfacet
  facet normal 0.000000e+000 0.000000e+000 4.343899e+000
    outer loop
      vertex   -3.189957e+001 2.166929e+001 5.100000e+000
      vertex   -3.237346e+001 2.189783e+001 5.100000e+000
      vertex   -3.540128e+001 2.166929e+001 5.100000e+000
    endloop
  endfacet
  facet normal 0.000000e+000 0.000000e+000 7.415128e-001
    outer loop
      vertex   -3.287016e+001 2.205080e+001 5.100000e+000
      vertex   -3.443068e+001 2.205080e+001 5.100000e+000
      vertex   -3.492739e+001 2.189783e+001 5.100000e+000
    endloop
  endfacet
  facet normal 0.000000e+000 0.000000e+000 2.943199e+000
    outer loop
      vertex   -3.237346e+001 2.189783e+001 5.100000e+000
      vertex   -3.287016e+001 2.205080e+001 5.100000e+000
      vertex   -3.492739e+001 2.189783e+001 5.100000e+000
    endloop
  endfacet
  facet normal 0.000000e+000 0.000000e+000 7.530804e-001
    outer loop
      vertex   -3.339063e+001 2.212935e+001 5.100000e+000
      vertex   -3.391022e+001 2.212935e+001 5.100000e+000
      vertex   -3.443068e+001 2.205080e+001 5.100000e+000
    endloop
  endfacet
  facet normal 0.000000e+000 0.000000e+000 1.492306e+000
    outer loop
      vertex   -3.287016e+001 2.205080e+001 5.100000e+000
      vertex   -3.339063e+001 2.212935e+001 5.100000e+000
      vertex   -3.443068e+001 2.205080e+001 5.100000e+000
    endloop
  endfacet
  facet normal 0.000000e+000 0.000000e+000 -7.456428e-001
    outer loop
      vertex   -3.049771e+001 2.015822e+001 1.500000e+000
      vertex   -3.680314e+001 2.015822e+001 1.500000e+000
      vertex   -3.654274e+001 2.061022e+001 1.500000e+000
    endloop
  endfacet
  facet normal 0.000000e+000 0.000000e+000 -7.492716e-001
    outer loop
      vertex   -3.075811e+001 2.061022e+001 1.500000e+000
      vertex   -3.654274e+001 2.061022e+001 1.500000e+000
      vertex   -3.621523e+001 2.102026e+001 1.500000e+000
    endloop
  endfacet
  facet normal 0.000000e+000 0.000000e+000 -8.268605e+000
    outer loop
      vertex   -3.049771e+001 2.015822e+001 1.500000e+000
      vertex   -3.654274e+001 2.061022e+001 1.500000e+000
      vertex   -3.075811e+001 2.061022e+001 1.500000e+000
    endloop
  endfacet
  facet normal 0.000000e+000 0.000000e+000 -7.450510e-001
    outer loop
      vertex   -3.108562e+001 2.102026e+001 1.500000e+000
      vertex   -3.621523e+001 2.102026e+001 1.500000e+000
      vertex   -3.583349e+001 2.137499e+001 1.500000e+000
    endloop
  endfacet
  facet normal 0.000000e+000 0.000000e+000 -7.323945e+000
    outer loop
      vertex   -3.075811e+001 2.061022e+001 1.500000e+000
      vertex   -3.621523e+001 2.102026e+001 1.500000e+000
      vertex   -3.108562e+001 2.102026e+001 1.500000e+000
    endloop
  endfacet
  facet normal 0.000000e+000 0.000000e+000 -7.498172e-001
    outer loop
      vertex   -3.146736e+001 2.137499e+001 1.500000e+000
      vertex   -3.583349e+001 2.137499e+001 1.500000e+000
      vertex   -3.539933e+001 2.167065e+001 1.500000e+000
    endloop
  endfacet
  facet normal 0.000000e+000 0.000000e+000 -6.242407e+000
    outer loop
      vertex   -3.108562e+001 2.102026e+001 1.500000e+000
      vertex   -3.583349e+001 2.137499e+001 1.500000e+000
      vertex   -3.146736e+001 2.137499e+001 1.500000e+000
    endloop
  endfacet
  facet normal 0.000000e+000 0.000000e+000 -7.446609e-001
    outer loop
      vertex   -3.190152e+001 2.167065e+001 1.500000e+000
      vertex   -3.539933e+001 2.167065e+001 1.500000e+000
      vertex   -3.493025e+001 2.189681e+001 1.500000e+000
    endloop
  endfacet
  facet normal 0.000000e+000 0.000000e+000 -4.993124e+000
    outer loop
      vertex   -3.146736e+001 2.137499e+001 1.500000e+000
      vertex   -3.539933e+001 2.167065e+001 1.500000e+000
      vertex   -3.190152e+001 2.167065e+001 1.500000e+000
    endloop
  endfacet
  facet normal 0.000000e+000 0.000000e+000 -7.501408e-001
    outer loop
      vertex   -3.237059e+001 2.189681e+001 1.500000e+000
      vertex   -3.493025e+001 2.189681e+001 1.500000e+000
      vertex   -3.442800e+001 2.205158e+001 1.500000e+000
    endloop
  endfacet
  facet normal 0.000000e+000 0.000000e+000 -3.660222e+000
    outer loop
      vertex   -3.190152e+001 2.167065e+001 1.500000e+000
      vertex   -3.493025e+001 2.189681e+001 1.500000e+000
      vertex   -3.237059e+001 2.189681e+001 1.500000e+000
    endloop
  endfacet
  facet normal 0.000000e+000 0.000000e+000 -7.444665e-001
    outer loop
      vertex   -3.287284e+001 2.205158e+001 1.500000e+000
      vertex   -3.442800e+001 2.205158e+001 1.500000e+000
      vertex   -3.391325e+001 2.212925e+001 1.500000e+000
    endloop
  endfacet
  facet normal 0.000000e+000 0.000000e+000 -2.219706e+000
    outer loop
      vertex   -3.237059e+001 2.189681e+001 1.500000e+000
      vertex   -3.442800e+001 2.205158e+001 1.500000e+000
      vertex   -3.287284e+001 2.205158e+001 1.500000e+000
    endloop
  endfacet
  facet normal 0.000000e+000 0.000000e+000 -7.517298e-001
    outer loop
      vertex   -3.287284e+001 2.205158e+001 1.500000e+000
      vertex   -3.391325e+001 2.212925e+001 1.500000e+000
      vertex   -3.338760e+001 2.212925e+001 1.500000e+000
    endloop
  endfacet
  facet normal 0.000000e+000 0.000000e+000 -7.456428e-001
    outer loop
      vertex   -3.680314e+001 1.712062e+001 1.500000e+000
      vertex   -3.049771e+001 1.712062e+001 1.500000e+000
      vertex   -3.075811e+001 1.666862e+001 1.500000e+000
    endloop
  endfacet
  facet normal 0.000000e+000 0.000000e+000 -7.492716e-001
    outer loop
      vertex   -3.654274e+001 1.666862e+001 1.500000e+000
      vertex   -3.075811e+001 1.666862e+001 1.500000e+000
      vertex   -3.108562e+001 1.625858e+001 1.500000e+000
    endloop
  endfacet
  facet normal 0.000000e+000 0.000000e+000 -8.268605e+000
    outer loop
      vertex   -3.680314e+001 1.712062e+001 1.500000e+000
      vertex   -3.075811e+001 1.666862e+001 1.500000e+000
      vertex   -3.654274e+001 1.666862e+001 1.500000e+000
    endloop
  endfacet
  facet normal 0.000000e+000 0.000000e+000 -7.450510e-001
    outer loop
      vertex   -3.621523e+001 1.625858e+001 1.500000e+000
      vertex   -3.108562e+001 1.625858e+001 1.500000e+000
      vertex   -3.146736e+001 1.590385e+001 1.500000e+000
    endloop
  endfacet
  facet normal 0.000000e+000 0.000000e+000 -7.323945e+000
    outer loop
      vertex   -3.654274e+001 1.666862e+001 1.500000e+000
      vertex   -3.108562e+001 1.625858e+001 1.500000e+000
      vertex   -3.621523e+001 1.625858e+001 1.500000e+000
    endloop
  endfacet
  facet normal 0.000000e+000 0.000000e+000 -7.498172e-001
    outer loop
      vertex   -3.583349e+001 1.590385e+001 1.500000e+000
      vertex   -3.146736e+001 1.590385e+001 1.500000e+000
      vertex   -3.190152e+001 1.560820e+001 1.500000e+000
    endloop
  endfacet
  facet normal 0.000000e+000 0.000000e+000 -6.242407e+000
    outer loop
      vertex   -3.621523e+001 1.625858e+001 1.500000e+000
      vertex   -3.146736e+001 1.590385e+001 1.500000e+000
      vertex   -3.583349e+001 1.590385e+001 1.500000e+000
    endloop
  endfacet
  facet normal 0.000000e+000 0.000000e+000 -7.446609e-001
    outer loop
      vertex   -3.539933e+001 1.560820e+001 1.500000e+000
      vertex   -3.190152e+001 1.560820e+001 1.500000e+000
      vertex   -3.237059e+001 1.538203e+001 1.500000e+000
    endloop
  endfacet
  facet normal 0.000000e+000 0.000000e+000 -4.993124e+000
    outer loop
      vertex   -3.583349e+001 1.590385e+001 1.500000e+000
      vertex   -3.190152e+001 1.560820e+001 1.500000e+000
      vertex   -3.539933e+001 1.560820e+001 1.500000e+000
    endloop
  endfacet
  facet normal 0.000000e+000 0.000000e+000 -7.501408e-001
    outer loop
      vertex   -3.493025e+001 1.538203e+001 1.500000e+000
      vertex   -3.237059e+001 1.538203e+001 1.500000e+000
      vertex   -3.287284e+001 1.522726e+001 1.500000e+000
    endloop
  endfacet
  facet normal 0.000000e+000 0.000000e+000 -3.660222e+000
    outer loop
      vertex   -3.539933e+001 1.560820e+001 1.500000e+000
      vertex   -3.237059e+001 1.538203e+001 1.500000e+000
      vertex   -3.493025e+001 1.538203e+001 1.500000e+000
    endloop
  endfacet
  facet normal 0.000000e+000 0.000000e+000 -7.444665e-001
    outer loop
      vertex   -3.442800e+001 1.522726e+001 1.500000e+000
      vertex   -3.287284e+001 1.522726e+001 1.500000e+000
      vertex   -3.338760e+001 1.514959e+001 1.500000e+000
    endloop
  endfacet
  facet normal 0.000000e+000 0.000000e+000 -2.219706e+000
    outer loop
      vertex   -3.493025e+001 1.538203e+001 1.500000e+000
      vertex   -3.287284e+001 1.522726e+001 1.500000e+000
      vertex   -3.442800e+001 1.522726e+001 1.500000e+000
    endloop
  endfacet
  facet normal 0.000000e+000 0.000000e+000 -7.517298e-001
    outer loop
      vertex   -3.442800e+001 1.522726e+001 1.500000e+000
      vertex   -3.338760e+001 1.514959e+001 1.500000e+000
      vertex   -3.391325e+001 1.514959e+001 1.500000e+000
    endloop
  endfacet
  facet normal 0.000000e+000 0.000000e+000 -1.051142e+000
    outer loop
      vertex   -2.887552e+001 1.974441e+001 2.500000e+000
      vertex   -2.887552e+001 1.753443e+001 2.500000e+000
      vertex   -2.907937e+001 1.781586e+001 2.500000e+000
    endloop
  endfacet
  facet normal 0.000000e+000 0.000000e+000 -6.710242e+000
    outer loop
      vertex   -2.862043e+001 1.997315e+001 2.500000e+000
      vertex   -2.887552e+001 1.753443e+001 2.500000e+000
      vertex   -2.887552e+001 1.974441e+001 2.500000e+000
    endloop
  endfacet
  facet normal 0.000000e+000 0.000000e+000 -1.039012e+000
    outer loop
      vertex   -2.907937e+001 1.946298e+001 2.500000e+000
      vertex   -2.907937e+001 1.781586e+001 2.500000e+000
      vertex   -2.921882e+001 1.812813e+001 2.500000e+000
    endloop
  endfacet
  facet normal 0.000000e+000 0.000000e+000 -4.982337e+000
    outer loop
      vertex   -2.887552e+001 1.974441e+001 2.500000e+000
      vertex   -2.907937e+001 1.781586e+001 2.500000e+000
      vertex   -2.907937e+001 1.946298e+001 2.500000e+000
    endloop
  endfacet
  facet normal 0.000000e+000 0.000000e+000 -1.052160e+000
    outer loop
      vertex   -2.921882e+001 1.915071e+001 2.500000e+000
      vertex   -2.921882e+001 1.812813e+001 2.500000e+000
      vertex   -2.929099e+001 1.846853e+001 2.500000e+000
    endloop
  endfacet
  facet normal 0.000000e+000 0.000000e+000 -3.106788e+000
    outer loop
      vertex   -2.907937e+001 1.946298e+001 2.500000e+000
      vertex   -2.921882e+001 1.812813e+001 2.500000e+000
      vertex   -2.921882e+001 1.915071e+001 2.500000e+000
    endloop
  endfacet
  facet normal 0.000000e+000 0.000000e+000 -1.033411e+000
    outer loop
      vertex   -2.921882e+001 1.915071e+001 2.500000e+000
      vertex   -2.929099e+001 1.846853e+001 2.500000e+000
      vertex   -2.929099e+001 1.881031e+001 2.500000e+000
    endloop
  endfacet
  facet normal 0.000000e+000 0.000000e+000 -1.051140e+000
    outer loop
      vertex   -2.042533e+001 1.753443e+001 2.500000e+000
      vertex   -2.042533e+001 1.974441e+001 2.500000e+000
      vertex   -2.022148e+001 1.946298e+001 2.500000e+000
    endloop
  endfacet
  facet normal 0.000000e+000 0.000000e+000 -6.710246e+000
    outer loop
      vertex   -2.068041e+001 1.730570e+001 2.500000e+000
      vertex   -2.042533e+001 1.974441e+001 2.500000e+000
      vertex   -2.042533e+001 1.753443e+001 2.500000e+000
    endloop
  endfacet
  facet normal 0.000000e+000 0.000000e+000 -1.039010e+000
    outer loop
      vertex   -2.022148e+001 1.781586e+001 2.500000e+000
      vertex   -2.022148e+001 1.946298e+001 2.500000e+000
      vertex   -2.008203e+001 1.915071e+001 2.500000e+000
    endloop
  endfacet
  facet normal 0.000000e+000 0.000000e+000 -4.982333e+000
    outer loop
      vertex   -2.042533e+001 1.753443e+001 2.500000e+000
      vertex   -2.022148e+001 1.946298e+001 2.500000e+000
      vertex   -2.022148e+001 1.781586e+001 2.500000e+000
    endloop
  endfacet
  facet normal 0.000000e+000 0.000000e+000 -1.052152e+000
    outer loop
      vertex   -2.008203e+001 1.812813e+001 2.500000e+000
      vertex   -2.008203e+001 1.915071e+001 2.500000e+000
      vertex   -2.000985e+001 1.881031e+001 2.500000e+000
    endloop
  endfacet
  facet normal 0.000000e+000 0.000000e+000 -3.106783e+000
    outer loop
      vertex   -2.022148e+001 1.781586e+001 2.500000e+000
      vertex   -2.008203e+001 1.915071e+001 2.500000e+000
      vertex   -2.008203e+001 1.812813e+001 2.500000e+000
    endloop
  endfacet
  facet normal 0.000000e+000 0.000000e+000 -1.033403e+000
    outer loop
      vertex   -2.008203e+001 1.812813e+001 2.500000e+000
      vertex   -2.000985e+001 1.881031e+001 2.500000e+000
      vertex   -2.000985e+001 1.846853e+001 2.500000e+000
    endloop
  endfacet
endsolid
